"day","form","Study ID","Q1","Q1.1","Q2","Q2/joyful_happy","Q2/thrilled_enthusiastic","Q2/calm_relaxed","Q2/accomplished_productive","Q2/upset_angry","Q2/exhausted_tired","Q2/bored_lethargic","Q2/irritated_frustrated","...15","Q3","Q4","Q5","Q6","Q7","Q8","Q9","Q10","Q11","Q12","Q13","Q14","PP","PP-F","WB","WB-F","Total","Total-F"
1,1,"P001",-6,0,"bored_lethargic",0,0,0,0,0,0,1,0,2,4,5,5,3,4,5,5,4,6,1,"other",-6,4.2,4,5,5,3.22222222222222,3
2,2,"P001",2,4,"calm_relaxed",0,0,1,0,0,0,0,0,1,1,1,1,0,0,5,5,5,6,0,NA,NA,0.6,1,5.25,5,5.33333333333333,5
3,1,"P001",-1,2.5,"exhausted_tired",0,0,0,0,0,1,0,0,2,4,4,4,3,4,3,4,4,3,0,NA,NA,3.8,4,3.5,4,2.77777777777778,3
6,1,"P001",-2,2,"exhausted_tired",0,0,0,0,0,1,0,0,2,3,3,4,0,3,3,4,4,3,0,NA,NA,2.6,3,3.5,4,3.44444444444444,3
7,1,"P001",1,3.5,"joyful_happy",1,0,0,0,0,0,0,0,0,0,0,0,0,0,3,0,0,0,0,NA,NA,0,0,0.75,1,3.66666666666667,4
8,1,"P001",3,4.5,"calm_relaxed",0,0,1,0,0,0,0,0,0,0,0,0,0,1,3,0,0,0,0,NA,NA,0.2,0,0.75,1,3.55555555555556,4
9,2,"P001",2,4,"exhausted_tired",0,0,0,0,0,1,0,0,3,5,5,1,0,0,1,3,3,3,0,NA,NA,2.2,2,2.5,3,3.22222222222222,3
10,2,"P001",-1,2.5,"irritated_frustrated",0,0,0,0,0,0,0,1,2,3,4,4,0,4,3,3,3,3,0,NA,NA,3,3,3,3,3,3
11,2,"P001",2,4,"calm_relaxed",0,0,1,0,0,0,0,0,0,0,0,0,0,4,3,3,3,3,0,NA,NA,0.8,1,3,3,4.22222222222222,4
12,1,"P001",-1,2.5,"upset_angry",0,0,0,0,1,0,0,0,3,5,5,5,0,5,3,3,3,3,0,NA,NA,4,4,3,3,2.44444444444444,2
13,1,"P001",1,3.5,"calm_relaxed",0,0,1,0,0,0,0,0,2,4,4,0,0,0,3,3,3,3,0,NA,NA,1.6,2,3,3,3.77777777777778,4
14,2,"P001",1,3.5,"calm_relaxed",0,0,1,0,0,0,0,0,1,1,0,0,0,0,3,3,3,3,0,NA,NA,0.2,0,3,3,4.55555555555556,5
15,2,"P001",1,3.5,"calm_relaxed",0,0,1,0,0,0,0,0,0,0,0,0,0,0,3,3,3,3,0,NA,NA,0,0,3,3,4.66666666666667,5
16,2,"P001",1,3.5,"calm_relaxed",0,0,1,0,0,0,0,0,0,0,0,0,0,0,3,3,3,3,0,NA,NA,0,0,3,3,4.66666666666667,5
17,1,"P001",2,4,"calm_relaxed",0,0,1,0,0,0,0,0,0,0,0,0,0,0,3,3,3,3,0,NA,NA,0,0,3,3,4.66666666666667,5
18,2,"P001",4,5,"calm_relaxed",0,0,1,0,0,0,0,0,0,0,0,0,0,0,3,3,3,3,0,NA,NA,0,0,3,3,4.66666666666667,5
19,2,"P001",1,3.5,"calm_relaxed",0,0,1,0,0,0,0,0,0,0,0,0,0,0,3,3,3,3,0,NA,NA,0,0,3,3,4.66666666666667,5
20,2,"P001",2,4,"calm_relaxed",0,0,1,0,0,0,0,0,0,0,0,0,0,0,3,3,3,3,0,NA,NA,0,0,3,3,4.66666666666667,5
21,2,"P001",0,3,"calm_relaxed",0,0,1,0,0,0,0,0,0,0,0,0,0,0,3,3,3,3,0,NA,NA,0,0,3,3,4.66666666666667,5
22,1,"P001",0,3,"thrilled_enthusiastic calm_relaxed",0,1,1,0,0,0,0,0,0,0,0,0,0,0,3,3,3,3,0,NA,NA,0,0,3,3,4.66666666666667,5
23,2,"P001",1,3.5,"upset_angry",0,0,0,0,1,0,0,0,0,0,0,0,0,0,3,3,3,3,0,NA,NA,0,0,3,3,4.66666666666667,5
24,1,"P001",0,3,"calm_relaxed",0,0,1,0,0,0,0,0,0,0,0,0,0,0,3,3,3,3,0,NA,NA,0,0,3,3,4.66666666666667,5
25,1,"P001",-1,2.5,"upset_angry",0,0,0,0,1,0,0,0,0,0,0,0,0,0,3,3,3,3,0,NA,NA,0,0,3,3,4.66666666666667,5
26,2,"P001",1,3.5,"joyful_happy",1,0,0,0,0,0,0,0,0,0,0,0,0,0,3,3,3,3,0,NA,NA,0,0,3,3,4.66666666666667,5
27,1,"P001",0,3,"accomplished_productive bored_lethargic",0,0,0,1,0,0,1,0,0,0,0,0,0,0,3,3,3,3,0,NA,NA,0,0,3,3,4.66666666666667,5
28,1,"P001",0,3,"upset_angry",0,0,0,0,1,0,0,0,0,0,0,0,0,0,3,3,3,3,0,NA,NA,0,0,3,3,4.66666666666667,5
29,2,"P001",0,3,"calm_relaxed exhausted_tired",0,0,1,0,0,1,0,0,0,0,0,0,0,0,3,3,3,3,0,NA,NA,0,0,3,3,4.66666666666667,5
30,1,"P001",0,3,"calm_relaxed exhausted_tired",0,0,1,0,0,1,0,0,0,0,0,0,0,0,3,3,3,3,0,NA,NA,0,0,3,3,4.66666666666667,5
1,1,"P002",5,5.5,"joyful_happy thrilled_enthusiastic calm_relaxed accomplished_productive",1,1,1,1,0,0,0,0,0,0,0,0,3,0,4,5,5,5,0,NA,NA,0.6,1,4.75,5,5.11111111111111,5
2,2,"P002",4,5,"joyful_happy calm_relaxed",1,0,1,0,0,0,0,0,0,0,1,0,0,0,4,4,4,5,0,NA,NA,0.2,0,4.25,4,5.11111111111111,5
3,1,"P002",4,5,"joyful_happy calm_relaxed irritated_frustrated",1,0,1,0,0,0,0,1,0,0,1,2,0,1,4,4,5,3,0,NA,NA,0.8,1,4,4,4.66666666666667,5
4,1,"P002",3,4.5,"calm_relaxed",0,0,1,0,0,0,0,0,0,0,0,0,0,0,5,5,6,5,0,NA,NA,0,0,5.25,5,5.66666666666667,6
5,2,"P002",4,5,"calm_relaxed accomplished_productive",0,0,1,1,0,0,0,0,0,0,0,0,0,0,5,5,6,6,0,NA,NA,0,0,5.5,6,5.77777777777778,6
6,1,"P002",4,5,"joyful_happy calm_relaxed accomplished_productive",1,0,1,1,0,0,0,0,0,0,0,0,0,0,6,6,6,6,0,NA,NA,0,0,6,6,6,6
7,1,"P002",2,4,"accomplished_productive upset_angry exhausted_tired",0,0,0,1,1,1,0,0,1,1,1,1,0,0,6,6,6,6,0,NA,NA,0.6,1,6,6,5.66666666666667,6
8,2,"P002",5,5.5,"joyful_happy calm_relaxed",1,0,1,0,0,0,0,0,0,0,0,0,0,0,6,6,6,6,0,NA,NA,0,0,6,6,6,6
9,2,"P002",4,5,"joyful_happy thrilled_enthusiastic calm_relaxed accomplished_productive",1,1,1,1,0,0,0,0,0,0,0,0,0,0,6,6,6,6,0,NA,NA,0,0,6,6,6,6
10,1,"P002",6,6,"joyful_happy calm_relaxed accomplished_productive",1,0,1,1,0,0,0,0,0,0,0,0,0,0,6,6,6,6,0,NA,NA,0,0,6,6,6,6
11,1,"P002",6,6,"joyful_happy thrilled_enthusiastic calm_relaxed",1,1,1,0,0,0,0,0,0,0,0,0,0,0,6,6,6,6,0,NA,NA,0,0,6,6,6,6
12,2,"P002",6,6,"joyful_happy thrilled_enthusiastic calm_relaxed accomplished_productive",1,1,1,1,0,0,0,0,0,0,0,0,0,0,6,6,6,6,0,NA,NA,0,0,6,6,6,6
13,1,"P002",6,6,"joyful_happy thrilled_enthusiastic calm_relaxed exhausted_tired",1,1,1,0,0,1,0,0,0,0,0,0,0,0,6,6,6,6,0,NA,NA,0,0,6,6,6,6
14,1,"P002",6,6,"joyful_happy thrilled_enthusiastic calm_relaxed accomplished_productive",1,1,1,1,0,0,0,0,0,0,0,0,0,0,6,6,6,6,0,NA,NA,0,0,6,6,6,6
15,2,"P002",6,6,"joyful_happy calm_relaxed accomplished_productive",1,0,1,1,0,0,0,0,0,0,0,0,0,0,6,6,6,6,0,NA,NA,0,0,6,6,6,6
16,2,"P002",6,6,"joyful_happy calm_relaxed accomplished_productive",1,0,1,1,0,0,0,0,0,0,0,0,0,0,6,6,6,6,0,NA,NA,0,0,6,6,6,6
17,2,"P002",6,6,"joyful_happy calm_relaxed accomplished_productive",1,0,1,1,0,0,0,0,0,0,0,0,0,0,6,6,6,6,0,NA,NA,0,0,6,6,6,6
18,1,"P002",6,6,"joyful_happy calm_relaxed accomplished_productive",1,0,1,1,0,0,0,0,0,0,0,0,0,0,6,6,6,6,0,NA,NA,0,0,6,6,6,6
19,1,"P002",6,6,"joyful_happy calm_relaxed accomplished_productive",1,0,1,1,0,0,0,0,0,0,0,0,0,0,6,6,6,6,0,NA,NA,0,0,6,6,6,6
20,1,"P002",6,6,"joyful_happy calm_relaxed accomplished_productive",1,0,1,1,0,0,0,0,0,0,0,0,0,0,6,6,6,6,0,NA,NA,0,0,6,6,6,6
21,1,"P002",6,6,"joyful_happy calm_relaxed accomplished_productive",1,0,1,1,0,0,0,0,0,0,0,0,0,0,6,6,6,6,0,NA,NA,0,0,6,6,6,6
22,2,"P002",6,6,"joyful_happy thrilled_enthusiastic calm_relaxed accomplished_productive",1,1,1,1,0,0,0,0,0,0,0,0,0,0,6,6,6,6,0,NA,NA,0,0,6,6,6,6
23,1,"P002",6,6,"joyful_happy calm_relaxed accomplished_productive",1,0,1,1,0,0,0,0,0,0,0,0,0,0,6,6,6,6,0,NA,NA,0,0,6,6,6,6
24,1,"P002",6,6,"joyful_happy thrilled_enthusiastic calm_relaxed accomplished_productive",1,1,1,1,0,0,0,0,0,0,0,0,0,0,6,6,6,6,0,NA,NA,0,0,6,6,6,6
25,1,"P002",6,6,"joyful_happy calm_relaxed",1,0,1,0,0,0,0,0,0,0,0,0,0,0,6,6,6,6,0,NA,NA,0,0,6,6,6,6
26,2,"P002",6,6,"calm_relaxed accomplished_productive",0,0,1,1,0,0,0,0,0,0,0,0,0,0,6,6,6,6,0,NA,NA,0,0,6,6,6,6
27,1,"P002",6,6,"calm_relaxed accomplished_productive exhausted_tired",0,0,1,1,0,1,0,0,0,0,0,0,0,0,6,6,6,6,0,NA,NA,0,0,6,6,6,6
28,2,"P002",6,6,"calm_relaxed",0,0,1,0,0,0,0,0,1,1,1,0,0,0,6,6,6,6,0,NA,NA,0.4,0,6,6,5.77777777777778,6
29,2,"P002",6,6,"calm_relaxed accomplished_productive exhausted_tired",0,0,1,1,0,1,0,0,0,0,0,0,0,0,6,5,5,6,0,NA,NA,0,0,5.5,6,5.77777777777778,6
30,1,"P002",6,6,"calm_relaxed accomplished_productive",0,0,1,1,0,0,0,0,0,0,0,0,0,0,6,6,6,6,0,NA,NA,0,0,6,6,6,6
1,1,"P003",-3,1.5,"irritated_frustrated",0,0,0,0,0,0,0,1,2,4,4,1,0,0,0,0,0,2,1,"home",-4,1.8,2,0.5,1,2.55555555555556,3
2,1,"P003",3,4.5,"calm_relaxed",0,0,1,0,0,0,0,0,0,0,0,0,0,0,2,0,6,6,0,NA,NA,0,0,3.5,4,4.88888888888889,5
3,1,"P003",-1,2.5,"exhausted_tired",0,0,0,0,0,1,0,0,3,5,6,4,1,0,3,4,1,0,0,NA,NA,3.2,3,2,2,2.44444444444444,2
4,2,"P003",2,4,"accomplished_productive",0,0,0,1,0,0,0,0,2,4,4,0,0,0,4,4,4,4,0,NA,NA,1.6,2,4,4,4.22222222222222,4
5,2,"P003",2,4,"thrilled_enthusiastic accomplished_productive",0,1,0,1,0,0,0,0,1,2,1,0,0,0,6,4,6,4,0,NA,NA,0.6,1,5,5,5.22222222222222,5
6,2,"P003",-4,1,"accomplished_productive exhausted_tired irritated_frustrated",0,0,0,1,0,1,0,1,3,6,6,3,0,0,3,6,6,0,1,"other",-1,3,3,3.75,4,3.33333333333333,3
7,1,"P003",0,3,"exhausted_tired bored_lethargic irritated_frustrated",0,0,0,0,0,1,1,1,3,5,6,2,0,0,6,1,1,2,0,NA,NA,2.6,3,2.5,3,3,3
8,2,"P003",3,4.5,"calm_relaxed accomplished_productive exhausted_tired",0,0,1,1,0,1,0,0,1,1,1,0,0,0,4,6,6,4,0,NA,NA,0.4,0,5,5,5.33333333333333,5
9,1,"P003",4,5,"thrilled_enthusiastic accomplished_productive exhausted_tired",0,1,0,1,0,1,0,0,1,1,5,0,0,0,3,6,6,3,0,NA,NA,1.2,1,4.5,5,4.66666666666667,5
10,2,"P003",4,5,"calm_relaxed",0,0,1,0,0,0,0,0,2,3,1,0,1,0,0,4,4,3,0,NA,NA,1,1,2.75,3,4,4
11,2,"P003",-3,1.5,"accomplished_productive exhausted_tired irritated_frustrated",0,0,0,1,0,1,0,1,1,2,1,1,0,0,5,2,3,0,1,"work",-4,0.8,1,2.5,3,4,4
12,1,"P003",3,4.5,"calm_relaxed",0,0,1,0,0,0,0,0,0,0,0,0,0,0,3,0,3,3,0,NA,NA,0,0,2.25,2,4.33333333333333,4
13,1,"P003",1,3.5,"upset_angry exhausted_tired bored_lethargic irritated_frustrated",0,0,0,0,1,1,1,1,2,3,3,1,0,0,3,2,2,0,0,NA,NA,1.4,1,1.75,2,3.33333333333333,3
14,2,"P003",3,4.5,"calm_relaxed exhausted_tired",0,0,1,0,0,1,0,0,2,4,5,2,0,0,3,2,6,3,1,"work",-3,2.2,2,3.5,4,3.66666666666667,4
15,1,"P003",-4,1,"upset_angry exhausted_tired irritated_frustrated",0,0,0,0,1,1,0,1,2,4,6,5,3,2,0,0,0,4,1,"work",-6,4,4,1,1,1.55555555555556,2
16,1,"P003",1,3.5,"calm_relaxed exhausted_tired bored_lethargic",0,0,1,0,0,1,1,0,2,3,3,5,0,4,2,0,0,3,0,NA,NA,3,3,1.25,1,2.22222222222222,2
17,2,"P003",-5,0.5,"upset_angry exhausted_tired bored_lethargic irritated_frustrated",0,0,0,0,1,1,1,1,2,4,6,4,2,3,3,2,0,0,1,"other",-6,3.8,4,1.25,1,1.77777777777778,2
18,2,"P003",2,4,"calm_relaxed exhausted_tired irritated_frustrated",0,0,1,0,0,1,0,1,1,1,5,0,0,0,3,0,0,0,1,"other",-2,1.2,1,0.75,1,3,3
19,2,"P003",5,5.5,"joyful_happy thrilled_enthusiastic accomplished_productive exhausted_tired",1,1,0,1,0,1,0,0,1,1,1,0,0,0,6,4,6,6,1,"friends",6,0.4,0,5.5,6,5.55555555555556,6
20,2,"P003",-2,2,"accomplished_productive exhausted_tired irritated_frustrated",0,0,0,1,0,1,0,1,2,3,2,0,2,0,3,4,4,2,1,"work",-2,1.4,1,3.25,3,4,4
21,1,"P003",2,4,"calm_relaxed exhausted_tired irritated_frustrated",0,0,1,0,0,1,0,1,1,1,3,0,2,2,0,0,0,5,1,"other",0,1.6,2,1.25,1,3,3
22,2,"P003",0,3,"exhausted_tired bored_lethargic irritated_frustrated",0,0,0,0,0,1,1,1,1,2,2,1,6,0,6,6,6,0,1,"work",5,2.2,2,4.5,5,4.11111111111111,4
23,1,"P003",6,6,"joyful_happy calm_relaxed",1,0,1,0,0,0,0,0,1,1,0,0,0,0,3,0,6,6,0,NA,NA,0.2,0,3.75,4,4.88888888888889,5
24,2,"P003",-3,1.5,"accomplished_productive upset_angry exhausted_tired bored_lethargic irritated_frustrated",0,0,0,1,1,1,1,1,2,4,5,5,6,3,0,6,6,2,1,"other",-3,4.6,5,3.5,4,2.33333333333333,2
25,1,"P003",4,5,"accomplished_productive",0,0,0,1,0,0,0,0,1,1,1,0,0,0,6,6,6,6,0,NA,NA,0.4,0,6,6,5.77777777777778,6
26,1,"P003",4,5,"calm_relaxed accomplished_productive",0,0,1,1,0,0,0,0,1,1,1,1,2,0,6,4,6,4,1,"friends",5,1,1,5,5,5,5
27,1,"P003",-6,0,"upset_angry exhausted_tired bored_lethargic irritated_frustrated",0,0,0,0,1,1,1,1,3,6,3,6,3,6,0,0,0,0,1,"friends",-6,4.8,5,0,0,0.666666666666667,1
28,2,"P003",-6,0,"upset_angry exhausted_tired bored_lethargic irritated_frustrated",0,0,0,0,1,1,1,1,3,6,6,6,6,6,0,0,0,0,1,"work",-6,6,6,0,0,0,0
29,1,"P003",2,4,"exhausted_tired irritated_frustrated",0,0,0,0,0,1,0,1,0,0,2,2,0,0,3,4,4,6,0,NA,NA,0.8,1,4.25,4,4.77777777777778,5
30,2,"P003",1,3.5,"calm_relaxed exhausted_tired irritated_frustrated",0,0,1,0,0,1,0,1,0,0,3,1,0,0,0,3,2,3,1,"home",0,0.8,1,2,2,3.77777777777778,4
1,2,"P004",-3,1.5,"exhausted_tired",0,0,0,0,0,1,0,0,1,2,3,1,0,0,2,3,3,2,0,NA,NA,1.2,1,2.5,3,3.77777777777778,4
2,1,"P004",3,4.5,"calm_relaxed",0,0,1,0,0,0,0,0,0,0,1,1,1,0,4,3,3,3,0,NA,NA,0.6,1,3.25,3,4.44444444444444,4
3,1,"P004",6,6,"joyful_happy",1,0,0,0,0,0,0,0,0,0,0,0,0,0,6,4,6,6,0,NA,NA,0,0,5.5,6,5.77777777777778,6
4,2,"P004",3,4.5,"calm_relaxed",0,0,1,0,0,0,0,0,0,0,0,1,4,0,5,4,5,5,0,NA,NA,1,1,4.75,5,4.88888888888889,5
5,2,"P004",-5,0.5,"upset_angry",0,0,0,0,1,0,0,0,3,6,6,6,5,5,0,0,0,0,1,"work",-5,5.6,6,0,0,0.222222222222222,0
6,2,"P004",3,4.5,"calm_relaxed",0,0,1,0,0,0,0,0,1,1,1,1,6,2,3,3,3,4,0,NA,NA,2.2,2,3.25,3,3.55555555555556,4
7,1,"P004",4,5,"calm_relaxed",0,0,1,0,0,0,0,0,1,1,2,1,6,0,5,4,5,5,0,NA,NA,2,2,4.75,5,4.33333333333333,4
8,1,"P004",4,5,"calm_relaxed",0,0,1,0,0,0,0,0,0,0,0,0,0,0,0,3,3,3,0,NA,NA,0,0,2.25,2,4.33333333333333,4
9,1,"P004",-2,2,"bored_lethargic",0,0,0,0,0,0,1,0,0,0,0,0,0,3,0,0,0,0,1,"other",-5,0.6,1,0,0,3,3
10,1,"P004",5,5.5,"joyful_happy",1,0,0,0,0,0,0,0,1,1,4,0,0,0,5,4,5,5,0,NA,NA,1,1,4.75,5,4.88888888888889,5
11,2,"P004",5,5.5,"joyful_happy",1,0,0,0,0,0,0,0,0,0,0,0,0,0,6,6,6,6,0,NA,NA,0,0,6,6,6,6
12,1,"P004",2,4,"bored_lethargic",0,0,0,0,0,0,1,0,1,2,3,0,0,0,4,4,4,3,1,"work",2,1,1,3.75,4,4.44444444444444,4
13,2,"P004",4,5,"calm_relaxed",0,0,1,0,0,0,0,0,0,0,0,0,0,0,3,3,3,3,0,NA,NA,0,0,3,3,4.66666666666667,5
14,2,"P004",-2,2,"irritated_frustrated",0,0,0,0,0,0,0,1,2,3,3,3,2,3,4,2,2,1,1,"work",-3,2.8,3,2.25,2,2.77777777777778,3
15,1,"P004",-6,0,"joyful_happy upset_angry",1,0,0,0,1,0,0,0,3,6,6,6,6,6,0,0,0,0,1,"home",-6,6,6,0,0,0,0
16,2,"P004",2,4,"calm_relaxed",0,0,1,0,0,0,0,0,1,1,0,1,2,3,0,3,3,3,0,NA,NA,1.4,1,2.25,2,3.55555555555556,4
17,1,"P004",-3,1.5,"irritated_frustrated",0,0,0,0,0,0,0,1,1,2,3,3,3,3,0,2,2,3,1,"home",-4,2.8,3,1.75,2,2.55555555555556,3
18,1,"P004",2,4,"exhausted_tired",0,0,0,0,0,1,0,0,1,1,1,1,6,6,2,2,2,2,1,"home",-4,3,3,2,2,2.55555555555556,3
19,2,"P004",-4,1,"upset_angry",0,0,0,0,1,0,0,0,3,5,5,5,6,5,1,1,1,0,1,"friends",-6,5.2,5,0.75,1,0.777777777777778,1
20,2,"P004",4,5,"joyful_happy",1,0,0,0,0,0,0,0,0,0,0,0,0,0,6,6,6,6,0,NA,NA,0,0,6,6,6,6
21,2,"P004",6,6,"joyful_happy",1,0,0,0,0,0,0,0,0,0,0,0,0,0,6,6,6,6,0,NA,NA,0,0,6,6,6,6
22,2,"P004",5,5.5,"joyful_happy",1,0,0,0,0,0,0,0,0,0,0,0,0,0,6,6,6,6,0,NA,NA,0,0,6,6,6,6
23,1,"P004",4,5,"calm_relaxed",0,0,1,0,0,0,0,0,0,0,0,0,0,0,3,3,3,3,0,NA,NA,0,0,3,3,4.66666666666667,5
24,2,"P004",3,4.5,"calm_relaxed",0,0,1,0,0,0,0,0,0,0,0,0,0,0,3,3,3,3,0,NA,NA,0,0,3,3,4.66666666666667,5
25,1,"P004",4,5,"calm_relaxed",0,0,1,0,0,0,0,0,0,0,0,0,0,0,3,3,3,3,0,NA,NA,0,0,3,3,4.66666666666667,5
26,2,"P004",5,5.5,"calm_relaxed",0,0,1,0,0,0,0,0,0,0,0,0,0,0,3,3,3,3,0,NA,NA,0,0,3,3,4.66666666666667,5
27,2,"P004",5,5.5,"exhausted_tired",0,0,0,0,0,1,0,0,0,0,0,0,0,0,4,3,3,3,0,NA,NA,0,0,3.25,3,4.77777777777778,5
28,2,"P004",-6,0,"exhausted_tired",0,0,0,0,0,1,0,0,3,6,6,6,6,6,6,6,6,6,1,"other",-5,6,6,6,6,2.66666666666667,3
29,1,"P004",6,6,"calm_relaxed",0,0,1,0,0,0,0,0,0,0,0,0,0,0,3,3,3,3,0,NA,NA,0,0,3,3,4.66666666666667,5
30,2,"P004",5,5.5,"calm_relaxed",0,0,1,0,0,0,0,0,0,0,0,0,0,0,3,3,3,3,0,NA,NA,0,0,3,3,4.66666666666667,5
1,2,"P005",5,5.5,"calm_relaxed",0,0,1,0,0,0,0,0,1,2,2,1,5,1,3,3,4,3,0,NA,NA,2.2,2,3.25,3,3.55555555555556,4
2,2,"P005",6,6,"joyful_happy",1,0,0,0,0,0,0,0,0,0,0,0,0,0,1,3,6,5,1,"home",5,0,0,3.75,4,5,5
3,1,"P005",5,5.5,"calm_relaxed",0,0,1,0,0,0,0,0,1,1,1,1,1,1,5,4,4,5,1,"home",4,1,1,4.5,5,4.77777777777778,5
4,1,"P005",3,4.5,"exhausted_tired",0,0,0,0,0,1,0,0,2,3,3,3,3,3,3,3,3,3,1,"work",3,3,3,3,3,3,3
5,2,"P005",5,5.5,"calm_relaxed",0,0,1,0,0,0,0,0,1,1,0,0,0,0,3,5,3,3,1,"friends",5,0.2,0,3.5,4,4.77777777777778,5
6,2,"P005",6,6,"joyful_happy",1,0,0,0,0,0,0,0,0,0,0,0,0,0,3,6,6,6,1,"friends",6,0,0,5.25,5,5.66666666666667,6
7,2,"P005",6,6,"joyful_happy",1,0,0,0,0,0,0,0,0,0,0,0,0,0,3,6,6,6,1,"friends",6,0,0,5.25,5,5.66666666666667,6
9,1,"P005",6,6,"joyful_happy",1,0,0,0,0,0,0,0,0,0,0,0,0,0,3,3,3,6,1,"friends",6,0,0,3.75,4,5,5
10,1,"P005",-5,0.5,"exhausted_tired",0,0,0,0,0,1,0,0,2,3,2,2,3,4,3,3,4,3,0,NA,NA,2.8,3,3.25,3,3.22222222222222,3
11,1,"P005",6,6,"joyful_happy",1,0,0,0,0,0,0,0,0,0,0,0,2,0,3,3,3,3,0,NA,NA,0.4,0,3,3,4.44444444444444,4
12,2,"P005",6,6,"joyful_happy",1,0,0,0,0,0,0,0,0,0,0,0,0,0,3,6,3,3,0,NA,NA,0,0,3.75,4,5,5
13,2,"P005",5,5.5,"calm_relaxed",0,0,1,0,0,0,0,0,0,0,0,0,0,0,3,3,5,4,0,NA,NA,0,0,3.75,4,5,5
14,1,"P005",5,5.5,"calm_relaxed",0,0,1,0,0,0,0,0,0,0,0,0,0,0,3,3,3,3,0,NA,NA,0,0,3,3,4.66666666666667,5
15,2,"P005",6,6,"joyful_happy",1,0,0,0,0,0,0,0,0,0,0,0,0,0,4,6,6,6,0,NA,NA,0,0,5.5,6,5.77777777777778,6
16,1,"P005",4,5,"bored_lethargic",0,0,0,0,0,0,1,0,0,0,0,0,3,0,3,3,3,3,1,"home",3,0.6,1,3,3,4.33333333333333,4
17,1,"P005",3,4.5,"upset_angry",0,0,0,0,1,0,0,0,1,1,1,1,0,1,3,3,3,3,1,"home",4,0.8,1,3,3,4.22222222222222,4
18,2,"P005",5,5.5,"calm_relaxed",0,0,1,0,0,0,0,0,0,0,0,0,0,0,0,3,3,3,0,NA,NA,0,0,2.25,2,4.33333333333333,4
19,1,"P005",6,6,"joyful_happy",1,0,0,0,0,0,0,0,0,0,0,0,0,0,3,6,6,6,0,NA,NA,0,0,5.25,5,5.66666666666667,6
20,2,"P005",5,5.5,"calm_relaxed",0,0,1,0,0,0,0,0,0,0,0,0,0,0,3,3,3,5,0,NA,NA,0,0,3.5,4,4.88888888888889,5
21,1,"P005",2,4,"joyful_happy",1,0,0,0,0,0,0,0,0,0,0,0,0,0,3,3,4,6,0,NA,NA,0,0,4,4,5.11111111111111,5
22,1,"P005",6,6,"joyful_happy calm_relaxed",1,0,1,0,0,0,0,0,0,0,0,0,0,0,3,5,6,5,0,NA,NA,0,0,4.75,5,5.44444444444444,5
23,2,"P005",-2,2,"calm_relaxed",0,0,1,0,0,0,0,0,0,0,0,0,0,0,3,3,3,5,0,NA,NA,0,0,3.5,4,4.88888888888889,5
24,1,"P005",6,6,"joyful_happy calm_relaxed",1,0,1,0,0,0,0,0,0,0,0,0,0,0,3,3,3,5,0,NA,NA,0,0,3.5,4,4.88888888888889,5
25,1,"P005",6,6,"joyful_happy calm_relaxed",1,0,1,0,0,0,0,0,0,0,0,0,0,0,3,3,5,6,0,NA,NA,0,0,4.25,4,5.22222222222222,5
26,2,"P005",3,4.5,"upset_angry",0,0,0,0,1,0,0,0,1,1,1,1,1,0,3,3,3,2,1,"home",3,0.8,1,2.75,3,4.11111111111111,4
27,2,"P005",6,6,"joyful_happy calm_relaxed",1,0,1,0,0,0,0,0,0,0,0,0,0,0,4,3,5,5,0,NA,NA,0,0,4.25,4,5.22222222222222,5
28,1,"P005",6,6,"joyful_happy calm_relaxed",1,0,1,0,0,0,0,0,0,0,0,0,0,0,3,3,5,6,0,NA,NA,0,0,4.25,4,5.22222222222222,5
29,1,"P005",0,3,"joyful_happy calm_relaxed",1,0,1,0,0,0,0,0,0,0,0,0,0,0,3,6,6,6,0,NA,NA,0,0,5.25,5,5.66666666666667,6
30,2,"P005",6,6,"calm_relaxed",0,0,1,0,0,0,0,0,0,0,0,0,0,0,3,3,3,4,0,NA,NA,0,0,3.25,3,4.77777777777778,5
1,2,"P006",3,4.5,"joyful_happy calm_relaxed accomplished_productive upset_angry exhausted_tired",1,0,1,1,1,1,0,0,2,4,4,4,3,4,2,2,2,2,1,"friends",5,3.8,4,2,2,2.11111111111111,2
2,2,"P006",0,3,"calm_relaxed exhausted_tired bored_lethargic",0,0,1,0,0,1,1,0,0,0,2,0,0,2,0,0,2,1,0,NA,NA,0.8,1,0.75,1,3.22222222222222,3
3,1,"P006",3,4.5,"joyful_happy calm_relaxed accomplished_productive",1,0,1,1,0,0,0,0,1,2,4,0,0,0,0,5,5,5,0,NA,NA,1.2,1,3.75,4,4.33333333333333,4
4,2,"P006",5,5.5,"joyful_happy thrilled_enthusiastic accomplished_productive",1,1,0,1,0,0,0,0,1,1,1,0,4,0,5,5,5,5,1,"friends",2,1.2,1,5,5,4.88888888888889,5
5,2,"P006",-1,2.5,"upset_angry exhausted_tired irritated_frustrated",0,0,0,0,1,1,0,1,3,5,5,5,0,0,3,5,2,4,1,"friends",6,3,3,3.5,4,3.22222222222222,3
6,2,"P006",4,5,"joyful_happy thrilled_enthusiastic accomplished_productive upset_angry irritated_frustrated",1,1,0,1,1,0,0,1,2,4,4,0,0,3,4,5,5,5,0,NA,NA,2.2,2,4.75,5,4.22222222222222,4
7,1,"P006",3,4.5,"accomplished_productive exhausted_tired bored_lethargic",0,0,0,1,0,1,1,0,3,5,5,0,0,4,2,4,4,2,0,NA,NA,2.8,3,3,3,3.11111111111111,3
8,2,"P006",0,3,"accomplished_productive exhausted_tired bored_lethargic irritated_frustrated",0,0,0,1,0,1,1,1,3,6,6,1,0,0,4,5,4,4,0,NA,NA,2.6,3,4.25,4,3.77777777777778,4
9,2,"P006",6,6,"joyful_happy thrilled_enthusiastic calm_relaxed accomplished_productive",1,1,1,1,0,0,0,0,3,6,6,0,0,0,6,6,6,6,0,NA,NA,2.4,2,6,6,4.66666666666667,5
10,2,"P006",2,4,"upset_angry exhausted_tired",0,0,0,0,1,1,0,0,3,5,5,5,0,4,3,4,4,4,0,NA,NA,3.8,4,3.75,4,2.88888888888889,3
11,2,"P006",3,4.5,"upset_angry exhausted_tired irritated_frustrated",0,0,0,0,1,1,0,1,2,3,3,5,0,4,3,4,4,4,0,NA,NA,3,3,3.75,4,3.33333333333333,3
12,1,"P006",5,5.5,"joyful_happy calm_relaxed bored_lethargic",1,0,1,0,0,0,1,0,1,1,1,2,0,2,5,5,5,5,0,NA,NA,1.2,1,5,5,4.88888888888889,5
13,1,"P006",5,5.5,"joyful_happy thrilled_enthusiastic calm_relaxed",1,1,1,0,0,0,0,0,0,0,0,0,0,0,6,1,6,6,0,NA,NA,0,0,4.75,5,5.44444444444444,5
14,2,"P006",2,4,"joyful_happy upset_angry irritated_frustrated",1,0,0,0,1,0,0,1,2,4,5,5,1,4,3,2,4,4,1,"friends",6,3.8,4,3.25,3,2.66666666666667,3
15,1,"P006",3,4.5,"thrilled_enthusiastic calm_relaxed exhausted_tired bored_lethargic",0,1,1,0,0,1,1,0,2,3,3,1,0,0,4,3,5,5,0,NA,NA,1.4,1,4.25,4,4.44444444444444,4
16,2,"P006",3,4.5,"joyful_happy thrilled_enthusiastic accomplished_productive upset_angry",1,1,0,1,1,0,0,0,3,5,5,0,5,0,4,5,4,3,1,"work",6,3,3,4,4,3.44444444444444,3
17,2,"P006",2,4,"calm_relaxed exhausted_tired",0,0,1,0,0,1,0,0,0,0,0,0,4,0,4,1,5,4,0,NA,NA,0.8,1,3.5,4,4.44444444444444,4
18,1,"P006",4,5,"joyful_happy thrilled_enthusiastic accomplished_productive exhausted_tired",1,1,0,1,0,1,0,0,1,2,1,3,0,2,4,5,5,5,0,NA,NA,1.6,2,4.75,5,4.55555555555556,5
18,1,"P006",4,5,"joyful_happy thrilled_enthusiastic accomplished_productive exhausted_tired",1,1,0,1,0,1,0,0,1,2,1,3,0,2,4,5,5,5,0,NA,NA,1.6,2,4.75,5,4.55555555555556,5
19,2,"P006",5,5.5,"joyful_happy thrilled_enthusiastic accomplished_productive upset_angry",1,1,0,1,1,0,0,0,0,0,1,2,0,4,4,4,5,6,0,NA,NA,1.4,1,4.75,5,4.66666666666667,5
20,1,"P006",5,5.5,"joyful_happy calm_relaxed exhausted_tired",1,0,1,0,0,1,0,0,0,0,0,0,0,3,4,5,5,5,0,NA,NA,0.6,1,4.75,5,5.11111111111111,5
21,2,"P006",0,3,"calm_relaxed bored_lethargic",0,0,1,0,0,0,1,0,0,0,0,0,1,0,5,2,5,3,0,NA,NA,0.2,0,3.75,4,4.88888888888889,5
22,1,"P006",6,6,"joyful_happy thrilled_enthusiastic",1,1,0,0,0,0,0,0,0,0,0,0,1,0,6,4,6,6,1,"friends",6,0.2,0,5.5,6,5.66666666666667,6
23,2,"P006",-2,2,"accomplished_productive exhausted_tired irritated_frustrated",0,0,0,1,0,1,0,1,1,2,0,0,4,0,4,6,6,6,1,"other",6,1.2,1,5.5,6,5.11111111111111,5
24,2,"P006",0,3,"joyful_happy upset_angry exhausted_tired",1,0,0,0,1,1,0,0,2,3,0,0,0,0,6,6,3,5,1,"home",6,0.6,1,5,5,5.22222222222222,5
25,2,"P006",2,4,"upset_angry exhausted_tired irritated_frustrated",0,0,0,0,1,1,0,1,2,4,0,6,0,0,4,2,4,4,1,"friends",6,2,2,3.5,4,3.77777777777778,4
26,2,"P006",2,4,"joyful_happy upset_angry exhausted_tired",1,0,0,0,1,1,0,0,1,2,0,0,2,4,5,6,6,6,1,"friends",6,1.6,2,5.75,6,5,5
27,1,"P006",4,5,"joyful_happy upset_angry exhausted_tired",1,0,0,0,1,1,0,0,2,4,4,1,0,3,4,5,4,5,1,"friends",6,2.4,2,4.5,5,4,4
28,1,"P006",-2,2,"thrilled_enthusiastic upset_angry exhausted_tired irritated_frustrated",0,1,0,0,1,1,0,1,2,4,4,5,3,5,3,5,4,3,1,"friends",6,4.2,4,3.75,4,2.66666666666667,3
29,1,"P006",4,5,"joyful_happy thrilled_enthusiastic bored_lethargic",1,1,0,0,0,0,1,0,2,4,1,0,2,0,4,5,5,5,1,"home",6,1.4,1,4.75,5,4.66666666666667,5
30,2,"P006",3,4.5,"joyful_happy thrilled_enthusiastic calm_relaxed",1,1,1,0,0,0,0,0,1,2,1,0,1,0,4,5,5,4,0,NA,NA,0.8,1,4.5,5,4.88888888888889,5
1,2,"P007",3,4.5,"calm_relaxed",0,0,1,0,0,0,0,0,1,1,1,0,0,0,3,4,3,3,0,NA,NA,0.4,0,3.25,3,4.55555555555556,5
2,1,"P007",2,4,"exhausted_tired",0,0,0,0,0,1,0,0,3,5,4,4,3,0,3,3,3,3,1,"friends",2,3.2,3,3,3,2.88888888888889,3
3,2,"P007",3,4.5,"calm_relaxed",0,0,1,0,0,0,0,0,2,3,4,3,4,0,4,4,3,3,0,NA,NA,2.8,3,3.5,4,3.33333333333333,3
4,2,"P007",5,5.5,"joyful_happy",1,0,0,0,0,0,0,0,0,0,0,1,4,0,3,3,3,3,0,NA,NA,1,1,3,3,4.11111111111111,4
5,1,"P007",5,5.5,"joyful_happy",1,0,0,0,0,0,0,0,0,0,0,0,0,0,5,5,5,5,0,NA,NA,0,0,5,5,5.55555555555556,6
6,2,"P007",-6,0,"irritated_frustrated",0,0,0,0,0,0,0,1,3,6,6,6,0,6,0,0,0,0,0,NA,NA,4.8,5,0,0,0.666666666666667,1
7,2,"P007",3,4.5,"accomplished_productive upset_angry",0,0,0,1,1,0,0,0,2,4,4,4,3,4,4,4,4,4,0,NA,NA,3.8,4,4,4,3,3
8,1,"P007",1,3.5,"irritated_frustrated",0,0,0,0,0,0,0,1,3,6,6,6,6,3,0,0,0,1,0,NA,NA,5.4,5,0.25,0,0.444444444444444,0
9,1,"P007",3,4.5,"upset_angry",0,0,0,0,1,0,0,0,3,5,5,5,6,0,0,0,0,0,0,NA,NA,4.2,4,0,0,1,1
10,1,"P007",6,6,"joyful_happy",1,0,0,0,0,0,0,0,0,0,0,0,0,0,6,6,6,6,1,"other",6,0,0,6,6,6,6
11,1,"P007",2,4,"exhausted_tired",0,0,0,0,0,1,0,0,2,4,4,4,6,5,3,0,0,0,0,NA,NA,4.6,5,0.75,1,1.11111111111111,1
12,2,"P007",-6,0,"irritated_frustrated",0,0,0,0,0,0,0,1,3,6,6,6,3,6,4,0,0,0,0,NA,NA,5.4,5,1,1,0.777777777777778,1
13,2,"P007",6,6,"joyful_happy",1,0,0,0,0,0,0,0,0,0,0,0,0,0,6,6,6,6,1,"home",6,0,0,6,6,6,6
14,2,"P007",5,5.5,"joyful_happy",1,0,0,0,0,0,0,0,0,0,0,0,0,0,6,6,6,6,1,"home",6,0,0,6,6,6,6
15,1,"P007",-5,0.5,"exhausted_tired",0,0,0,0,0,1,0,0,3,6,6,6,6,0,0,0,0,0,0,NA,NA,4.8,5,0,0,0.666666666666667,1
16,2,"P007",3,4.5,"calm_relaxed",0,0,1,0,0,0,0,0,0,0,0,0,0,0,4,4,4,4,0,NA,NA,0,0,4,4,5.11111111111111,5
17,1,"P007",0,3,"exhausted_tired",0,0,0,0,0,1,0,0,1,2,2,6,0,1,0,3,3,3,0,NA,NA,2.2,2,2.25,2,3.11111111111111,3
18,2,"P007",2,4,"accomplished_productive",0,0,0,1,0,0,0,0,1,1,4,0,6,0,3,3,3,3,0,NA,NA,2.2,2,3,3,3.44444444444444,3
19,2,"P007",5,5.5,"joyful_happy",1,0,0,0,0,0,0,0,0,0,0,0,0,0,6,6,6,6,1,"friends",6,0,0,6,6,6,6
20,1,"P007",6,6,"joyful_happy",1,0,0,0,0,0,0,0,0,0,0,0,0,0,6,6,6,6,1,"friends",6,0,0,6,6,6,6
21,2,"P007",6,6,"joyful_happy",1,0,0,0,0,0,0,0,0,0,0,0,0,0,5,5,5,5,0,NA,NA,0,0,5,5,5.55555555555556,6
22,1,"P007",6,6,"joyful_happy",1,0,0,0,0,0,0,0,0,0,0,0,0,0,6,6,6,6,0,NA,NA,0,0,6,6,6,6
23,2,"P007",6,6,"joyful_happy",1,0,0,0,0,0,0,0,0,0,0,0,0,0,6,6,6,6,1,"friends",6,0,0,6,6,6,6
24,1,"P007",-6,0,"exhausted_tired",0,0,0,0,0,1,0,0,0,0,0,0,6,3,0,0,0,0,0,NA,NA,1.8,2,0,0,2.33333333333333,2
25,1,"P007",-6,0,"joyful_happy",1,0,0,0,0,0,0,0,0,0,0,0,0,0,5,5,5,5,0,NA,NA,0,0,5,5,5.55555555555556,6
26,2,"P007",6,6,"joyful_happy",1,0,0,0,0,0,0,0,0,0,0,0,0,0,5,5,5,5,0,NA,NA,0,0,5,5,5.55555555555556,6
27,2,"P007",6,6,"joyful_happy",1,0,0,0,0,0,0,0,0,0,1,0,0,0,5,5,5,5,0,NA,NA,0.2,0,5,5,5.44444444444444,5
28,2,"P007",-6,0,"exhausted_tired",0,0,0,0,0,1,0,0,3,6,6,6,6,6,0,0,0,0,0,NA,NA,6,6,0,0,0,0
29,1,"P007",6,6,"joyful_happy",1,0,0,0,0,0,0,0,0,0,0,0,0,0,5,5,5,5,0,NA,NA,0,0,5,5,5.55555555555556,6
30,1,"P007",-4,1,"exhausted_tired",0,0,0,0,0,1,0,0,3,6,6,6,0,1,0,0,0,0,0,NA,NA,3.8,4,0,0,1.22222222222222,1
1,2,"P008",3,4.5,"calm_relaxed accomplished_productive",0,0,1,1,0,0,0,0,2,3,2,0,0,0,3,3,3,3,0,NA,NA,1,1,3,3,4.11111111111111,4
2,2,"P008",1,3.5,"exhausted_tired",0,0,0,0,0,1,0,0,3,5,5,4,2,6,2,1,0,0,1,"home",5,4.4,4,0.75,1,1.22222222222222,1
4,2,"P008",2,4,"calm_relaxed",0,0,1,0,0,0,0,0,2,3,2,4,0,4,1,4,4,1,0,NA,NA,2.6,3,2.5,3,3,3
5,2,"P008",-5,0.5,"accomplished_productive",0,0,0,1,0,0,0,0,1,1,1,1,6,3,4,4,4,3,0,NA,NA,2.4,2,3.75,4,3.66666666666667,4
6,1,"P008",2,4,"thrilled_enthusiastic calm_relaxed",0,1,1,0,0,0,0,0,2,3,3,3,3,3,3,3,3,3,0,NA,NA,3,3,3,3,3,3
7,1,"P008",3,4.5,"calm_relaxed",0,0,1,0,0,0,0,0,2,3,3,3,3,3,3,3,3,3,0,NA,NA,3,3,3,3,3,3
8,1,"P008",2,4,"calm_relaxed",0,0,1,0,0,0,0,0,1,2,3,4,3,3,4,3,3,3,0,NA,NA,3,3,3.25,3,3.11111111111111,3
9,1,"P008",2,4,"thrilled_enthusiastic calm_relaxed",0,1,1,0,0,0,0,0,1,1,0,0,4,0,6,5,6,6,0,NA,NA,1,1,5.75,6,5.33333333333333,5
10,1,"P008",0,3,"upset_angry bored_lethargic",0,0,0,0,1,0,1,0,0,0,0,0,6,0,2,5,3,3,0,NA,NA,1.2,1,3.25,3,4.11111111111111,4
11,1,"P008",5,5.5,"irritated_frustrated",0,0,0,0,0,0,0,1,3,6,6,0,6,6,1,1,2,3,0,NA,NA,4.8,5,1.75,2,1.44444444444444,1
12,2,"P008",-6,0,"exhausted_tired bored_lethargic",0,0,0,0,0,1,1,0,3,5,5,5,5,6,2,5,4,2,0,NA,NA,5.2,5,3.25,3,1.88888888888889,2
13,2,"P008",2,4,"calm_relaxed",0,0,1,0,0,0,0,0,1,2,1,2,1,4,4,4,6,5,0,NA,NA,2,2,4.75,5,4.33333333333333,4
14,2,"P008",-6,0,"thrilled_enthusiastic",0,1,0,0,0,0,0,0,1,2,5,4,1,1,4,1,5,5,0,NA,NA,2.6,3,3.75,4,3.55555555555556,4
15,2,"P008",3,4.5,"thrilled_enthusiastic",0,1,0,0,0,0,0,0,0,0,0,0,0,0,6,6,6,6,0,NA,NA,0,0,6,6,6,6
16,2,"P008",1,3.5,"joyful_happy",1,0,0,0,0,0,0,0,2,4,3,3,5,4,3,1,5,4,0,NA,NA,3.8,4,3.25,3,2.66666666666667,3
17,1,"P008",1,3.5,"joyful_happy",1,0,0,0,0,0,0,0,0,0,0,0,0,0,3,3,5,6,0,NA,NA,0,0,4.25,4,5.22222222222222,5
18,2,"P008",2,4,"calm_relaxed",0,0,1,0,0,0,0,0,1,2,0,0,0,0,0,2,2,2,0,NA,NA,0.4,0,1.5,2,3.77777777777778,4
19,2,"P008",-1,2.5,"upset_angry",0,0,0,0,1,0,0,0,0,0,0,6,0,0,4,1,1,2,0,NA,NA,1.2,1,2,2,3.55555555555556,4
20,1,"P008",1,3.5,"thrilled_enthusiastic",0,1,0,0,0,0,0,0,2,4,2,3,2,2,2,1,1,1,0,NA,NA,2.6,3,1.25,1,2.44444444444444,2
21,1,"P008",1,3.5,"thrilled_enthusiastic",0,1,0,0,0,0,0,0,0,0,0,0,0,0,6,6,6,6,0,NA,NA,0,0,6,6,6,6
22,1,"P008",1,3.5,"calm_relaxed",0,0,1,0,0,0,0,0,0,0,0,0,6,6,6,0,6,5,0,NA,NA,2.4,2,4.25,4,3.88888888888889,4
23,2,"P008",5,5.5,"joyful_happy irritated_frustrated",1,0,0,0,0,0,0,1,0,0,1,0,0,0,0,6,6,6,0,NA,NA,0.2,0,4.5,5,5.22222222222222,5
24,2,"P008",-3,1.5,"thrilled_enthusiastic",0,1,0,0,0,0,0,0,1,1,1,5,5,5,5,6,3,3,0,NA,NA,3.4,3,4.25,4,3.33333333333333,3
25,1,"P008",2,4,"thrilled_enthusiastic",0,1,0,0,0,0,0,0,1,1,1,5,5,5,5,3,3,4,0,NA,NA,3.4,3,3.75,4,3.11111111111111,3
26,2,"P008",2,4,"accomplished_productive upset_angry",0,0,0,1,1,0,0,0,2,3,3,2,4,1,1,5,1,1,0,NA,NA,2.6,3,2,2,2.77777777777778,3
27,2,"P008",2,4,"calm_relaxed",0,0,1,0,0,0,0,0,1,1,3,0,6,4,4,1,5,5,0,NA,NA,2.8,3,3.75,4,3.44444444444444,3
28,2,"P008",1,3.5,"thrilled_enthusiastic",0,1,0,0,0,0,0,0,2,3,0,1,0,4,5,5,5,6,0,NA,NA,1.6,2,5.25,5,4.77777777777778,5
29,2,"P008",-2,2,"upset_angry exhausted_tired",0,0,0,0,1,1,0,0,0,0,5,4,4,4,1,6,5,4,0,NA,NA,3.4,3,4,4,3.22222222222222,3
30,2,"P008",2,4,"accomplished_productive",0,0,0,1,0,0,0,0,2,4,0,0,6,5,6,3,3,3,0,NA,NA,3,3,3.75,4,3.33333333333333,3
1,2,"P009",3,4.5,"joyful_happy",1,0,0,0,0,0,0,0,2,3,5,4,6,4,5,6,5,5,0,NA,NA,4.4,4,5.25,5,3.22222222222222,3
2,1,"P009",4,5,"exhausted_tired bored_lethargic",0,0,0,0,0,1,1,0,2,3,5,4,0,5,2,5,4,2,0,NA,NA,3.4,3,3.25,3,2.88888888888889,3
3,1,"P009",3,4.5,"bored_lethargic",0,0,0,0,0,0,1,0,1,2,5,4,5,6,5,4,4,2,0,NA,NA,4.4,4,3.75,4,2.55555555555556,3
4,1,"P009",5,5.5,"calm_relaxed accomplished_productive",0,0,1,1,0,0,0,0,2,4,5,4,4,3,4,5,5,5,0,NA,NA,4,4,4.75,5,3.22222222222222,3
5,1,"P009",4,5,"calm_relaxed bored_lethargic",0,0,1,0,0,0,1,0,3,5,4,4,6,3,3,4,4,2,0,NA,NA,4.4,4,3.25,3,2.33333333333333,2
6,1,"P009",-1,2.5,"accomplished_productive exhausted_tired",0,0,0,1,0,1,0,0,3,6,4,5,5,5,2,5,5,5,0,NA,NA,5,5,4.25,4,2.44444444444444,2
7,2,"P009",2,4,"calm_relaxed bored_lethargic",0,0,1,0,0,0,1,0,3,5,4,5,4,6,4,5,5,3,0,NA,NA,4.8,5,4.25,4,2.55555555555556,3
8,2,"P009",2,4,"bored_lethargic",0,0,0,0,0,0,1,0,3,6,4,4,3,2,3,4,4,3,0,NA,NA,3.8,4,3.5,4,2.77777777777778,3
9,1,"P009",6,6,"calm_relaxed accomplished_productive",0,0,1,1,0,0,0,0,3,5,5,2,3,1,3,5,5,3,0,NA,NA,3.2,3,4,4,3.33333333333333,3
10,2,"P009",5,5.5,"accomplished_productive exhausted_tired",0,0,0,1,0,1,0,0,3,6,4,3,4,3,4,6,5,2,0,NA,NA,4,4,4.25,4,3,3
11,1,"P009",3,4.5,"calm_relaxed accomplished_productive exhausted_tired",0,0,1,1,0,1,0,0,3,5,5,3,4,1,5,5,5,0,0,NA,NA,3.6,4,3.75,4,3,3
12,2,"P009",3,4.5,"exhausted_tired",0,0,0,0,0,1,0,0,3,6,5,4,0,2,2,5,4,0,0,NA,NA,3.4,3,2.75,3,2.66666666666667,3
13,1,"P009",4,5,"joyful_happy calm_relaxed accomplished_productive",1,0,1,1,0,0,0,0,3,5,1,2,0,1,6,6,5,5,0,NA,NA,1.8,2,5.5,6,4.77777777777778,5
14,2,"P009",5,5.5,"joyful_happy calm_relaxed",1,0,1,0,0,0,0,0,0,0,2,1,0,0,5,5,5,4,0,NA,NA,0.6,1,4.75,5,5.11111111111111,5
15,2,"P009",4,5,"calm_relaxed",0,0,1,0,0,0,0,0,0,0,0,4,0,1,5,4,3,5,0,NA,NA,1,1,4.25,4,4.66666666666667,5
16,2,"P009",4,5,"calm_relaxed exhausted_tired",0,0,1,0,0,1,0,0,1,1,1,4,0,2,3,3,3,6,0,NA,NA,1.6,2,3.75,4,4.11111111111111,4
17,1,"P009",4,5,"calm_relaxed",0,0,1,0,0,0,0,0,0,0,1,4,0,1,3,3,3,4,0,NA,NA,1.2,1,3.25,3,4.11111111111111,4
18,2,"P009",1,3.5,"joyful_happy calm_relaxed upset_angry",1,0,1,0,1,0,0,0,0,0,1,4,0,5,3,3,3,5,0,NA,NA,2,2,3.5,4,3.77777777777778,4
19,2,"P009",2,4,"calm_relaxed exhausted_tired",0,0,1,0,0,1,0,0,0,0,1,4,0,6,3,3,3,4,0,NA,NA,2.2,2,3.25,3,3.55555555555556,4
20,1,"P009",3,4.5,"calm_relaxed exhausted_tired",0,0,1,0,0,1,0,0,0,0,4,5,0,6,3,3,2,0,0,NA,NA,3,3,2,2,2.55555555555556,3
21,1,"P009",2,4,"calm_relaxed exhausted_tired",0,0,1,0,0,1,0,0,0,0,2,4,0,6,3,3,3,0,0,NA,NA,2.4,2,2.25,2,3,3
22,1,"P009",4,5,"thrilled_enthusiastic",0,1,0,0,0,0,0,0,0,0,1,1,0,1,3,3,3,4,0,NA,NA,0.6,1,3.25,3,4.44444444444444,4
23,2,"P009",6,6,"joyful_happy thrilled_enthusiastic",1,1,0,0,0,0,0,0,0,0,0,0,0,1,3,5,6,6,0,NA,NA,0.2,0,5,5,5.44444444444444,5
24,2,"P009",4,5,"calm_relaxed",0,0,1,0,0,0,0,0,0,0,0,1,0,1,3,3,3,3,0,NA,NA,0.4,0,3,3,4.44444444444444,4
25,1,"P009",1,3.5,"calm_relaxed",0,0,1,0,0,0,0,0,0,0,4,1,0,6,3,3,4,5,0,NA,NA,2.2,2,3.75,4,3.77777777777778,4
26,2,"P009",3,4.5,"calm_relaxed",0,0,1,0,0,0,0,0,0,0,1,2,0,1,3,3,5,5,0,NA,NA,0.8,1,4,4,4.66666666666667,5
27,1,"P009",-6,0,"upset_angry exhausted_tired bored_lethargic",0,0,0,0,1,1,1,0,0,0,6,5,0,6,3,4,1,3,0,NA,NA,3.4,3,2.75,3,2.66666666666667,3
28,2,"P009",3,4.5,"calm_relaxed upset_angry exhausted_tired irritated_frustrated",0,0,1,0,1,1,0,1,0,0,1,4,0,2,6,5,5,4,0,NA,NA,1.4,1,5,5,4.77777777777778,5
29,2,"P009",5,5.5,"calm_relaxed",0,0,1,0,0,0,0,0,0,0,0,0,0,0,3,3,5,3,0,NA,NA,0,0,3.5,4,4.88888888888889,5
30,2,"P009",4,5,"calm_relaxed upset_angry",0,0,1,0,1,0,0,0,0,0,1,1,0,6,3,3,5,3,0,NA,NA,1.6,2,3.5,4,4,4
1,2,"P010",-1,2.5,"exhausted_tired bored_lethargic irritated_frustrated",0,0,0,0,0,1,1,1,2,3,4,5,0,5,0,0,0,0,0,NA,NA,3.4,3,0,0,1.44444444444444,1
2,1,"P010",-2,2,"upset_angry exhausted_tired bored_lethargic irritated_frustrated",0,0,0,0,1,1,1,1,2,3,4,5,0,5,0,0,0,0,0,NA,NA,3.4,3,0,0,1.44444444444444,1
3,2,"P010",0,3,"bored_lethargic irritated_frustrated",0,0,0,0,0,0,1,1,1,1,4,5,0,5,0,0,0,0,0,NA,NA,3,3,0,0,1.66666666666667,2
4,2,"P010",-1,2.5,"upset_angry exhausted_tired irritated_frustrated",0,0,0,0,1,1,0,1,2,4,5,5,0,5,0,3,3,1,0,NA,NA,3.8,4,1.75,2,2,2
5,1,"P010",-1,2.5,"upset_angry exhausted_tired irritated_frustrated",0,0,0,0,1,1,0,1,1,2,3,4,0,5,0,1,1,0,0,NA,NA,2.8,3,0.5,1,2,2
6,2,"P010",-3,1.5,"bored_lethargic irritated_frustrated",0,0,0,0,0,0,1,1,2,3,5,6,0,6,0,0,0,0,0,NA,NA,4,4,0,0,1.11111111111111,1
7,1,"P010",2,4,"joyful_happy upset_angry exhausted_tired bored_lethargic",1,0,0,0,1,1,1,0,1,1,3,3,0,3,3,3,4,6,0,NA,NA,2,2,4,4,4,4
8,2,"P010",-1,2.5,"exhausted_tired irritated_frustrated",0,0,0,0,0,1,0,1,2,3,4,5,0,4,0,0,0,0,0,NA,NA,3.2,3,0,0,1.55555555555556,2
9,2,"P010",-1,2.5,"upset_angry bored_lethargic irritated_frustrated",0,0,0,0,1,0,1,1,2,3,4,5,0,5,0,0,0,0,0,NA,NA,3.4,3,0,0,1.44444444444444,1
10,1,"P010",2,4,"joyful_happy upset_angry exhausted_tired bored_lethargic irritated_frustrated",1,0,0,0,1,1,1,1,2,4,5,5,0,4,0,0,0,0,0,NA,NA,3.6,4,0,0,1.33333333333333,1
11,2,"P010",1,3.5,"upset_angry exhausted_tired irritated_frustrated",0,0,0,0,1,1,0,1,3,5,5,5,0,3,0,3,0,0,0,NA,NA,3.6,4,0.75,1,1.66666666666667,2
12,2,"P010",1,3.5,"calm_relaxed exhausted_tired bored_lethargic irritated_frustrated",0,0,1,0,0,1,1,1,2,4,5,3,0,4,0,0,1,0,0,NA,NA,3.2,3,0.25,0,1.66666666666667,2
13,2,"P010",0,3,"bored_lethargic",0,0,0,0,0,0,1,0,1,2,3,4,0,4,0,0,0,0,0,NA,NA,2.6,3,0,0,1.88888888888889,2
14,1,"P010",-3,1.5,"upset_angry exhausted_tired irritated_frustrated",0,0,0,0,1,1,0,1,2,4,5,5,0,5,0,0,0,0,1,"friends",4,3.8,4,0,0,1.22222222222222,1
15,1,"P010",-3,1.5,"upset_angry bored_lethargic irritated_frustrated",0,0,0,0,1,0,1,1,2,4,5,5,0,5,0,0,0,0,1,"home",4,3.8,4,0,0,1.22222222222222,1
16,2,"P010",0,3,"bored_lethargic irritated_frustrated",0,0,0,0,0,0,1,1,2,4,4,5,0,4,0,0,0,0,0,NA,NA,3.4,3,0,0,1.44444444444444,1
17,1,"P010",0,3,"bored_lethargic irritated_frustrated",0,0,0,0,0,0,1,1,2,4,4,2,0,2,0,0,0,0,0,NA,NA,2.4,2,0,0,2,2
18,2,"P010",1,3.5,"thrilled_enthusiastic exhausted_tired bored_lethargic",0,1,0,0,0,1,1,0,2,4,4,4,0,4,2,0,1,0,0,NA,NA,3.2,3,0.75,1,1.88888888888889,2
19,2,"P010",0,3,"bored_lethargic",0,0,0,0,0,0,1,0,2,4,4,4,0,4,0,0,0,0,0,NA,NA,3.2,3,0,0,1.55555555555556,2
20,2,"P010",-2,2,"upset_angry bored_lethargic irritated_frustrated",0,0,0,0,1,0,1,1,2,4,4,4,0,4,0,0,0,0,0,NA,NA,3.2,3,0,0,1.55555555555556,2
21,1,"P010",-2,2,"upset_angry irritated_frustrated",0,0,0,0,1,0,0,1,2,4,5,6,0,6,0,0,0,0,0,NA,NA,4.2,4,0,0,1,1
22,1,"P010",2,4,"joyful_happy thrilled_enthusiastic bored_lethargic irritated_frustrated",1,1,0,0,0,0,1,1,3,5,5,2,0,2,0,0,0,0,0,NA,NA,2.8,3,0,0,1.77777777777778,2
23,1,"P010",1,3.5,"upset_angry irritated_frustrated",0,0,0,0,1,0,0,1,3,6,5,2,0,3,0,0,0,0,0,NA,NA,3.2,3,0,0,1.55555555555556,2
24,1,"P010",-1,2.5,"upset_angry exhausted_tired irritated_frustrated",0,0,0,0,1,1,0,1,3,5,5,2,0,2,0,0,0,0,0,NA,NA,2.8,3,0,0,1.77777777777778,2
25,2,"P010",-1,2.5,"thrilled_enthusiastic exhausted_tired irritated_frustrated",0,1,0,0,0,1,0,1,3,5,5,2,0,2,0,0,0,0,0,NA,NA,2.8,3,0,0,1.77777777777778,2
26,1,"P010",-2,2,"upset_angry irritated_frustrated",0,0,0,0,1,0,0,1,3,5,5,4,0,4,0,0,0,0,1,"work",4,3.6,4,0,0,1.33333333333333,1
27,2,"P010",-1,2.5,"upset_angry exhausted_tired irritated_frustrated",0,0,0,0,1,1,0,1,3,5,5,4,0,5,0,0,0,0,0,NA,NA,3.8,4,0,0,1.22222222222222,1
28,2,"P010",1,3.5,"exhausted_tired",0,0,0,0,0,1,0,0,2,3,3,4,0,4,0,0,0,0,0,NA,NA,2.8,3,0,0,1.77777777777778,2
29,2,"P010",-3,1.5,"exhausted_tired bored_lethargic irritated_frustrated",0,0,0,0,0,1,1,1,2,4,4,6,0,6,0,0,0,0,1,"friends",5,4,4,0,0,1.11111111111111,1
30,2,"P010",-2,2,"upset_angry exhausted_tired bored_lethargic irritated_frustrated",0,0,0,0,1,1,1,1,2,4,4,6,0,6,0,0,0,0,1,"other",3,4,4,0,0,1.11111111111111,1
1,2,"P011",-2,2,"exhausted_tired bored_lethargic irritated_frustrated",0,0,0,0,0,1,1,1,3,6,1,2,0,0,6,0,2,1,0,NA,NA,1.8,2,2.25,2,3.33333333333333,3
2,2,"P011",4,5,"joyful_happy calm_relaxed",1,0,1,0,0,0,0,0,0,0,1,0,0,0,6,3,1,2,0,NA,NA,0.2,0,3,3,4.55555555555556,5
3,1,"P011",2,4,"calm_relaxed accomplished_productive",0,0,1,1,0,0,0,0,0,0,0,2,0,1,0,0,2,2,0,NA,NA,0.6,1,1,1,3.44444444444444,3
4,2,"P011",3,4.5,"exhausted_tired",0,0,0,0,0,1,0,0,3,5,4,4,0,2,4,2,1,1,1,"friends",-3,3,3,2,2,2.55555555555556,3
5,2,"P011",6,6,"joyful_happy thrilled_enthusiastic accomplished_productive",1,1,0,1,0,0,0,0,2,4,6,1,0,0,0,6,6,6,1,"friends",6,2.2,2,4.5,5,4.11111111111111,4
6,1,"P011",-2,2,"exhausted_tired irritated_frustrated",0,0,0,0,0,1,0,1,3,5,5,4,0,0,5,1,1,1,1,"work",-1,2.8,3,2,2,2.66666666666667,3
7,1,"P011",-2,2,"exhausted_tired",0,0,0,0,0,1,0,0,1,1,1,5,0,5,2,3,1,1,1,"home",-6,2.4,2,1.75,2,2.77777777777778,3
8,1,"P011",-4,1,"exhausted_tired",0,0,0,0,0,1,0,0,3,5,6,6,1,6,3,4,2,0,1,"other",-5,4.8,5,2.25,2,1.66666666666667,2
9,1,"P011",4,5,"accomplished_productive",0,0,0,1,0,0,0,0,1,2,6,6,0,3,1,2,2,2,1,"other",4,3.4,3,1.75,2,2.22222222222222,2
10,1,"P011",6,6,"joyful_happy calm_relaxed",1,0,1,0,0,0,0,0,2,4,1,1,0,0,6,1,4,4,0,NA,NA,1.2,1,3.75,4,4.33333333333333,4
11,1,"P011",4,5,"joyful_happy",1,0,0,0,0,0,0,0,3,5,5,0,0,0,4,4,2,5,0,NA,NA,2,2,3.75,4,3.88888888888889,4
12,1,"P011",4,5,"joyful_happy thrilled_enthusiastic",1,1,0,0,0,0,0,0,1,1,2,0,0,0,5,5,3,5,0,NA,NA,0.6,1,4.5,5,5,5
13,2,"P011",4,5,"calm_relaxed accomplished_productive",0,0,1,1,0,0,0,0,1,1,1,1,0,1,1,1,1,4,0,NA,NA,0.8,1,1.75,2,3.66666666666667,4
14,1,"P011",5,5.5,"joyful_happy exhausted_tired",1,0,0,0,0,1,0,0,2,4,3,4,6,3,4,2,5,4,0,NA,NA,4,4,3.75,4,2.77777777777778,3
15,2,"P011",3,4.5,"joyful_happy thrilled_enthusiastic exhausted_tired",1,1,0,0,0,1,0,0,3,5,4,2,4,5,5,3,2,5,0,NA,NA,4,4,3.75,4,2.77777777777778,3
16,2,"P011",5,5.5,"joyful_happy exhausted_tired",1,0,0,0,0,1,0,0,1,1,1,0,0,0,5,4,6,5,0,NA,NA,0.4,0,5,5,5.33333333333333,5
17,2,"P011",5,5.5,"joyful_happy thrilled_enthusiastic",1,1,0,0,0,0,0,0,1,2,2,2,0,0,6,4,4,1,0,NA,NA,1.2,1,3.75,4,4.33333333333333,4
18,2,"P011",1,3.5,"joyful_happy",1,0,0,0,0,0,0,0,1,2,3,1,1,2,2,5,5,1,0,NA,NA,1.8,2,3.25,3,3.77777777777778,4
19,2,"P011",4,5,"joyful_happy bored_lethargic",1,0,0,0,0,0,1,0,2,4,2,1,5,1,3,5,1,2,0,NA,NA,2.6,3,2.75,3,3.11111111111111,3
20,1,"P011",4,5,"joyful_happy exhausted_tired",1,0,0,0,0,1,0,0,2,4,2,4,1,4,4,2,5,2,0,NA,NA,3,3,3.25,3,3.11111111111111,3
21,2,"P011",2,4,"upset_angry exhausted_tired",0,0,0,0,1,1,0,0,3,5,2,4,2,5,1,4,2,5,1,"home",-3,3.6,4,3,3,2.66666666666667,3
22,2,"P011",4,5,"upset_angry bored_lethargic",0,0,0,0,1,0,1,0,2,4,2,5,2,4,1,1,5,1,1,"friends",-5,3.4,3,2,2,2.33333333333333,2
23,1,"P011",4,5,"thrilled_enthusiastic calm_relaxed",0,1,1,0,0,0,0,0,1,1,2,1,5,2,3,5,2,4,0,NA,NA,2.2,2,3.5,4,3.66666666666667,4
24,2,"P011",4,5,"accomplished_productive upset_angry exhausted_tired bored_lethargic",0,0,0,1,1,1,1,0,2,3,2,4,1,5,1,2,5,3,0,NA,NA,3,3,2.75,3,2.88888888888889,3
25,2,"P011",4,5,"joyful_happy thrilled_enthusiastic calm_relaxed",1,1,1,0,0,0,0,0,2,4,1,6,3,2,5,1,4,2,0,NA,NA,3.2,3,3,3,2.88888888888889,3
26,1,"P011",-6,0,"exhausted_tired bored_lethargic irritated_frustrated",0,0,0,0,0,1,1,1,3,6,6,6,6,6,1,0,0,0,1,"work",-6,6,6,0.25,0,0.111111111111111,0
27,1,"P011",5,5.5,"joyful_happy thrilled_enthusiastic calm_relaxed accomplished_productive",1,1,1,1,0,0,0,0,2,4,0,3,1,4,4,1,5,1,0,NA,NA,2.4,2,2.75,3,3.22222222222222,3
28,1,"P011",-4,1,"bored_lethargic irritated_frustrated",0,0,0,0,0,0,1,1,1,2,3,6,2,5,1,3,4,2,0,NA,NA,3.6,4,2.5,3,2.44444444444444,2
29,1,"P011",-6,0,"exhausted_tired irritated_frustrated",0,0,0,0,0,1,0,1,3,5,6,6,1,6,1,3,1,1,0,NA,NA,4.8,5,1.5,2,1.33333333333333,1
30,2,"P011",0,3,"calm_relaxed",0,0,1,0,0,0,0,0,1,1,0,4,1,4,1,3,1,4,0,NA,NA,2,2,2.25,2,3.22222222222222,3
1,1,"P012",6,6,"calm_relaxed",0,0,1,0,0,0,0,0,1,1,0,0,0,0,5,4,6,5,0,NA,NA,0.2,0,5,5,5.44444444444444,5
2,1,"P012",6,6,"joyful_happy",1,0,0,0,0,0,0,0,1,1,1,0,0,0,4,4,6,4,1,"home",5,0.4,0,4.5,5,5.11111111111111,5
3,2,"P012",4,5,"joyful_happy",1,0,0,0,0,0,0,0,1,1,2,1,2,1,4,4,5,3,0,NA,NA,1.4,1,4,4,4.33333333333333,4
4,1,"P012",6,6,"joyful_happy upset_angry",1,0,0,0,1,0,0,0,2,4,4,4,1,1,3,2,2,0,1,"work",-4,2.8,3,1.75,2,2.55555555555556,3
5,2,"P012",6,6,"joyful_happy",1,0,0,0,0,0,0,0,2,4,4,0,1,0,4,4,4,5,1,"friends",4,1.8,2,4.25,4,4.22222222222222,4
6,1,"P012",6,6,"joyful_happy exhausted_tired",1,0,0,0,0,1,0,0,2,4,5,4,0,0,4,4,4,3,0,NA,NA,2.6,3,3.75,4,3.55555555555556,4
7,1,"P012",6,6,"joyful_happy thrilled_enthusiastic",1,1,0,0,0,0,0,0,0,0,0,0,0,0,6,6,6,6,1,"friends",6,0,0,6,6,6,6
8,2,"P012",6,6,"joyful_happy",1,0,0,0,0,0,0,0,2,4,3,1,0,0,4,4,5,6,0,NA,NA,1.6,2,4.75,5,4.55555555555556,5
9,2,"P012",2,4,"calm_relaxed",0,0,1,0,0,0,0,0,1,2,2,1,0,0,3,3,4,4,0,NA,NA,1,1,3.5,4,4.33333333333333,4
10,2,"P012",1,3.5,"calm_relaxed",0,0,1,0,0,0,0,0,1,2,2,2,0,0,4,4,4,3,0,NA,NA,1.2,1,3.75,4,4.33333333333333,4
11,1,"P012",4,5,"exhausted_tired",0,0,0,0,0,1,0,0,3,5,5,3,1,1,3,3,1,3,0,NA,NA,3,3,2.5,3,2.77777777777778,3
12,2,"P012",4,5,"calm_relaxed",0,0,1,0,0,0,0,0,1,2,2,2,0,0,4,4,4,6,0,NA,NA,1.2,1,4.5,5,4.66666666666667,5
13,2,"P012",0,3,"calm_relaxed",0,0,1,0,0,0,0,0,0,0,0,0,0,0,2,3,3,2,0,NA,NA,0,0,2.5,3,4.44444444444444,4
14,1,"P012",0,3,"upset_angry",0,0,0,0,1,0,0,0,3,5,5,5,0,2,2,2,2,3,0,NA,NA,3.4,3,2.25,2,2.44444444444444,2
15,1,"P012",0,3,"calm_relaxed",0,0,1,0,0,0,0,0,2,3,3,3,3,0,3,3,3,3,0,NA,NA,2.4,2,3,3,3.33333333333333,3
16,2,"P012",0,3,"calm_relaxed",0,0,1,0,0,0,0,0,2,3,3,3,1,3,3,3,3,3,0,NA,NA,2.6,3,3,3,3.22222222222222,3
17,1,"P012",2,4,"joyful_happy",1,0,0,0,0,0,0,0,0,0,0,0,0,0,5,4,4,5,0,NA,NA,0,0,4.5,5,5.33333333333333,5
18,1,"P012",0,3,"exhausted_tired",0,0,0,0,0,1,0,0,0,0,0,0,1,0,2,1,1,0,0,NA,NA,0.2,0,1,1,3.66666666666667,4
19,2,"P012",0,3,"calm_relaxed",0,0,1,0,0,0,0,0,1,1,0,0,0,0,2,3,3,3,0,NA,NA,0.2,0,2.75,3,4.44444444444444,4
20,1,"P012",0,3,"bored_lethargic",0,0,0,0,0,0,1,0,2,3,3,3,0,0,3,3,3,3,0,NA,NA,1.8,2,3,3,3.66666666666667,4
21,2,"P012",0,3,"calm_relaxed",0,0,1,0,0,0,0,0,1,1,1,1,0,0,3,3,3,3,0,NA,NA,0.6,1,3,3,4.33333333333333,4
22,2,"P012",0,3,"calm_relaxed",0,0,1,0,0,0,0,0,0,0,0,0,0,0,3,3,3,3,1,"home",3,0,0,3,3,4.66666666666667,5
23,2,"P012",0,3,"bored_lethargic",0,0,0,0,0,0,1,0,0,0,0,0,4,0,1,4,2,2,0,NA,NA,0.8,1,2.25,2,3.88888888888889,4
24,1,"P012",0,3,"joyful_happy",1,0,0,0,0,0,0,0,2,3,3,3,3,0,3,3,3,3,0,NA,NA,2.4,2,3,3,3.33333333333333,3
25,1,"P012",0,3,"joyful_happy",1,0,0,0,0,0,0,0,2,3,2,1,1,1,3,3,3,3,0,NA,NA,1.6,2,3,3,3.77777777777778,4
26,2,"P012",0,3,"calm_relaxed",0,0,1,0,0,0,0,0,1,1,1,1,0,0,2,2,3,3,0,NA,NA,0.6,1,2.5,3,4.11111111111111,4
27,1,"P012",-1,2.5,"accomplished_productive",0,0,0,1,0,0,0,0,1,1,0,0,0,0,3,4,4,4,0,NA,NA,0.2,0,3.75,4,4.88888888888889,5
28,1,"P012",3,4.5,"joyful_happy",1,0,0,0,0,0,0,0,0,0,0,0,0,0,3,4,4,5,1,"home",3,0,0,4,4,5.11111111111111,5
29,1,"P012",0,3,"calm_relaxed",0,0,1,0,0,0,0,0,0,0,0,0,0,0,3,3,3,3,0,NA,NA,0,0,3,3,4.66666666666667,5
30,1,"P012",0,3,"calm_relaxed",0,0,1,0,0,0,0,0,0,0,0,0,0,0,3,3,3,1,0,NA,NA,0,0,2.5,3,4.44444444444444,4
1,2,"P013",-4,1,"upset_angry exhausted_tired irritated_frustrated",0,0,0,0,1,1,0,1,3,5,5,5,1,4,5,2,4,5,1,"work",-6,4,4,4,4,2.88888888888889,3
2,1,"P013",-3,1.5,"thrilled_enthusiastic exhausted_tired bored_lethargic",0,1,0,0,0,1,1,0,1,2,1,2,4,3,4,4,4,4,1,"home",3,2.4,2,4,4,3.77777777777778,4
3,2,"P013",2,4,"accomplished_productive exhausted_tired",0,0,0,1,0,1,0,0,1,2,3,2,0,3,4,4,4,5,0,NA,NA,2,2,4.25,4,4.11111111111111,4
5,1,"P013",-1,2.5,"exhausted_tired irritated_frustrated",0,0,0,0,0,1,0,1,2,3,4,3,0,2,4,4,4,4,0,NA,NA,2.4,2,4,4,3.77777777777778,4
6,2,"P013",1,3.5,"calm_relaxed exhausted_tired",0,0,1,0,0,1,0,0,2,4,4,3,3,4,2,3,4,4,0,NA,NA,3.6,4,3.25,3,2.77777777777778,3
7,2,"P013",1,3.5,"joyful_happy exhausted_tired irritated_frustrated",1,0,0,0,0,1,0,1,2,3,3,2,3,2,4,4,4,4,0,NA,NA,2.6,3,4,4,3.66666666666667,4
8,1,"P013",2,4,"accomplished_productive exhausted_tired",0,0,0,1,0,1,0,0,2,3,4,2,0,1,4,4,4,4,0,NA,NA,2,2,4,4,4,4
9,1,"P013",0,3,"exhausted_tired bored_lethargic irritated_frustrated",0,0,0,0,0,1,1,1,2,3,3,4,0,4,3,4,4,4,0,NA,NA,2.8,3,3.75,4,3.44444444444444,3
10,2,"P013",2,4,"thrilled_enthusiastic accomplished_productive exhausted_tired",0,1,0,1,0,1,0,0,1,2,1,2,1,1,4,4,4,5,1,"work",3,1.4,1,4.25,4,4.44444444444444,4
11,1,"P013",2,4,"joyful_happy accomplished_productive exhausted_tired",1,0,0,1,0,1,0,0,1,2,2,1,2,1,4,5,5,5,1,"work",3,1.6,2,4.75,5,4.55555555555556,5
12,2,"P013",0,3,"thrilled_enthusiastic exhausted_tired",0,1,0,0,0,1,0,0,2,3,3,3,1,2,5,4,4,4,0,NA,NA,2.4,2,4.25,4,3.88888888888889,4
13,1,"P013",0,3,"joyful_happy upset_angry exhausted_tired",1,0,0,0,1,1,0,0,1,2,3,2,2,1,4,5,4,4,0,NA,NA,2,2,4.25,4,4.11111111111111,4
14,1,"P013",4,5,"joyful_happy thrilled_enthusiastic accomplished_productive exhausted_tired",1,1,0,1,0,1,0,0,1,2,3,1,0,1,5,4,4,4,0,NA,NA,1.4,1,4.25,4,4.44444444444444,4
15,1,"P013",3,4.5,"joyful_happy thrilled_enthusiastic accomplished_productive exhausted_tired",1,1,0,1,0,1,0,0,2,4,4,3,1,0,6,5,5,5,1,"work",4,2.4,2,5.25,5,4.33333333333333,4
16,1,"P013",1,3.5,"joyful_happy calm_relaxed accomplished_productive",1,0,1,1,0,0,0,0,2,3,3,3,1,3,4,4,4,4,0,NA,NA,2.6,3,4,4,3.66666666666667,4
17,1,"P013",2,4,"joyful_happy thrilled_enthusiastic calm_relaxed accomplished_productive",1,1,1,1,0,0,0,0,1,2,1,3,0,4,4,4,4,4,1,"home",4,2,2,4,4,4,4
18,1,"P013",2,4,"joyful_happy accomplished_productive exhausted_tired",1,0,0,1,0,1,0,0,1,2,2,3,0,4,4,4,4,4,0,NA,NA,2.2,2,4,4,3.88888888888889,4
19,1,"P013",4,5,"joyful_happy thrilled_enthusiastic accomplished_productive exhausted_tired",1,1,0,1,0,1,0,0,1,2,2,2,0,0,5,5,5,6,1,"friends",4,1.2,1,5.25,5,5,5
20,1,"P013",6,6,"joyful_happy thrilled_enthusiastic accomplished_productive exhausted_tired",1,1,0,1,0,1,0,0,2,3,2,0,0,0,6,6,6,6,1,"work",6,1,1,6,6,5.44444444444444,5
21,1,"P013",3,4.5,"joyful_happy calm_relaxed exhausted_tired",1,0,1,0,0,1,0,0,1,1,0,0,0,0,4,4,4,4,0,NA,NA,0.2,0,4,4,5,5
22,1,"P013",4,5,"joyful_happy thrilled_enthusiastic accomplished_productive exhausted_tired",1,1,0,1,0,1,0,0,1,1,1,1,0,2,4,4,4,5,0,NA,NA,1,1,4.25,4,4.66666666666667,5
23,2,"P013",4,5,"joyful_happy thrilled_enthusiastic exhausted_tired",1,1,0,0,0,1,0,0,1,1,1,1,0,1,4,4,4,4,0,NA,NA,0.8,1,4,4,4.66666666666667,5
24,2,"P013",3,4.5,"joyful_happy bored_lethargic",1,0,0,0,0,0,1,0,1,2,2,2,2,2,4,4,4,4,0,NA,NA,2,2,4,4,4,4
25,2,"P013",4,5,"joyful_happy thrilled_enthusiastic calm_relaxed exhausted_tired",1,1,1,0,0,1,0,0,1,2,4,2,0,0,5,5,5,5,1,"friends",5,1.6,2,5,5,4.66666666666667,5
26,1,"P013",4,5,"joyful_happy thrilled_enthusiastic accomplished_productive",1,1,0,1,0,0,0,0,1,1,1,1,1,2,6,6,6,6,1,"work",5,1.2,1,6,6,5.33333333333333,5
27,1,"P013",4,5,"accomplished_productive exhausted_tired",0,0,0,1,0,1,0,0,1,2,2,2,1,2,4,5,5,5,1,"home",3,1.8,2,4.75,5,4.44444444444444,4
28,2,"P013",3,4.5,"joyful_happy calm_relaxed accomplished_productive exhausted_tired",1,0,1,1,0,1,0,0,1,1,1,1,0,1,4,4,5,5,0,NA,NA,0.8,1,4.5,5,4.88888888888889,5
29,2,"P013",4,5,"joyful_happy calm_relaxed accomplished_productive",1,0,1,1,0,0,0,0,1,2,1,2,1,1,5,5,5,5,0,NA,NA,1.4,1,5,5,4.77777777777778,5
30,1,"P013",5,5.5,"joyful_happy thrilled_enthusiastic calm_relaxed accomplished_productive",1,1,1,1,0,0,0,0,1,1,1,1,1,1,6,6,6,6,1,"home",5,1,1,6,6,5.44444444444444,5
1,1,"P014",3,4.5,"bored_lethargic",0,0,0,0,0,0,1,0,1,2,1,2,4,1,4,2,2,2,0,NA,NA,2,2,2.5,3,3.33333333333333,3
2,1,"P014",3,4.5,"accomplished_productive",0,0,0,1,0,0,0,0,1,1,1,1,1,1,1,1,1,1,0,NA,NA,1,1,1,1,3.22222222222222,3
3,1,"P014",2,4,"calm_relaxed",0,0,1,0,0,0,0,0,1,1,1,1,1,1,5,5,5,5,0,NA,NA,1,1,5,5,5,5
4,1,"P014",-1,2.5,"upset_angry",0,0,0,0,1,0,0,0,3,5,5,5,5,5,1,1,1,1,0,NA,NA,5,5,1,1,1,1
5,2,"P014",-4,1,"upset_angry exhausted_tired irritated_frustrated",0,0,0,0,1,1,0,1,3,6,6,6,6,6,0,0,0,0,1,"work",-5,6,6,0,0,0,0
6,2,"P014",-2,2,"irritated_frustrated",0,0,0,0,0,0,0,1,3,5,5,5,5,5,1,1,1,1,0,NA,NA,5,5,1,1,1,1
7,1,"P014",-1,2.5,"bored_lethargic",0,0,0,0,0,0,1,0,2,4,4,4,4,4,4,4,2,2,0,NA,NA,4,4,3,3,2.44444444444444,2
8,1,"P014",-2,2,"upset_angry irritated_frustrated",0,0,0,0,1,0,0,1,3,6,6,6,6,6,0,0,0,0,0,NA,NA,6,6,0,0,0,0
9,1,"P014",-1,2.5,"upset_angry exhausted_tired",0,0,0,0,1,1,0,0,3,6,6,6,6,6,2,2,2,2,0,NA,NA,6,6,2,2,0.888888888888889,1
10,2,"P014",-4,1,"upset_angry",0,0,0,0,1,0,0,0,3,6,6,6,6,6,0,0,0,0,0,NA,NA,6,6,0,0,0,0
11,1,"P014",-4,1,"exhausted_tired irritated_frustrated",0,0,0,0,0,1,0,1,0,0,0,0,0,0,0,0,0,0,0,NA,NA,0,0,0,0,3.33333333333333,3
12,1,"P014",-3,1.5,"upset_angry",0,0,0,0,1,0,0,0,3,6,6,6,5,4,3,1,0,0,0,NA,NA,5.4,5,1,1,0.777777777777778,1
13,2,"P014",-5,0.5,"irritated_frustrated",0,0,0,0,0,0,0,1,3,6,6,6,6,5,1,1,1,1,0,NA,NA,5.8,6,1,1,0.555555555555556,1
14,1,"P014",-5,0.5,"upset_angry",0,0,0,0,1,0,0,0,3,6,6,6,5,6,4,3,0,0,0,NA,NA,5.8,6,1.75,2,0.888888888888889,1
15,1,"P014",-3,1.5,"irritated_frustrated",0,0,0,0,0,0,0,1,1,1,1,1,6,2,1,1,1,1,0,NA,NA,2.2,2,1,1,2.55555555555556,3
16,1,"P014",0,3,"bored_lethargic",0,0,0,0,0,0,1,0,1,1,1,1,1,1,1,1,2,2,0,NA,NA,1,1,1.5,2,3.44444444444444,3
17,2,"P014",-1,2.5,"bored_lethargic",0,0,0,0,0,0,1,0,1,1,1,1,1,1,2,2,2,3,0,NA,NA,1,1,2.25,2,3.77777777777778,4
18,1,"P014",-3,1.5,"irritated_frustrated",0,0,0,0,0,0,0,1,3,6,5,5,4,5,4,3,3,1,0,NA,NA,5,5,2.75,3,1.77777777777778,2
19,2,"P014",-3,1.5,"irritated_frustrated",0,0,0,0,0,0,0,1,3,5,5,5,5,4,2,3,3,1,0,NA,NA,4.8,5,2.25,2,1.66666666666667,2
20,2,"P014",-5,0.5,"calm_relaxed",0,0,1,0,0,0,0,0,1,1,0,0,5,0,6,5,5,4,0,NA,NA,1.2,1,5,5,4.88888888888889,5
21,2,"P014",2,4,"bored_lethargic",0,0,0,0,0,0,1,0,0,0,0,0,0,2,1,0,1,0,0,NA,NA,0.4,0,0.5,1,3.33333333333333,3
22,1,"P014",3,4.5,"calm_relaxed",0,0,1,0,0,0,0,0,0,0,0,0,0,0,6,6,6,5,0,NA,NA,0,0,5.75,6,5.88888888888889,6
23,2,"P014",0,3,"irritated_frustrated",0,0,0,0,0,0,0,1,2,4,4,4,4,3,4,3,4,4,0,NA,NA,3.8,4,3.75,4,2.88888888888889,3
24,1,"P014",-3,1.5,"exhausted_tired",0,0,0,0,0,1,0,0,3,5,5,5,4,3,6,5,3,2,0,NA,NA,4.4,4,4,4,2.66666666666667,3
25,2,"P014",-1,2.5,"bored_lethargic",0,0,0,0,0,0,1,0,1,1,1,1,2,4,3,3,1,4,0,NA,NA,1.8,2,2.75,3,3.55555555555556,4
26,2,"P014",-1,2.5,"irritated_frustrated",0,0,0,0,0,0,0,1,3,5,5,5,4,2,1,1,1,0,0,NA,NA,4.2,4,0.75,1,1.33333333333333,1
27,2,"P014",3,4.5,"accomplished_productive exhausted_tired",0,0,0,1,0,1,0,0,2,4,4,3,3,3,5,4,4,3,0,NA,NA,3.4,3,4,4,3.22222222222222,3
28,1,"P014",-3,1.5,"irritated_frustrated",0,0,0,0,0,0,0,1,3,5,5,4,5,4,1,1,1,2,0,NA,NA,4.6,5,1.25,1,1.33333333333333,1
29,2,"P014",1,3.5,"calm_relaxed bored_lethargic",0,0,1,0,0,0,1,0,1,1,0,1,0,1,4,4,5,3,0,NA,NA,0.6,1,4,4,4.77777777777778,5
30,2,"P014",-4,1,"irritated_frustrated",0,0,0,0,0,0,0,1,1,1,6,6,5,5,2,1,0,0,0,NA,NA,4.6,5,0.75,1,1.11111111111111,1
1,1,"P015",-3,1.5,"bored_lethargic",0,0,0,0,0,0,1,0,2,4,5,3,1,4,3,1,5,1,0,NA,NA,3.4,3,2.5,3,2.55555555555556,3
2,1,"P015",2,4,"joyful_happy thrilled_enthusiastic accomplished_productive",1,1,0,1,0,0,0,0,1,1,4,4,2,5,2,2,1,4,0,NA,NA,3.2,3,2.25,2,2.55555555555556,3
3,2,"P015",-6,0,"irritated_frustrated",0,0,0,0,0,0,0,1,3,5,5,5,0,4,5,4,4,4,1,"friends",-6,3.8,4,4.25,4,3.11111111111111,3
4,2,"P015",2,4,"thrilled_enthusiastic accomplished_productive",0,1,0,1,0,0,0,0,1,1,5,4,2,4,1,4,1,4,0,NA,NA,3.2,3,2.5,3,2.66666666666667,3
5,1,"P015",1,3.5,"joyful_happy",1,0,0,0,0,0,0,0,1,2,3,3,3,3,3,3,3,4,0,NA,NA,2.8,3,3.25,3,3.22222222222222,3
6,1,"P015",1,3.5,"thrilled_enthusiastic",0,1,0,0,0,0,0,0,2,3,3,3,3,3,3,3,3,3,1,"friends",-6,3,3,3,3,3,3
7,2,"P015",5,5.5,"joyful_happy",1,0,0,0,0,0,0,0,2,3,3,3,3,3,3,3,3,3,0,NA,NA,3,3,3,3,3,3
8,1,"P015",-3,1.5,"exhausted_tired",0,0,0,0,0,1,0,0,0,0,3,4,1,2,4,2,2,4,0,NA,NA,2,2,3,3,3.55555555555556,4
9,1,"P015",0,3,"calm_relaxed upset_angry exhausted_tired bored_lethargic",0,0,1,0,1,1,1,0,2,3,3,3,3,3,3,3,3,3,0,NA,NA,3,3,3,3,3,3
10,2,"P015",3,4.5,"joyful_happy thrilled_enthusiastic calm_relaxed accomplished_productive upset_angry",1,1,1,1,1,0,0,0,2,4,3,3,3,3,3,3,3,3,0,NA,NA,3.2,3,3,3,2.88888888888889,3
11,1,"P015",6,6,"joyful_happy thrilled_enthusiastic accomplished_productive",1,1,0,1,0,0,0,0,2,3,3,3,3,3,3,3,3,3,0,NA,NA,3,3,3,3,3,3
12,2,"P015",3,4.5,"joyful_happy thrilled_enthusiastic calm_relaxed accomplished_productive",1,1,1,1,0,0,0,0,2,3,3,3,3,3,3,3,3,3,0,NA,NA,3,3,3,3,3,3
13,1,"P015",3,4.5,"joyful_happy thrilled_enthusiastic calm_relaxed",1,1,1,0,0,0,0,0,3,5,4,4,2,4,2,2,3,5,0,NA,NA,3.8,4,3,3,2.55555555555556,3
14,2,"P015",5,5.5,"joyful_happy thrilled_enthusiastic calm_relaxed accomplished_productive",1,1,1,1,0,0,0,0,2,3,3,3,3,3,3,3,3,3,0,NA,NA,3,3,3,3,3,3
15,2,"P015",4,5,"joyful_happy thrilled_enthusiastic",1,1,0,0,0,0,0,0,2,3,3,3,3,3,3,3,3,3,0,NA,NA,3,3,3,3,3,3
16,1,"P015",1,3.5,"joyful_happy thrilled_enthusiastic",1,1,0,0,0,0,0,0,2,3,3,3,3,3,3,3,3,3,0,NA,NA,3,3,3,3,3,3
17,2,"P015",1,3.5,"joyful_happy thrilled_enthusiastic",1,1,0,0,0,0,0,0,2,3,3,3,3,3,3,3,3,3,0,NA,NA,3,3,3,3,3,3
18,2,"P015",2,4,"joyful_happy thrilled_enthusiastic calm_relaxed",1,1,1,0,0,0,0,0,2,3,3,3,3,3,3,3,3,3,1,"work",-6,3,3,3,3,3,3
19,1,"P015",-6,0,"accomplished_productive upset_angry exhausted_tired irritated_frustrated",0,0,0,1,1,1,0,1,3,6,5,4,3,5,3,3,0,4,0,NA,NA,4.6,5,2.5,3,1.88888888888889,2
20,1,"P015",1,3.5,"thrilled_enthusiastic calm_relaxed bored_lethargic",0,1,1,0,0,0,1,0,1,2,3,2,3,3,4,2,4,2,0,NA,NA,2.6,3,3,3,3.22222222222222,3
21,2,"P015",3,4.5,"joyful_happy thrilled_enthusiastic",1,1,0,0,0,0,0,0,1,2,3,3,3,3,3,3,3,3,0,NA,NA,2.8,3,3,3,3.11111111111111,3
22,2,"P015",1,3.5,"joyful_happy thrilled_enthusiastic",1,1,0,0,0,0,0,0,2,4,3,3,2,4,2,3,3,3,0,NA,NA,3.2,3,2.75,3,2.77777777777778,3
23,2,"P015",0,3,"joyful_happy thrilled_enthusiastic calm_relaxed exhausted_tired",1,1,1,0,0,1,0,0,2,4,3,3,3,3,4,3,3,4,0,NA,NA,3.2,3,3.5,4,3.11111111111111,3
24,2,"P015",0,3,"joyful_happy thrilled_enthusiastic",1,1,0,0,0,0,0,0,2,3,3,3,3,3,3,3,3,3,0,NA,NA,3,3,3,3,3,3
25,1,"P015",2,4,"joyful_happy thrilled_enthusiastic",1,1,0,0,0,0,0,0,2,3,3,3,3,3,3,3,3,3,0,NA,NA,3,3,3,3,3,3
26,2,"P015",3,4.5,"joyful_happy thrilled_enthusiastic",1,1,0,0,0,0,0,0,1,2,3,3,4,2,4,3,2,3,0,NA,NA,2.8,3,3,3,3.11111111111111,3
27,2,"P015",2,4,"joyful_happy thrilled_enthusiastic",1,1,0,0,0,0,0,0,2,4,3,2,3,3,3,3,3,2,0,NA,NA,3,3,2.75,3,2.88888888888889,3
28,2,"P015",2,4,"joyful_happy thrilled_enthusiastic",1,1,0,0,0,0,0,0,2,3,3,3,3,3,3,3,3,3,0,NA,NA,3,3,3,3,3,3
29,2,"P015",1,3.5,"joyful_happy thrilled_enthusiastic",1,1,0,0,0,0,0,0,2,3,3,3,3,3,3,3,3,3,0,NA,NA,3,3,3,3,3,3
30,1,"P015",0,3,"joyful_happy thrilled_enthusiastic",1,1,0,0,0,0,0,0,2,3,3,3,3,3,3,3,3,3,0,NA,NA,3,3,3,3,3,3
1,2,"P016",-3,1.5,"upset_angry exhausted_tired irritated_frustrated",0,0,0,0,1,1,0,1,2,4,5,3,0,3,0,0,0,0,0,NA,NA,3,3,0,0,1.66666666666667,2
2,1,"P016",0,3,"exhausted_tired irritated_frustrated",0,0,0,0,0,1,0,1,2,4,2,3,4,5,0,0,0,0,0,NA,NA,3.6,4,0,0,1.33333333333333,1
3,1,"P016",4,5,"thrilled_enthusiastic accomplished_productive exhausted_tired irritated_frustrated",0,1,0,1,0,1,0,1,0,0,4,2,0,0,5,6,6,6,1,"work",6,1.2,1,5.75,6,5.22222222222222,5
4,1,"P016",4,5,"upset_angry exhausted_tired irritated_frustrated",0,0,0,0,1,1,0,1,2,3,4,5,4,5,4,4,4,5,0,NA,NA,4.2,4,4.25,4,2.88888888888889,3
5,2,"P016",4,5,"accomplished_productive upset_angry",0,0,0,1,1,0,0,0,2,4,4,3,1,4,0,4,4,4,0,NA,NA,3.2,3,3,3,2.88888888888889,3
6,1,"P016",5,5.5,"calm_relaxed accomplished_productive",0,0,1,1,0,0,0,0,0,0,0,0,0,4,3,4,5,4,0,NA,NA,0.8,1,4,4,4.66666666666667,5
7,2,"P016",4,5,"joyful_happy calm_relaxed accomplished_productive",1,0,1,1,0,0,0,0,2,3,3,0,0,0,4,5,6,5,0,NA,NA,1.2,1,5,5,4.88888888888889,5
8,2,"P016",4,5,"calm_relaxed accomplished_productive irritated_frustrated",0,0,1,1,0,0,0,1,2,3,3,0,0,0,6,6,6,6,0,NA,NA,1.2,1,6,6,5.33333333333333,5
9,2,"P016",4,5,"joyful_happy calm_relaxed accomplished_productive",1,0,1,1,0,0,0,0,0,0,4,1,0,0,4,5,5,5,0,NA,NA,1,1,4.75,5,4.88888888888889,5
10,1,"P016",4,5,"thrilled_enthusiastic calm_relaxed accomplished_productive",0,1,1,1,0,0,0,0,2,4,4,4,0,0,1,0,1,1,0,NA,NA,2.4,2,0.75,1,2.33333333333333,2
11,2,"P016",5,5.5,"accomplished_productive irritated_frustrated",0,0,0,1,0,0,0,1,3,5,5,0,0,3,0,4,4,4,0,NA,NA,2.6,3,3,3,3.22222222222222,3
12,2,"P016",1,3.5,"accomplished_productive exhausted_tired",0,0,0,1,0,1,0,0,3,5,5,4,0,0,4,5,5,3,0,NA,NA,2.8,3,4.25,4,3.66666666666667,4
13,2,"P016",3,4.5,"calm_relaxed accomplished_productive exhausted_tired",0,0,1,1,0,1,0,0,2,3,0,0,0,0,4,6,6,6,0,NA,NA,0.6,1,5.5,6,5.44444444444444,5
14,1,"P016",1,3.5,"exhausted_tired irritated_frustrated",0,0,0,0,0,1,0,1,0,0,5,3,0,0,0,5,4,4,0,NA,NA,1.6,2,3.25,3,3.88888888888889,4
15,1,"P016",4,5,"calm_relaxed bored_lethargic",0,0,1,0,0,0,1,0,2,3,0,0,0,0,5,4,4,4,0,NA,NA,0.6,1,4.25,4,4.88888888888889,5
16,1,"P016",3,4.5,"accomplished_productive exhausted_tired",0,0,0,1,0,1,0,0,2,3,3,0,0,0,5,0,4,3,0,NA,NA,1.2,1,3,3,4,4
17,1,"P016",4,5,"accomplished_productive exhausted_tired",0,0,0,1,0,1,0,0,0,0,0,0,4,0,5,6,6,6,0,NA,NA,0.8,1,5.75,6,5.44444444444444,5
19,1,"P016",4,5,"calm_relaxed accomplished_productive upset_angry exhausted_tired irritated_frustrated",0,0,1,1,1,1,0,1,2,3,4,1,4,6,4,5,5,5,0,NA,NA,3.6,4,4.75,5,3.44444444444444,3
20,2,"P016",3,4.5,"thrilled_enthusiastic calm_relaxed accomplished_productive",0,1,1,1,0,0,0,0,0,0,0,1,0,0,5,5,5,5,0,NA,NA,0.2,0,5,5,5.44444444444444,5
21,2,"P016",3,4.5,"joyful_happy accomplished_productive irritated_frustrated",1,0,0,1,0,0,0,1,0,0,0,0,0,0,4,4,5,5,0,NA,NA,0,0,4.5,5,5.33333333333333,5
22,1,"P016",4,5,"accomplished_productive bored_lethargic",0,0,0,1,0,0,1,0,2,4,0,0,0,0,4,5,5,3,0,NA,NA,0.8,1,4.25,4,4.77777777777778,5
23,2,"P016",1,3.5,"upset_angry exhausted_tired irritated_frustrated",0,0,0,0,1,1,0,1,2,4,4,4,0,5,4,1,1,1,0,NA,NA,3.4,3,1.75,2,2.22222222222222,2
24,2,"P016",2,4,"upset_angry exhausted_tired irritated_frustrated",0,0,0,0,1,1,0,1,3,5,5,5,5,5,0,0,0,0,0,NA,NA,5,5,0,0,0.555555555555556,1
25,2,"P016",-2,2,"upset_angry exhausted_tired irritated_frustrated",0,0,0,0,1,1,0,1,3,5,5,5,5,5,0,0,0,0,0,NA,NA,5,5,0,0,0.555555555555556,1
26,1,"P016",-3,1.5,"accomplished_productive exhausted_tired irritated_frustrated",0,0,0,1,0,1,0,1,3,5,5,3,3,5,0,4,2,0,0,NA,NA,4.2,4,1.5,2,1.66666666666667,2
27,1,"P016",2,4,"accomplished_productive",0,0,0,1,0,0,0,0,1,2,0,2,0,1,5,5,5,4,0,NA,NA,1,1,4.75,5,4.88888888888889,5
28,1,"P016",3,4.5,"calm_relaxed upset_angry",0,0,1,0,1,0,0,0,0,0,4,4,0,6,4,4,3,4,0,NA,NA,2.8,3,3.75,4,3.44444444444444,3
29,1,"P016",-2,2,"upset_angry exhausted_tired bored_lethargic irritated_frustrated",0,0,0,0,1,1,1,1,3,5,5,5,0,5,0,0,0,0,0,NA,NA,4,4,0,0,1.11111111111111,1
30,2,"P016",3,4.5,"accomplished_productive bored_lethargic irritated_frustrated",0,0,0,1,0,0,1,1,2,4,4,1,0,5,2,3,3,1,0,NA,NA,2.8,3,2.25,2,2.77777777777778,3
1,1,"P017",0,3,"bored_lethargic",0,0,0,0,0,0,1,0,2,3,2,1,1,2,3,4,4,3,0,NA,NA,1.8,2,3.5,4,3.88888888888889,4
3,2,"P017",2,4,"calm_relaxed",0,0,1,0,0,0,0,0,1,2,1,1,0,1,1,2,3,2,0,NA,NA,1,1,2,2,3.66666666666667,4
4,1,"P017",1,3.5,"exhausted_tired",0,0,0,0,0,1,0,0,1,2,2,2,3,4,3,4,3,3,1,"work",-2,2.6,3,3.25,3,3.33333333333333,3
5,1,"P017",2,4,"calm_relaxed",0,0,1,0,0,0,0,0,2,3,3,3,2,2,3,3,4,4,0,NA,NA,2.6,3,3.5,4,3.44444444444444,3
6,1,"P017",3,4.5,"calm_relaxed",0,0,1,0,0,0,0,0,2,3,2,2,2,3,3,3,3,3,0,NA,NA,2.4,2,3,3,3.33333333333333,3
7,2,"P017",2,4,"joyful_happy thrilled_enthusiastic calm_relaxed",1,1,1,0,0,0,0,0,2,3,3,3,3,3,3,3,3,3,0,NA,NA,3,3,3,3,3,3
8,1,"P017",2,4,"calm_relaxed",0,0,1,0,0,0,0,0,2,3,3,2,1,1,3,2,2,3,0,NA,NA,2,2,2.5,3,3.33333333333333,3
9,1,"P017",2,4,"calm_relaxed",0,0,1,0,0,0,0,0,2,3,3,2,2,2,3,2,3,3,0,NA,NA,2.4,2,2.75,3,3.22222222222222,3
10,2,"P017",3,4.5,"calm_relaxed",0,0,1,0,0,0,0,0,1,2,2,2,1,1,1,1,2,2,0,NA,NA,1.6,2,1.5,2,3.11111111111111,3
11,1,"P017",2,4,"calm_relaxed",0,0,1,0,0,0,0,0,1,1,2,1,1,2,1,3,3,3,0,NA,NA,1.4,1,2.5,3,3.66666666666667,4
12,2,"P017",2,4,"accomplished_productive",0,0,0,1,0,0,0,0,2,4,4,2,1,4,3,2,2,1,0,NA,NA,3,3,2,2,2.55555555555556,3
13,1,"P017",2,4,"calm_relaxed",0,0,1,0,0,0,0,0,2,3,2,2,3,4,4,3,2,3,0,NA,NA,2.8,3,3,3,3.11111111111111,3
14,2,"P017",0,3,"accomplished_productive",0,0,0,1,0,0,0,0,2,3,3,3,3,3,3,3,3,3,0,NA,NA,3,3,3,3,3,3
15,1,"P017",1,3.5,"calm_relaxed",0,0,1,0,0,0,0,0,1,2,3,2,1,1,3,3,3,2,0,NA,NA,1.8,2,2.75,3,3.55555555555556,4
16,2,"P017",2,4,"calm_relaxed",0,0,1,0,0,0,0,0,1,2,2,2,2,1,4,4,4,3,0,NA,NA,1.8,2,3.75,4,4,4
17,2,"P017",2,4,"calm_relaxed",0,0,1,0,0,0,0,0,2,3,2,2,2,1,3,3,2,3,0,NA,NA,2,2,2.75,3,3.44444444444444,3
18,2,"P017",3,4.5,"calm_relaxed",0,0,1,0,0,0,0,0,2,3,2,2,1,1,3,3,3,2,0,NA,NA,1.8,2,2.75,3,3.55555555555556,4
19,1,"P017",2,4,"calm_relaxed",0,0,1,0,0,0,0,0,1,2,2,2,1,1,3,3,3,3,0,NA,NA,1.6,2,3,3,3.77777777777778,4
20,1,"P017",2,4,"calm_relaxed",0,0,1,0,0,0,0,0,2,4,2,2,3,2,2,4,4,3,0,NA,NA,2.6,3,3.25,3,3.33333333333333,3
21,1,"P017",3,4.5,"accomplished_productive",0,0,0,1,0,0,0,0,2,4,4,4,2,1,3,3,3,4,0,NA,NA,3,3,3.25,3,3.11111111111111,3
22,2,"P017",3,4.5,"calm_relaxed",0,0,1,0,0,0,0,0,1,2,2,1,1,1,3,3,4,3,0,NA,NA,1.4,1,3.25,3,4,4
23,1,"P017",2,4,"calm_relaxed",0,0,1,0,0,0,0,0,2,4,4,1,1,1,3,3,4,4,0,NA,NA,2.2,2,3.5,4,3.66666666666667,4
24,1,"P017",2,4,"calm_relaxed",0,0,1,0,0,0,0,0,2,4,3,2,1,1,3,4,4,4,0,NA,NA,2.2,2,3.75,4,3.77777777777778,4
25,2,"P017",2,4,"calm_relaxed",0,0,1,0,0,0,0,0,2,4,4,3,3,2,1,3,3,3,0,NA,NA,3.2,3,2.5,3,2.66666666666667,3
26,1,"P017",1,3.5,"accomplished_productive",0,0,0,1,0,0,0,0,2,3,3,3,3,4,3,3,3,3,0,NA,NA,3.2,3,3,3,2.88888888888889,3
27,2,"P017",2,4,"calm_relaxed",0,0,1,0,0,0,0,0,2,4,2,1,2,3,2,3,2,3,0,NA,NA,2.4,2,2.5,3,3.11111111111111,3
28,1,"P017",1,3.5,"calm_relaxed",0,0,1,0,0,0,0,0,1,2,2,2,1,2,2,2,2,2,0,NA,NA,1.8,2,2,2,3.22222222222222,3
29,1,"P017",2,4,"accomplished_productive",0,0,0,1,0,0,0,0,2,4,3,3,2,3,4,4,4,3,0,NA,NA,3,3,3.75,4,3.33333333333333,3
30,1,"P017",2,4,"calm_relaxed",0,0,1,0,0,0,0,0,1,2,3,2,3,2,2,3,2,2,0,NA,NA,2.4,2,2.25,2,3,3
1,2,"P018",4,5,"thrilled_enthusiastic calm_relaxed",0,1,1,0,0,0,0,0,1,1,0,0,2,0,6,6,5,6,0,NA,NA,0.6,1,5.75,6,5.55555555555556,6
2,1,"P018",5,5.5,"calm_relaxed",0,0,1,0,0,0,0,0,0,0,0,0,0,1,3,4,5,3,0,NA,NA,0.2,0,3.75,4,4.88888888888889,5
3,1,"P018",5,5.5,"calm_relaxed bored_lethargic",0,0,1,0,0,0,1,0,0,0,0,0,0,0,4,4,4,4,0,NA,NA,0,0,4,4,5.11111111111111,5
4,1,"P018",5,5.5,"accomplished_productive exhausted_tired bored_lethargic",0,0,0,1,0,1,1,0,3,5,2,2,1,0,0,2,4,1,0,NA,NA,2,2,1.75,2,3,3
5,1,"P018",5,5.5,"joyful_happy",1,0,0,0,0,0,0,0,0,0,0,0,1,0,4,5,5,5,0,NA,NA,0.2,0,4.75,5,5.33333333333333,5
6,2,"P018",-1,2.5,"accomplished_productive",0,0,0,1,0,0,0,0,0,0,0,0,0,0,6,6,6,6,0,NA,NA,0,0,6,6,6,6
7,1,"P018",5,5.5,"exhausted_tired",0,0,0,0,0,1,0,0,0,0,0,0,0,0,4,4,4,4,0,NA,NA,0,0,4,4,5.11111111111111,5
8,1,"P018",3,4.5,"irritated_frustrated",0,0,0,0,0,0,0,1,2,4,3,0,0,0,3,3,3,3,0,NA,NA,1.4,1,3,3,3.88888888888889,4
9,2,"P018",4,5,"calm_relaxed",0,0,1,0,0,0,0,0,0,0,0,0,0,0,4,5,4,5,0,NA,NA,0,0,4.5,5,5.33333333333333,5
10,2,"P018",5,5.5,"calm_relaxed",0,0,1,0,0,0,0,0,0,0,0,0,0,0,4,4,4,4,0,NA,NA,0,0,4,4,5.11111111111111,5
11,1,"P018",4,5,"joyful_happy",1,0,0,0,0,0,0,0,0,0,0,0,0,0,3,3,3,3,0,NA,NA,0,0,3,3,4.66666666666667,5
12,1,"P018",4,5,"irritated_frustrated",0,0,0,0,0,0,0,1,0,0,0,0,0,0,3,3,3,3,0,NA,NA,0,0,3,3,4.66666666666667,5
13,2,"P018",5,5.5,"calm_relaxed",0,0,1,0,0,0,0,0,0,0,0,0,0,0,3,3,3,3,0,NA,NA,0,0,3,3,4.66666666666667,5
14,2,"P018",2,4,"exhausted_tired",0,0,0,0,0,1,0,0,1,1,2,1,1,0,3,2,4,2,0,NA,NA,1,1,2.75,3,4,4
15,1,"P018",4,5,"joyful_happy",1,0,0,0,0,0,0,0,1,1,1,0,1,0,4,4,5,3,0,NA,NA,0.6,1,4,4,4.77777777777778,5
16,1,"P018",4,5,"thrilled_enthusiastic calm_relaxed",0,1,1,0,0,0,0,0,0,0,0,0,0,0,3,3,3,3,0,NA,NA,0,0,3,3,4.66666666666667,5
17,2,"P018",3,4.5,"calm_relaxed exhausted_tired",0,0,1,0,0,1,0,0,0,0,0,0,0,0,3,3,3,3,0,NA,NA,0,0,3,3,4.66666666666667,5
18,2,"P018",3,4.5,"calm_relaxed",0,0,1,0,0,0,0,0,0,0,0,0,0,0,3,3,3,3,0,NA,NA,0,0,3,3,4.66666666666667,5
19,2,"P018",3,4.5,"thrilled_enthusiastic",0,1,0,0,0,0,0,0,0,0,0,0,0,0,4,4,4,4,0,NA,NA,0,0,4,4,5.11111111111111,5
20,1,"P018",4,5,"exhausted_tired",0,0,0,0,0,1,0,0,0,0,0,0,0,0,3,3,4,3,0,NA,NA,0,0,3.25,3,4.77777777777778,5
21,2,"P018",2,4,"exhausted_tired",0,0,0,0,0,1,0,0,0,0,0,0,0,0,3,3,3,3,0,NA,NA,0,0,3,3,4.66666666666667,5
22,2,"P018",4,5,"joyful_happy",1,0,0,0,0,0,0,0,0,0,0,0,0,0,5,5,4,1,0,NA,NA,0,0,3.75,4,5,5
23,2,"P018",5,5.5,"calm_relaxed",0,0,1,0,0,0,0,0,0,0,0,0,0,0,4,4,4,4,0,NA,NA,0,0,4,4,5.11111111111111,5
24,2,"P018",3,4.5,"exhausted_tired",0,0,0,0,0,1,0,0,0,0,0,0,0,0,3,3,3,3,0,NA,NA,0,0,3,3,4.66666666666667,5
25,2,"P018",4,5,"thrilled_enthusiastic calm_relaxed",0,1,1,0,0,0,0,0,0,0,0,0,0,0,3,3,3,3,0,NA,NA,0,0,3,3,4.66666666666667,5
26,1,"P018",3,4.5,"bored_lethargic",0,0,0,0,0,0,1,0,0,0,0,0,0,0,3,3,3,3,0,NA,NA,0,0,3,3,4.66666666666667,5
27,2,"P018",3,4.5,"accomplished_productive",0,0,0,1,0,0,0,0,0,0,0,0,0,0,3,3,3,3,0,NA,NA,0,0,3,3,4.66666666666667,5
28,2,"P018",3,4.5,"irritated_frustrated",0,0,0,0,0,0,0,1,0,0,0,0,1,0,3,3,3,3,0,NA,NA,0.2,0,3,3,4.55555555555556,5
29,2,"P018",4,5,"bored_lethargic",0,0,0,0,0,0,1,0,0,0,0,0,0,0,3,3,3,3,0,NA,NA,0,0,3,3,4.66666666666667,5
30,2,"P018",5,5.5,"joyful_happy",1,0,0,0,0,0,0,0,0,0,1,0,0,0,3,3,3,3,0,NA,NA,0.2,0,3,3,4.55555555555556,5
1,1,"P019",0,3,"calm_relaxed",0,0,1,0,0,0,0,0,0,0,0,0,0,0,3,3,4,5,0,NA,NA,0,0,3.75,4,5,5
2,2,"P019",0,3,"calm_relaxed",0,0,1,0,0,0,0,0,0,0,0,0,1,0,3,3,3,3,0,NA,NA,0.2,0,3,3,4.55555555555556,5
3,1,"P019",0,3,"joyful_happy",1,0,0,0,0,0,0,0,0,0,0,0,0,0,5,3,3,5,1,"work",4,0,0,4,4,5.11111111111111,5
4,1,"P019",0,3,"exhausted_tired",0,0,0,0,0,1,0,0,1,2,1,0,0,0,3,3,3,3,0,NA,NA,0.6,1,3,3,4.33333333333333,4
5,2,"P019",0,3,"bored_lethargic",0,0,0,0,0,0,1,0,0,0,0,0,0,0,3,3,3,3,1,"work",1,0,0,3,3,4.66666666666667,5
6,1,"P019",0,3,"bored_lethargic",0,0,0,0,0,0,1,0,1,1,1,1,0,0,3,3,3,3,1,"work",3,0.6,1,3,3,4.33333333333333,4
7,2,"P019",0,3,"calm_relaxed",0,0,1,0,0,0,0,0,0,0,0,0,0,0,6,6,6,6,0,NA,NA,0,0,6,6,6,6
8,1,"P019",0,3,"calm_relaxed",0,0,1,0,0,0,0,0,0,0,0,0,0,0,3,3,3,3,0,NA,NA,0,0,3,3,4.66666666666667,5
9,1,"P019",0,3,"calm_relaxed",0,0,1,0,0,0,0,0,0,0,0,0,0,0,3,3,3,3,0,NA,NA,0,0,3,3,4.66666666666667,5
10,2,"P019",0,3,"exhausted_tired",0,0,0,0,0,1,0,0,0,0,0,0,0,0,3,3,3,3,0,NA,NA,0,0,3,3,4.66666666666667,5
11,1,"P019",0,3,"exhausted_tired",0,0,0,0,0,1,0,0,0,0,0,0,1,0,4,3,4,5,0,NA,NA,0.2,0,4,4,5,5
12,1,"P019",0,3,"bored_lethargic",0,0,0,0,0,0,1,0,0,0,0,0,0,0,3,3,3,3,1,"work",6,0,0,3,3,4.66666666666667,5
13,2,"P019",0,3,"bored_lethargic",0,0,0,0,0,0,1,0,0,0,0,0,0,0,3,3,3,3,0,NA,NA,0,0,3,3,4.66666666666667,5
14,1,"P019",0,3,"exhausted_tired",0,0,0,0,0,1,0,0,0,0,0,0,0,0,4,4,4,3,0,NA,NA,0,0,3.75,4,5,5
15,1,"P019",0,3,"calm_relaxed",0,0,1,0,0,0,0,0,0,0,0,0,0,0,5,3,4,5,0,NA,NA,0,0,4.25,4,5.22222222222222,5
16,1,"P019",0,3,"calm_relaxed",0,0,1,0,0,0,0,0,0,0,0,0,0,0,6,3,5,5,0,NA,NA,0,0,4.75,5,5.44444444444444,5
18,1,"P019",0,3,"irritated_frustrated",0,0,0,0,0,0,0,1,3,5,5,5,5,4,0,0,0,0,1,"other",6,4.8,5,0,0,0.666666666666667,1
19,1,"P019",0,3,"joyful_happy",1,0,0,0,0,0,0,0,0,0,0,0,0,0,3,3,3,3,0,NA,NA,0,0,3,3,4.66666666666667,5
21,1,"P019",0,3,"calm_relaxed",0,0,1,0,0,0,0,0,0,0,0,0,0,0,3,3,3,3,0,NA,NA,0,0,3,3,4.66666666666667,5
22,2,"P019",0,3,"calm_relaxed",0,0,1,0,0,0,0,0,0,0,0,0,0,0,3,3,3,3,0,NA,NA,0,0,3,3,4.66666666666667,5
23,2,"P019",0,3,"exhausted_tired",0,0,0,0,0,1,0,0,0,0,0,0,0,0,3,3,3,4,0,NA,NA,0,0,3.25,3,4.77777777777778,5
24,1,"P019",0,3,"exhausted_tired",0,0,0,0,0,1,0,0,1,1,0,0,2,0,3,2,3,3,1,"other",2,0.6,1,2.75,3,4.22222222222222,4
25,2,"P019",0,3,"calm_relaxed",0,0,1,0,0,0,0,0,0,0,0,0,0,0,3,3,3,3,0,NA,NA,0,0,3,3,4.66666666666667,5
26,1,"P019",0,3,"upset_angry exhausted_tired",0,0,0,0,1,1,0,0,3,5,4,5,4,5,4,5,4,5,1,"other",6,4.6,5,4.5,5,2.77777777777778,3
27,1,"P019",0,3,"exhausted_tired",0,0,0,0,0,1,0,0,2,3,3,3,3,3,4,4,3,4,0,NA,NA,3,3,3.75,4,3.33333333333333,3
28,2,"P019",0,3,"exhausted_tired",0,0,0,0,0,1,0,0,0,0,0,0,0,0,3,3,3,3,0,NA,NA,0,0,3,3,4.66666666666667,5
29,1,"P019",0,3,"irritated_frustrated",0,0,0,0,0,0,0,1,3,6,6,6,6,6,6,6,6,6,1,"friends",6,6,6,6,6,2.66666666666667,3
30,2,"P019",0,3,"calm_relaxed",0,0,1,0,0,0,0,0,0,0,0,0,0,0,3,3,3,3,0,NA,NA,0,0,3,3,4.66666666666667,5
1,1,"P020",-2,2,"exhausted_tired bored_lethargic irritated_frustrated",0,0,0,0,0,1,1,1,2,4,6,6,2,4,1,0,0,4,1,"home",-3,4.4,4,1.25,1,1.44444444444444,1
2,2,"P020",2,4,"thrilled_enthusiastic accomplished_productive exhausted_tired",0,1,0,1,0,1,0,0,1,2,4,0,5,0,4,4,4,5,0,NA,NA,2.2,2,4.25,4,4,4
3,1,"P020",4,5,"joyful_happy thrilled_enthusiastic exhausted_tired",1,1,0,0,0,1,0,0,3,5,5,0,5,0,4,4,3,6,1,"friends",2,3,3,4.25,4,3.55555555555556,4
4,1,"P020",0,3,"thrilled_enthusiastic upset_angry exhausted_tired irritated_frustrated",0,1,0,0,1,1,0,1,3,6,6,0,0,0,3,5,3,6,0,NA,NA,2.4,2,4.25,4,3.88888888888889,4
5,2,"P020",6,6,"joyful_happy thrilled_enthusiastic calm_relaxed accomplished_productive exhausted_tired",1,1,1,1,0,1,0,0,2,4,0,0,2,4,4,5,4,5,0,NA,NA,2,2,4.5,5,4.22222222222222,4
6,1,"P020",5,5.5,"joyful_happy thrilled_enthusiastic calm_relaxed accomplished_productive",1,1,1,1,0,0,0,0,0,0,0,0,0,0,6,6,6,6,0,NA,NA,0,0,6,6,6,6
7,1,"P020",5,5.5,"joyful_happy thrilled_enthusiastic accomplished_productive irritated_frustrated",1,1,0,1,0,0,0,1,1,2,3,0,6,0,3,4,3,5,0,NA,NA,2.2,2,3.75,4,3.77777777777778,4
8,2,"P020",3,4.5,"calm_relaxed accomplished_productive exhausted_tired",0,0,1,1,0,1,0,0,1,2,2,0,0,2,1,4,3,4,1,"home",-4,1.2,1,3,3,4,4
9,1,"P020",-2,2,"upset_angry exhausted_tired irritated_frustrated",0,0,0,0,1,1,0,1,3,5,6,6,6,0,4,4,4,4,1,"friends",4,4.6,5,4,4,2.55555555555556,3
10,1,"P020",6,6,"joyful_happy thrilled_enthusiastic calm_relaxed accomplished_productive",1,1,1,1,0,0,0,0,1,1,1,0,6,0,3,5,6,6,1,"friends",6,1.6,2,5,5,4.66666666666667,5
11,1,"P020",4,5,"joyful_happy accomplished_productive upset_angry exhausted_tired",1,0,0,1,1,1,0,0,0,0,1,0,0,0,6,4,4,4,1,"friends",-3,0.2,0,4.5,5,5.22222222222222,5
12,2,"P020",5,5.5,"joyful_happy thrilled_enthusiastic calm_relaxed accomplished_productive exhausted_tired bored_lethargic",1,1,1,1,0,1,1,0,1,1,0,0,6,0,4,3,5,5,0,NA,NA,1.4,1,4.25,4,4.44444444444444,4
13,2,"P020",6,6,"joyful_happy thrilled_enthusiastic calm_relaxed upset_angry",1,1,1,0,1,0,0,0,1,1,2,0,0,0,6,4,6,5,0,NA,NA,0.6,1,5.25,5,5.33333333333333,5
14,2,"P020",4,5,"joyful_happy calm_relaxed accomplished_productive upset_angry",1,0,1,1,1,0,0,0,2,4,1,0,0,1,0,3,4,4,0,NA,NA,1.2,1,2.75,3,3.88888888888889,4
15,1,"P020",6,6,"joyful_happy calm_relaxed upset_angry exhausted_tired",1,0,1,0,1,1,0,0,3,5,6,5,1,6,5,3,4,4,1,"friends",-6,4.6,5,4,4,2.55555555555556,3
16,2,"P020",6,6,"joyful_happy thrilled_enthusiastic exhausted_tired",1,1,0,0,0,1,0,0,0,0,0,0,2,0,6,4,6,4,1,"home",6,0.4,0,5,5,5.33333333333333,5
17,1,"P020",5,5.5,"joyful_happy thrilled_enthusiastic calm_relaxed irritated_frustrated",1,1,1,0,0,0,0,1,0,0,2,0,0,0,4,0,2,6,0,NA,NA,0.4,0,3,3,4.44444444444444,4
18,2,"P020",5,5.5,"joyful_happy calm_relaxed accomplished_productive",1,0,1,1,0,0,0,0,0,0,0,0,0,0,3,4,4,4,1,"friends",4,0,0,3.75,4,5,5
19,2,"P020",-3,1.5,"upset_angry exhausted_tired bored_lethargic irritated_frustrated",0,0,0,0,1,1,1,1,3,6,6,6,1,6,1,0,0,0,1,"work",-6,5,5,0.25,0,0.666666666666667,1
20,2,"P020",6,6,"joyful_happy calm_relaxed accomplished_productive",1,0,1,1,0,0,0,0,1,1,1,2,0,0,2,3,6,4,0,NA,NA,0.8,1,3.75,4,4.55555555555556,5
21,2,"P020",6,6,"joyful_happy thrilled_enthusiastic calm_relaxed accomplished_productive",1,1,1,1,0,0,0,0,1,1,2,0,0,0,6,5,6,4,0,NA,NA,0.6,1,5.25,5,5.33333333333333,5
22,1,"P020",6,6,"joyful_happy thrilled_enthusiastic calm_relaxed accomplished_productive",1,1,1,1,0,0,0,0,0,0,0,0,1,0,6,6,6,6,1,"friends",6,0.2,0,6,6,5.88888888888889,6
23,1,"P020",6,6,"joyful_happy thrilled_enthusiastic calm_relaxed accomplished_productive exhausted_tired",1,1,1,1,0,1,0,0,0,0,0,0,0,0,6,6,6,6,1,"home",6,0,0,6,6,6,6
24,1,"P020",6,6,"joyful_happy thrilled_enthusiastic calm_relaxed accomplished_productive exhausted_tired",1,1,1,1,0,1,0,0,0,0,1,0,1,0,6,6,6,6,1,"friends",4,0.4,0,6,6,5.77777777777778,6
25,2,"P020",6,6,"joyful_happy calm_relaxed upset_angry exhausted_tired",1,0,1,0,1,1,0,0,1,2,2,0,3,0,4,3,4,4,1,"friends",-6,1.4,1,3.75,4,4.22222222222222,4
26,2,"P020",-5,0.5,"accomplished_productive upset_angry exhausted_tired irritated_frustrated",0,0,0,1,1,1,0,1,3,6,5,5,0,6,2,4,0,2,1,"work",-6,4.4,4,2,2,1.77777777777778,2
27,2,"P020",6,6,"joyful_happy thrilled_enthusiastic calm_relaxed exhausted_tired",1,1,1,0,0,1,0,0,1,1,0,0,0,0,5,5,6,5,1,"home",6,0.2,0,5.25,5,5.55555555555556,6
28,1,"P020",6,6,"joyful_happy thrilled_enthusiastic accomplished_productive",1,1,0,1,0,0,0,0,0,0,1,0,0,0,5,6,6,6,1,"home",6,0.2,0,5.75,6,5.77777777777778,6
29,2,"P020",6,6,"upset_angry exhausted_tired bored_lethargic irritated_frustrated",0,0,0,0,1,1,1,1,1,1,1,1,2,1,3,0,0,0,0,NA,NA,1.2,1,0.75,1,3,3
30,1,"P020",-6,0,"upset_angry exhausted_tired bored_lethargic irritated_frustrated",0,0,0,0,1,1,1,1,3,6,6,6,6,6,0,0,0,0,1,"friends",-6,6,6,0,0,0,0
1,1,"P021",2,4,"calm_relaxed",0,0,1,0,0,0,0,0,1,1,1,0,0,0,0,4,4,4,0,NA,NA,0.4,0,3,3,4.44444444444444,4
2,2,"P021",4,5,"joyful_happy",1,0,0,0,0,0,0,0,1,1,1,1,0,0,4,4,4,4,0,NA,NA,0.6,1,4,4,4.77777777777778,5
3,2,"P021",3,4.5,"joyful_happy",1,0,0,0,0,0,0,0,0,0,0,0,0,0,3,3,4,4,0,NA,NA,0,0,3.5,4,4.88888888888889,5
4,1,"P021",4,5,"joyful_happy",1,0,0,0,0,0,0,0,1,1,1,0,0,0,0,0,5,5,0,NA,NA,0.4,0,2.5,3,4.22222222222222,4
5,2,"P021",4,5,"joyful_happy",1,0,0,0,0,0,0,0,1,1,0,0,0,0,5,5,5,5,0,NA,NA,0.2,0,5,5,5.44444444444444,5
6,2,"P021",3,4.5,"calm_relaxed",0,0,1,0,0,0,0,0,1,1,1,0,0,0,5,5,5,4,0,NA,NA,0.4,0,4.75,5,5.22222222222222,5
7,2,"P021",5,5.5,"joyful_happy",1,0,0,0,0,0,0,0,0,0,0,0,0,0,6,5,5,5,0,NA,NA,0,0,5.25,5,5.66666666666667,6
9,1,"P021",3,4.5,"calm_relaxed",0,0,1,0,0,0,0,0,0,0,0,0,0,0,5,5,5,5,0,NA,NA,0,0,5,5,5.55555555555556,6
10,1,"P021",2,4,"calm_relaxed",0,0,1,0,0,0,0,0,1,1,1,0,0,0,5,5,5,5,0,NA,NA,0.4,0,5,5,5.33333333333333,5
11,1,"P021",1,3.5,"calm_relaxed",0,0,1,0,0,0,0,0,1,1,2,1,0,0,4,5,4,3,0,NA,NA,0.8,1,4,4,4.66666666666667,5
12,2,"P021",3,4.5,"joyful_happy",1,0,0,0,0,0,0,0,1,1,0,0,0,0,5,5,5,5,0,NA,NA,0.2,0,5,5,5.44444444444444,5
13,1,"P021",2,4,"calm_relaxed",0,0,1,0,0,0,0,0,1,1,1,0,0,0,5,4,4,4,0,NA,NA,0.4,0,4.25,4,5,5
14,2,"P021",3,4.5,"calm_relaxed exhausted_tired",0,0,1,0,0,1,0,0,0,0,1,0,0,0,5,5,5,5,0,NA,NA,0.2,0,5,5,5.44444444444444,5
15,2,"P021",1,3.5,"calm_relaxed",0,0,1,0,0,0,0,0,0,0,0,0,0,0,4,4,4,4,0,NA,NA,0,0,4,4,5.11111111111111,5
16,1,"P021",1,3.5,"accomplished_productive",0,0,0,1,0,0,0,0,0,0,0,0,1,0,0,4,4,4,0,NA,NA,0.2,0,3,3,4.55555555555556,5
17,1,"P021",2,4,"calm_relaxed bored_lethargic",0,0,1,0,0,0,1,0,0,0,1,1,0,0,4,4,4,4,0,NA,NA,0.4,0,4,4,4.88888888888889,5
18,1,"P021",1,3.5,"calm_relaxed exhausted_tired",0,0,1,0,0,1,0,0,1,1,1,1,0,0,4,4,4,4,0,NA,NA,0.6,1,4,4,4.77777777777778,5
19,2,"P021",5,5.5,"joyful_happy accomplished_productive",1,0,0,1,0,0,0,0,0,0,0,0,0,0,6,6,6,6,0,NA,NA,0,0,6,6,6,6
20,1,"P021",2,4,"calm_relaxed",0,0,1,0,0,0,0,0,0,0,0,0,0,0,4,4,4,4,0,NA,NA,0,0,4,4,5.11111111111111,5
21,2,"P021",3,4.5,"calm_relaxed",0,0,1,0,0,0,0,0,1,1,0,0,0,0,5,5,5,5,0,NA,NA,0.2,0,5,5,5.44444444444444,5
22,2,"P021",2,4,"exhausted_tired",0,0,0,0,0,1,0,0,0,0,1,0,0,0,3,5,4,3,0,NA,NA,0.2,0,3.75,4,4.88888888888889,5
23,2,"P021",2,4,"accomplished_productive",0,0,0,1,0,0,0,0,1,1,1,0,0,0,4,4,4,3,0,NA,NA,0.4,0,3.75,4,4.77777777777778,5
24,1,"P021",2,4,"calm_relaxed",0,0,1,0,0,0,0,0,0,0,0,0,0,0,4,5,5,5,0,NA,NA,0,0,4.75,5,5.44444444444444,5
25,1,"P021",1,3.5,"calm_relaxed",0,0,1,0,0,0,0,0,0,0,1,1,0,0,4,4,4,4,0,NA,NA,0.4,0,4,4,4.88888888888889,5
26,2,"P021",4,5,"joyful_happy",1,0,0,0,0,0,0,0,0,0,0,0,0,0,5,5,5,5,0,NA,NA,0,0,5,5,5.55555555555556,6
27,2,"P021",1,3.5,"calm_relaxed exhausted_tired",0,0,1,0,0,1,0,0,1,1,1,1,0,0,5,5,5,5,0,NA,NA,0.6,1,5,5,5.22222222222222,5
28,1,"P021",2,4,"calm_relaxed",0,0,1,0,0,0,0,0,1,1,0,0,1,0,4,4,4,4,0,NA,NA,0.4,0,4,4,4.88888888888889,5
29,2,"P021",3,4.5,"joyful_happy calm_relaxed",1,0,1,0,0,0,0,0,0,0,0,0,0,0,4,5,5,4,0,NA,NA,0,0,4.5,5,5.33333333333333,5
30,2,"P021",3,4.5,"calm_relaxed accomplished_productive",0,0,1,1,0,0,0,0,0,0,0,0,0,0,6,5,5,5,0,NA,NA,0,0,5.25,5,5.66666666666667,6
1,1,"P022",5,5.5,"joyful_happy thrilled_enthusiastic calm_relaxed accomplished_productive irritated_frustrated",1,1,1,1,0,0,0,1,1,2,1,0,0,0,6,5,5,5,0,NA,NA,0.6,1,5.25,5,5.33333333333333,5
2,2,"P022",3,4.5,"joyful_happy thrilled_enthusiastic calm_relaxed accomplished_productive exhausted_tired",1,1,1,1,0,1,0,0,0,0,1,0,0,0,6,6,6,6,0,NA,NA,0.2,0,6,6,5.88888888888889,6
3,1,"P022",4,5,"joyful_happy calm_relaxed accomplished_productive",1,0,1,1,0,0,0,0,2,4,1,0,2,0,5,5,5,3,0,NA,NA,1.4,1,4.5,5,4.55555555555556,5
4,1,"P022",3,4.5,"accomplished_productive upset_angry exhausted_tired bored_lethargic irritated_frustrated",0,0,0,1,1,1,1,1,3,5,5,1,4,0,6,5,3,1,1,"work",-4,3,3,3.75,4,3.33333333333333,3
5,2,"P022",4,5,"joyful_happy thrilled_enthusiastic calm_relaxed accomplished_productive upset_angry",1,1,1,1,1,0,0,0,2,4,0,2,0,1,5,5,5,5,1,"home",-2,1.4,1,5,5,4.77777777777778,5
6,2,"P022",-4,1,"upset_angry exhausted_tired irritated_frustrated",0,0,0,0,1,1,0,1,3,6,6,6,5,2,3,1,1,0,1,"work",-5,5,5,1.25,1,1.11111111111111,1
7,2,"P022",5,5.5,"joyful_happy thrilled_enthusiastic calm_relaxed accomplished_productive exhausted_tired",1,1,1,1,0,1,0,0,1,2,1,0,0,0,6,6,6,6,1,"work",6,0.6,1,6,6,5.66666666666667,6
8,1,"P022",6,6,"joyful_happy thrilled_enthusiastic calm_relaxed accomplished_productive exhausted_tired",1,1,1,1,0,1,0,0,2,3,1,0,4,0,6,6,6,6,1,"home",6,1.6,2,6,6,5.11111111111111,5
9,1,"P022",5,5.5,"joyful_happy thrilled_enthusiastic calm_relaxed accomplished_productive exhausted_tired",1,1,1,1,0,1,0,0,1,1,0,0,0,0,6,6,6,6,0,NA,NA,0.2,0,6,6,5.88888888888889,6
10,1,"P022",5,5.5,"joyful_happy calm_relaxed accomplished_productive",1,0,1,1,0,0,0,0,2,3,2,0,0,0,6,6,6,6,0,NA,NA,1,1,6,6,5.44444444444444,5
11,1,"P022",6,6,"joyful_happy thrilled_enthusiastic calm_relaxed accomplished_productive",1,1,1,1,0,0,0,0,0,0,0,0,0,0,6,6,6,6,1,"home",6,0,0,6,6,6,6
12,1,"P022",6,6,"joyful_happy thrilled_enthusiastic calm_relaxed accomplished_productive",1,1,1,1,0,0,0,0,2,4,3,0,0,0,6,6,6,6,0,NA,NA,1.4,1,6,6,5.22222222222222,5
13,1,"P022",6,6,"joyful_happy thrilled_enthusiastic calm_relaxed accomplished_productive",1,1,1,1,0,0,0,0,0,0,0,0,0,0,6,6,6,6,0,NA,NA,0,0,6,6,6,6
14,2,"P022",5,5.5,"joyful_happy thrilled_enthusiastic calm_relaxed accomplished_productive upset_angry",1,1,1,1,1,0,0,0,1,1,0,1,0,1,5,6,6,6,0,NA,NA,0.6,1,5.75,6,5.55555555555556,6
15,2,"P022",-4,1,"joyful_happy thrilled_enthusiastic calm_relaxed accomplished_productive",1,1,1,1,0,0,0,0,1,1,0,1,1,1,5,5,5,5,0,NA,NA,0.8,1,5,5,5.11111111111111,5
16,1,"P022",3,4.5,"upset_angry exhausted_tired irritated_frustrated",0,0,0,0,1,1,0,1,1,2,1,2,2,0,5,5,3,3,0,NA,NA,1.4,1,4,4,4.33333333333333,4
17,1,"P022",6,6,"joyful_happy thrilled_enthusiastic calm_relaxed",1,1,1,0,0,0,0,0,0,0,0,0,1,0,6,6,6,6,0,NA,NA,0.2,0,6,6,5.88888888888889,6
18,1,"P022",4,5,"joyful_happy calm_relaxed bored_lethargic",1,0,1,0,0,0,1,0,0,0,0,1,0,0,5,5,5,4,0,NA,NA,0.2,0,4.75,5,5.33333333333333,5
19,2,"P022",5,5.5,"joyful_happy calm_relaxed accomplished_productive upset_angry",1,0,1,1,1,0,0,0,1,2,0,0,0,0,6,5,5,5,0,NA,NA,0.4,0,5.25,5,5.44444444444444,5
20,1,"P022",4,5,"accomplished_productive upset_angry bored_lethargic irritated_frustrated",0,0,0,1,1,0,1,1,1,2,1,2,0,2,4,5,5,3,0,NA,NA,1.4,1,4.25,4,4.44444444444444,4
21,2,"P022",5,5.5,"joyful_happy calm_relaxed accomplished_productive",1,0,1,1,0,0,0,0,0,0,0,1,0,1,5,4,5,5,0,NA,NA,0.4,0,4.75,5,5.22222222222222,5
22,2,"P022",5,5.5,"joyful_happy thrilled_enthusiastic calm_relaxed accomplished_productive",1,1,1,1,0,0,0,0,0,0,0,0,0,0,5,6,6,6,0,NA,NA,0,0,5.75,6,5.88888888888889,6
23,2,"P022",5,5.5,"joyful_happy thrilled_enthusiastic exhausted_tired",1,1,0,0,0,1,0,0,1,1,1,0,1,0,5,5,5,5,0,NA,NA,0.6,1,5,5,5.22222222222222,5
24,2,"P022",6,6,"joyful_happy thrilled_enthusiastic accomplished_productive",1,1,0,1,0,0,0,0,0,0,0,0,1,0,6,6,6,6,0,NA,NA,0.2,0,6,6,5.88888888888889,6
25,2,"P022",4,5,"joyful_happy thrilled_enthusiastic calm_relaxed accomplished_productive",1,1,1,1,0,0,0,0,1,1,0,0,1,0,6,6,6,6,0,NA,NA,0.4,0,6,6,5.77777777777778,6
26,1,"P022",6,6,"joyful_happy thrilled_enthusiastic calm_relaxed accomplished_productive",1,1,1,1,0,0,0,0,0,0,0,0,0,0,6,6,6,6,1,"work",6,0,0,6,6,6,6
27,2,"P022",6,6,"joyful_happy thrilled_enthusiastic accomplished_productive exhausted_tired",1,1,0,1,0,1,0,0,0,0,1,0,0,0,6,6,6,6,0,NA,NA,0.2,0,6,6,5.88888888888889,6
28,2,"P022",6,6,"joyful_happy thrilled_enthusiastic calm_relaxed accomplished_productive",1,1,1,1,0,0,0,0,0,0,0,0,0,0,6,6,6,6,0,NA,NA,0,0,6,6,6,6
29,2,"P022",6,6,"joyful_happy thrilled_enthusiastic accomplished_productive",1,1,0,1,0,0,0,0,0,0,0,0,0,0,6,6,6,6,0,NA,NA,0,0,6,6,6,6
30,1,"P022",6,6,"joyful_happy calm_relaxed accomplished_productive",1,0,1,1,0,0,0,0,1,1,1,0,0,0,5,5,5,5,0,NA,NA,0.4,0,5,5,5.33333333333333,5
1,2,"P023",5,5.5,"joyful_happy thrilled_enthusiastic accomplished_productive exhausted_tired",1,1,0,1,0,1,0,0,0,0,0,0,1,0,1,0,0,0,0,NA,NA,0.2,0,0.25,0,3.33333333333333,3
1,2,"P023",5,5.5,"joyful_happy thrilled_enthusiastic calm_relaxed exhausted_tired",1,1,1,0,0,1,0,0,0,0,0,0,0,0,5,6,6,6,0,NA,NA,0,0,5.75,6,5.88888888888889,6
2,2,"P023",6,6,"joyful_happy thrilled_enthusiastic accomplished_productive",1,1,0,1,0,0,0,0,0,0,0,0,0,0,5,0,6,6,0,NA,NA,0,0,4.25,4,5.22222222222222,5
3,2,"P023",4,5,"calm_relaxed exhausted_tired bored_lethargic",0,0,1,0,0,1,1,0,1,1,1,1,0,0,5,5,5,5,1,"other",3,0.6,1,5,5,5.22222222222222,5
4,1,"P023",2,4,"calm_relaxed upset_angry exhausted_tired bored_lethargic irritated_frustrated",0,0,1,0,1,1,1,1,1,1,2,2,0,6,5,5,4,4,1,"other",2,2.2,2,4.5,5,4.11111111111111,4
5,1,"P023",5,5.5,"joyful_happy thrilled_enthusiastic accomplished_productive",1,1,0,1,0,0,0,0,1,1,0,0,0,0,6,6,6,6,0,NA,NA,0.2,0,6,6,5.88888888888889,6
6,2,"P023",4,5,"joyful_happy thrilled_enthusiastic calm_relaxed",1,1,1,0,0,0,0,0,0,0,0,0,0,0,6,6,6,6,0,NA,NA,0,0,6,6,6,6
7,1,"P023",6,6,"joyful_happy thrilled_enthusiastic calm_relaxed",1,1,1,0,0,0,0,0,0,0,0,0,0,0,6,6,6,6,0,NA,NA,0,0,6,6,6,6
8,1,"P023",5,5.5,"joyful_happy thrilled_enthusiastic calm_relaxed upset_angry",1,1,1,0,1,0,0,0,0,0,0,0,0,0,6,6,6,6,0,NA,NA,0,0,6,6,6,6
10,2,"P023",4,5,"joyful_happy calm_relaxed exhausted_tired",1,0,1,0,0,1,0,0,0,0,0,0,0,0,6,5,5,5,0,NA,NA,0,0,5.25,5,5.66666666666667,6
11,2,"P023",5,5.5,"joyful_happy calm_relaxed accomplished_productive bored_lethargic",1,0,1,1,0,0,1,0,0,0,0,0,0,0,5,5,5,6,0,NA,NA,0,0,5.25,5,5.66666666666667,6
12,1,"P023",5,5.5,"joyful_happy thrilled_enthusiastic calm_relaxed",1,1,1,0,0,0,0,0,0,0,0,0,0,0,6,6,6,6,0,NA,NA,0,0,6,6,6,6
13,1,"P023",5,5.5,"joyful_happy calm_relaxed accomplished_productive",1,0,1,1,0,0,0,0,0,0,0,0,0,0,6,4,4,5,0,NA,NA,0,0,4.75,5,5.44444444444444,5
14,1,"P023",5,5.5,"calm_relaxed exhausted_tired bored_lethargic",0,0,1,0,0,1,1,0,0,0,0,0,0,0,6,5,5,5,0,NA,NA,0,0,5.25,5,5.66666666666667,6
15,2,"P023",5,5.5,"joyful_happy thrilled_enthusiastic calm_relaxed accomplished_productive",1,1,1,1,0,0,0,0,0,0,0,0,0,0,5,5,5,5,0,NA,NA,0,0,5,5,5.55555555555556,6
16,2,"P023",5,5.5,"joyful_happy calm_relaxed bored_lethargic",1,0,1,0,0,0,1,0,0,0,0,0,0,0,5,5,5,5,0,NA,NA,0,0,5,5,5.55555555555556,6
17,1,"P023",5,5.5,"joyful_happy calm_relaxed accomplished_productive",1,0,1,1,0,0,0,0,0,0,0,0,0,6,6,6,6,6,0,NA,NA,1.2,1,6,6,5.33333333333333,5
18,1,"P023",5,5.5,"joyful_happy thrilled_enthusiastic calm_relaxed bored_lethargic irritated_frustrated",1,1,1,0,0,0,1,1,0,0,0,1,0,0,6,6,6,6,0,NA,NA,0.2,0,6,6,5.88888888888889,6
19,2,"P023",5,5.5,"joyful_happy thrilled_enthusiastic calm_relaxed",1,1,1,0,0,0,0,0,0,0,0,0,0,0,6,6,6,6,0,NA,NA,0,0,6,6,6,6
20,1,"P023",5,5.5,"joyful_happy thrilled_enthusiastic calm_relaxed exhausted_tired",1,1,1,0,0,1,0,0,0,0,0,0,0,0,6,6,6,6,0,NA,NA,0,0,6,6,6,6
21,1,"P023",5,5.5,"joyful_happy calm_relaxed bored_lethargic",1,0,1,0,0,0,1,0,0,0,0,0,0,0,6,6,6,6,0,NA,NA,0,0,6,6,6,6
22,2,"P023",0,3,"joyful_happy calm_relaxed exhausted_tired",1,0,1,0,0,1,0,0,0,0,1,0,0,0,6,6,6,6,0,NA,NA,0.2,0,6,6,5.88888888888889,6
23,2,"P023",4,5,"joyful_happy thrilled_enthusiastic exhausted_tired",1,1,0,0,0,1,0,0,0,0,0,0,1,0,6,6,6,6,0,NA,NA,0.2,0,6,6,5.88888888888889,6
24,1,"P023",5,5.5,"joyful_happy calm_relaxed bored_lethargic",1,0,1,0,0,0,1,0,0,0,0,0,0,0,5,5,5,5,0,NA,NA,0,0,5,5,5.55555555555556,6
25,2,"P023",5,5.5,"joyful_happy calm_relaxed accomplished_productive upset_angry",1,0,1,1,1,0,0,0,0,0,0,0,0,0,6,6,6,6,0,NA,NA,0,0,6,6,6,6
26,1,"P023",5,5.5,"joyful_happy calm_relaxed accomplished_productive",1,0,1,1,0,0,0,0,0,0,0,0,0,0,6,6,6,6,0,NA,NA,0,0,6,6,6,6
27,1,"P023",5,5.5,"joyful_happy calm_relaxed accomplished_productive",1,0,1,1,0,0,0,0,0,0,0,0,0,0,5,6,6,6,0,NA,NA,0,0,5.75,6,5.88888888888889,6
28,2,"P023",5,5.5,"joyful_happy calm_relaxed accomplished_productive exhausted_tired",1,0,1,1,0,1,0,0,0,0,0,0,0,0,6,5,5,5,0,NA,NA,0,0,5.25,5,5.66666666666667,6
29,1,"P023",5,5.5,"joyful_happy calm_relaxed accomplished_productive exhausted_tired",1,0,1,1,0,1,0,0,0,0,0,0,0,0,6,6,6,6,0,NA,NA,0,0,6,6,6,6
30,2,"P023",5,5.5,"joyful_happy thrilled_enthusiastic calm_relaxed accomplished_productive exhausted_tired",1,1,1,1,0,1,0,0,0,0,0,0,0,0,6,6,6,6,0,NA,NA,0,0,6,6,6,6
1,2,"P024",4,5,"joyful_happy exhausted_tired",1,0,0,0,0,1,0,0,2,3,0,0,0,0,6,3,4,3,1,"work",2,0.6,1,4,4,4.77777777777778,5
2,2,"P024",0,3,"joyful_happy accomplished_productive exhausted_tired irritated_frustrated",1,0,0,1,0,1,0,1,2,4,5,1,0,0,3,6,6,6,1,"home",3,2,2,5.25,5,4.55555555555556,5
3,2,"P024",0,3,"upset_angry exhausted_tired",0,0,0,0,1,1,0,0,3,5,5,5,0,0,6,4,2,0,1,"other",2,3,3,3,3,3,3
4,1,"P024",4,5,"joyful_happy exhausted_tired bored_lethargic",1,0,0,0,0,1,1,0,0,0,1,0,2,0,6,6,6,6,0,NA,NA,0.6,1,6,6,5.66666666666667,6
5,1,"P024",3,4.5,"joyful_happy calm_relaxed exhausted_tired bored_lethargic",1,0,1,0,0,1,1,0,1,2,1,0,0,0,3,3,3,3,0,NA,NA,0.6,1,3,3,4.33333333333333,4
6,2,"P024",-4,1,"upset_angry exhausted_tired bored_lethargic irritated_frustrated",0,0,0,0,1,1,1,1,1,1,4,6,0,6,0,0,0,1,1,"home",-6,3.4,3,0.25,0,1.55555555555556,2
7,1,"P024",5,5.5,"joyful_happy thrilled_enthusiastic accomplished_productive exhausted_tired",1,1,0,1,0,1,0,0,0,0,1,0,0,0,5,3,6,6,0,NA,NA,0.2,0,5,5,5.44444444444444,5
8,2,"P024",4,5,"joyful_happy calm_relaxed",1,0,1,0,0,0,0,0,0,0,0,0,5,0,6,6,6,6,0,NA,NA,1,1,6,6,5.44444444444444,5
9,2,"P024",5,5.5,"joyful_happy calm_relaxed",1,0,1,0,0,0,0,0,0,0,0,0,0,0,6,6,6,6,0,NA,NA,0,0,6,6,6,6
10,1,"P024",3,4.5,"exhausted_tired bored_lethargic",0,0,0,0,0,1,1,0,0,0,6,4,0,0,3,0,2,1,1,"home",2,2,2,1.5,2,2.88888888888889,3
11,2,"P024",0,3,"upset_angry exhausted_tired bored_lethargic irritated_frustrated",0,0,0,0,1,1,1,1,0,0,6,3,2,0,3,1,1,1,1,"friends",-2,2.2,2,1.5,2,2.77777777777778,3
12,2,"P024",4,5,"joyful_happy calm_relaxed accomplished_productive upset_angry bored_lethargic",1,0,1,1,1,0,1,0,2,3,4,3,0,1,3,2,5,4,1,"friends",-3,2.2,2,3.5,4,3.66666666666667,4
13,1,"P024",4,5,"joyful_happy thrilled_enthusiastic calm_relaxed accomplished_productive upset_angry exhausted_tired irritated_frustrated",1,1,1,1,1,1,0,1,2,4,6,3,0,0,6,6,6,6,1,"friends",-3,2.6,3,6,6,4.55555555555556,5
14,2,"P024",0,3,"exhausted_tired bored_lethargic",0,0,0,0,0,1,1,0,2,3,3,3,0,0,3,0,3,3,0,NA,NA,1.8,2,2.25,2,3.33333333333333,3
15,1,"P024",3,4.5,"joyful_happy calm_relaxed accomplished_productive",1,0,1,1,0,0,0,0,0,0,0,0,0,0,3,5,5,5,0,NA,NA,0,0,4.5,5,5.33333333333333,5
16,1,"P024",-6,0,"upset_angry exhausted_tired irritated_frustrated",0,0,0,0,1,1,0,1,1,1,6,6,0,0,3,2,0,0,1,"home",-4,2.6,3,1.25,1,2.44444444444444,2
17,1,"P024",-4,1,"upset_angry exhausted_tired irritated_frustrated",0,0,0,0,1,1,0,1,2,4,6,3,0,5,3,1,1,0,1,"home",-6,3.6,4,1.25,1,1.88888888888889,2
18,2,"P024",3,4.5,"exhausted_tired bored_lethargic irritated_frustrated",0,0,0,0,0,1,1,1,0,0,4,0,0,0,3,3,3,4,0,NA,NA,0.8,1,3.25,3,4.33333333333333,4
19,1,"P024",0,3,"calm_relaxed exhausted_tired irritated_frustrated",0,0,1,0,0,1,0,1,0,0,0,0,0,0,3,3,3,3,0,NA,NA,0,0,3,3,4.66666666666667,5
20,2,"P024",-3,1.5,"joyful_happy upset_angry exhausted_tired irritated_frustrated",1,0,0,0,1,1,0,1,2,3,5,4,0,0,6,1,5,3,1,"other",-3,2.4,2,3.75,4,3.66666666666667,4
21,1,"P024",0,3,"exhausted_tired bored_lethargic irritated_frustrated",0,0,0,0,0,1,1,1,0,0,0,0,0,0,1,1,3,3,0,NA,NA,0,0,2,2,4.22222222222222,4
22,2,"P024",5,5.5,"joyful_happy thrilled_enthusiastic calm_relaxed accomplished_productive",1,1,1,1,0,0,0,0,0,0,4,0,0,0,6,6,6,6,0,NA,NA,0.8,1,6,6,5.55555555555556,6
23,1,"P024",2,4,"joyful_happy upset_angry irritated_frustrated",1,0,0,0,1,0,0,1,1,2,6,4,0,0,5,0,5,3,1,"work",-3,2.4,2,3.25,3,3.44444444444444,3
24,1,"P024",0,3,"upset_angry exhausted_tired bored_lethargic irritated_frustrated",0,0,0,0,1,1,1,1,1,2,6,4,0,0,4,0,2,0,1,"work",-3,2.4,2,1.5,2,2.66666666666667,3
25,2,"P024",-6,0,"upset_angry",0,0,0,0,1,0,0,0,0,0,1,6,0,0,0,0,0,0,1,"home",-6,1.4,1,0,0,2.55555555555556,3
26,2,"P024",3,4.5,"joyful_happy bored_lethargic irritated_frustrated",1,0,0,0,0,0,1,1,0,0,2,4,0,0,6,3,3,3,1,"home",-3,1.2,1,3.75,4,4.33333333333333,4
27,1,"P024",-4,1,"upset_angry irritated_frustrated",0,0,0,0,1,0,0,1,3,5,2,2,0,0,3,0,0,4,1,"work",-6,1.8,2,1.75,2,3.11111111111111,3
28,1,"P024",-6,0,"upset_angry exhausted_tired bored_lethargic irritated_frustrated",0,0,0,0,1,1,1,1,3,6,6,6,0,3,0,0,0,0,1,"home",-6,4.2,4,0,0,1,1
29,1,"P024",0,3,"accomplished_productive irritated_frustrated",0,0,0,1,0,0,0,1,3,6,6,0,5,0,6,6,6,6,0,NA,NA,3.4,3,6,6,4.11111111111111,4
30,1,"P024",4,5,"joyful_happy calm_relaxed accomplished_productive",1,0,1,1,0,0,0,0,1,1,0,0,0,0,4,4,4,5,0,NA,NA,0.2,0,4.25,4,5.11111111111111,5
1,1,"P025",2,4,"upset_angry",0,0,0,0,1,0,0,0,1,1,1,1,0,0,3,4,2,4,1,"other",-1,0.6,1,3.25,3,4.44444444444444,4
2,1,"P025",6,6,"joyful_happy calm_relaxed",1,0,1,0,0,0,0,0,0,0,0,0,0,0,6,6,6,6,0,NA,NA,0,0,6,6,6,6
3,2,"P025",-1,2.5,"exhausted_tired",0,0,0,0,0,1,0,0,1,1,1,3,0,0,3,4,3,2,1,"work",-3,1,1,3,3,4.11111111111111,4
4,2,"P025",4,5,"joyful_happy",1,0,0,0,0,0,0,0,1,1,1,0,0,0,5,5,5,3,0,NA,NA,0.4,0,4.5,5,5.11111111111111,5
5,2,"P025",4,5,"joyful_happy",1,0,0,0,0,0,0,0,0,0,0,0,1,0,5,5,6,3,0,NA,NA,0.2,0,4.75,5,5.33333333333333,5
6,2,"P025",4,5,"joyful_happy",1,0,0,0,0,0,0,0,0,0,0,0,1,0,1,4,4,6,0,NA,NA,0.2,0,3.75,4,4.88888888888889,5
7,1,"P025",-3,1.5,"upset_angry",0,0,0,0,1,0,0,0,2,3,4,4,1,0,0,1,2,0,1,"home",-5,2.4,2,0.75,1,2.33333333333333,2
8,1,"P025",1,3.5,"calm_relaxed",0,0,1,0,0,0,0,0,1,1,0,0,0,0,3,3,3,3,0,NA,NA,0.2,0,3,3,4.55555555555556,5
9,1,"P025",5,5.5,"calm_relaxed",0,0,1,0,0,0,0,0,0,0,0,0,0,0,3,6,6,6,0,NA,NA,0,0,5.25,5,5.66666666666667,6
10,2,"P025",5,5.5,"joyful_happy",1,0,0,0,0,0,0,0,0,0,0,0,0,0,3,3,6,4,0,NA,NA,0,0,4,4,5.11111111111111,5
11,2,"P025",-1,2.5,"upset_angry",0,0,0,0,1,0,0,0,1,2,2,0,1,0,4,3,4,4,1,"friends",-1,1,1,3.75,4,4.44444444444444,4
12,1,"P025",-2,2,"irritated_frustrated",0,0,0,0,0,0,0,1,1,1,1,0,1,0,3,4,4,5,1,"work",-3,0.6,1,4,4,4.77777777777778,5
13,1,"P025",3,4.5,"joyful_happy",1,0,0,0,0,0,0,0,0,0,0,0,0,0,3,6,6,6,0,NA,NA,0,0,5.25,5,5.66666666666667,6
14,1,"P025",-3,1.5,"irritated_frustrated",0,0,0,0,0,0,0,1,1,1,1,1,0,1,3,2,2,3,1,"other",-3,0.8,1,2.5,3,4,4
15,1,"P025",5,5.5,"joyful_happy",1,0,0,0,0,0,0,0,0,0,0,0,0,0,3,5,6,3,0,NA,NA,0,0,4.25,4,5.22222222222222,5
16,2,"P025",5,5.5,"joyful_happy",1,0,0,0,0,0,0,0,0,0,0,0,1,0,4,5,5,5,0,NA,NA,0.2,0,4.75,5,5.33333333333333,5
17,1,"P025",-4,1,"upset_angry",0,0,0,0,1,0,0,0,2,3,3,3,1,1,0,2,2,3,1,"other",-4,2.2,2,1.75,2,2.88888888888889,3
18,2,"P025",6,6,"calm_relaxed",0,0,1,0,0,0,0,0,0,0,0,0,0,0,3,6,6,6,0,NA,NA,0,0,5.25,5,5.66666666666667,6
19,2,"P025",5,5.5,"joyful_happy",1,0,0,0,0,0,0,0,0,0,0,0,0,0,3,5,6,6,0,NA,NA,0,0,5,5,5.55555555555556,6
20,2,"P025",4,5,"calm_relaxed",0,0,1,0,0,0,0,0,0,0,0,0,0,0,3,3,5,5,0,NA,NA,0,0,4,4,5.11111111111111,5
21,2,"P025",6,6,"joyful_happy",1,0,0,0,0,0,0,0,0,0,0,0,0,0,6,6,6,6,0,NA,NA,0,0,6,6,6,6
22,1,"P025",0,3,"bored_lethargic",0,0,0,0,0,0,1,0,0,0,0,1,0,0,3,3,3,3,0,NA,NA,0.2,0,3,3,4.55555555555556,5
23,1,"P025",5,5.5,"accomplished_productive",0,0,0,1,0,0,0,0,1,1,0,0,0,0,3,6,6,6,0,NA,NA,0.2,0,5.25,5,5.55555555555556,6
24,1,"P025",0,3,"exhausted_tired",0,0,0,0,0,1,0,0,1,1,0,0,0,0,4,5,5,5,0,NA,NA,0.2,0,4.75,5,5.33333333333333,5
25,1,"P025",-4,1,"upset_angry",0,0,0,0,1,0,0,0,1,2,2,2,0,2,1,0,0,0,1,"home",-4,1.6,2,0.25,0,2.55555555555556,3
26,1,"P025",3,4.5,"joyful_happy",1,0,0,0,0,0,0,0,1,1,1,1,1,2,3,3,3,3,0,NA,NA,1.2,1,3,3,4,4
27,1,"P025",6,6,"joyful_happy calm_relaxed",1,0,1,0,0,0,0,0,0,0,0,0,0,0,6,6,6,6,0,NA,NA,0,0,6,6,6,6
28,2,"P025",2,4,"calm_relaxed",0,0,1,0,0,0,0,0,0,0,0,0,0,0,3,4,4,4,0,NA,NA,0,0,3.75,4,5,5
29,1,"P025",5,5.5,"joyful_happy",1,0,0,0,0,0,0,0,0,0,0,0,0,0,6,6,6,6,0,NA,NA,0,0,6,6,6,6
30,1,"P025",3,4.5,"calm_relaxed",0,0,1,0,0,0,0,0,0,0,0,0,0,0,3,4,4,4,0,NA,NA,0,0,3.75,4,5,5
1,1,"P026",-4,1,"thrilled_enthusiastic",0,1,0,0,0,0,0,0,2,4,0,0,0,0,3,3,1,3,1,"home",-3,0.8,1,2.5,3,4,4
2,1,"P026",6,6,"calm_relaxed",0,0,1,0,0,0,0,0,0,0,0,0,0,0,3,3,6,6,0,NA,NA,0,0,4.5,5,5.33333333333333,5
3,2,"P026",6,6,"joyful_happy",1,0,0,0,0,0,0,0,2,4,4,0,0,0,6,6,6,6,0,NA,NA,1.6,2,6,6,5.11111111111111,5
4,1,"P026",4,5,"accomplished_productive",0,0,0,1,0,0,0,0,2,3,1,0,0,1,5,5,5,5,0,NA,NA,1,1,5,5,5,5
5,1,"P026",4,5,"accomplished_productive",0,0,0,1,0,0,0,0,3,5,0,0,0,0,5,6,6,5,0,NA,NA,1,1,5.5,6,5.22222222222222,5
6,1,"P026",6,6,"joyful_happy",1,0,0,0,0,0,0,0,0,0,0,0,0,0,6,3,6,6,0,NA,NA,0,0,5.25,5,5.66666666666667,6
7,2,"P026",-3,1.5,"irritated_frustrated",0,0,0,0,0,0,0,1,2,4,4,4,0,4,3,3,3,0,1,"other",-4,3.2,3,2.25,2,2.55555555555556,3
8,1,"P026",-2,2,"exhausted_tired",0,0,0,0,0,1,0,0,2,4,3,0,0,0,3,5,3,4,0,NA,NA,1.4,1,3.75,4,4.22222222222222,4
9,1,"P026",6,6,"joyful_happy",1,0,0,0,0,0,0,0,2,4,0,0,0,0,6,5,6,6,0,NA,NA,0.8,1,5.75,6,5.44444444444444,5
10,1,"P026",3,4.5,"joyful_happy",1,0,0,0,0,0,0,0,2,4,2,0,0,0,6,6,6,6,0,NA,NA,1.2,1,6,6,5.33333333333333,5
11,1,"P026",2,4,"exhausted_tired",0,0,0,0,0,1,0,0,3,5,3,0,0,0,6,6,6,4,0,NA,NA,1.6,2,5.5,6,4.88888888888889,5
12,2,"P026",0,3,"exhausted_tired",0,0,0,0,0,1,0,0,2,4,3,4,0,0,3,3,3,4,0,NA,NA,2.2,2,3.25,3,3.55555555555556,4
13,2,"P026",-2,2,"exhausted_tired",0,0,0,0,0,1,0,0,1,2,2,3,0,0,3,3,4,3,0,NA,NA,1.4,1,3.25,3,4,4
14,2,"P026",0,3,"calm_relaxed",0,0,1,0,0,0,0,0,2,4,3,3,0,0,3,4,4,3,0,NA,NA,2,2,3.5,4,3.77777777777778,4
15,2,"P026",0,3,"calm_relaxed",0,0,1,0,0,0,0,0,0,0,0,4,4,4,3,3,3,3,0,NA,NA,2.4,2,3,3,3.33333333333333,3
16,1,"P026",0,3,"calm_relaxed",0,0,1,0,0,0,0,0,0,0,1,1,0,0,3,3,3,3,0,NA,NA,0.4,0,3,3,4.44444444444444,4
17,1,"P026",0,3,"joyful_happy",1,0,0,0,0,0,0,0,0,0,0,0,1,0,3,3,6,6,0,NA,NA,0.2,0,4.5,5,5.22222222222222,5
18,2,"P026",0,3,"exhausted_tired",0,0,0,0,0,1,0,0,1,1,3,3,0,0,3,3,4,3,0,NA,NA,1.4,1,3.25,3,4,4
19,1,"P026",0,3,"exhausted_tired",0,0,0,0,0,1,0,0,1,1,1,1,0,0,3,3,4,3,0,NA,NA,0.6,1,3.25,3,4.44444444444444,4
20,2,"P026",6,6,"joyful_happy",1,0,0,0,0,0,0,0,1,1,0,0,0,0,4,4,6,4,0,NA,NA,0.2,0,4.5,5,5.22222222222222,5
21,2,"P026",0,3,"exhausted_tired",0,0,0,0,0,1,0,0,0,0,0,0,0,0,3,4,4,4,0,NA,NA,0,0,3.75,4,5,5
22,1,"P026",0,3,"bored_lethargic",0,0,0,0,0,0,1,0,2,3,5,5,0,4,3,3,3,3,0,NA,NA,3.4,3,3,3,2.77777777777778,3
23,1,"P026",0,3,"calm_relaxed",0,0,1,0,0,0,0,0,0,0,0,0,0,0,3,3,3,3,0,NA,NA,0,0,3,3,4.66666666666667,5
24,1,"P026",0,3,"calm_relaxed",0,0,1,0,0,0,0,0,1,1,1,0,0,0,3,3,3,3,0,NA,NA,0.4,0,3,3,4.44444444444444,4
25,2,"P026",0,3,"exhausted_tired",0,0,0,0,0,1,0,0,1,2,2,0,0,0,3,3,4,3,0,NA,NA,0.8,1,3.25,3,4.33333333333333,4
26,1,"P026",1,3.5,"exhausted_tired",0,0,0,0,0,1,0,0,0,0,0,0,0,0,3,3,3,3,0,NA,NA,0,0,3,3,4.66666666666667,5
27,1,"P026",0,3,"upset_angry irritated_frustrated",0,0,0,0,1,0,0,1,2,3,0,0,0,0,3,3,3,3,0,NA,NA,0.6,1,3,3,4.33333333333333,4
28,1,"P026",0,3,"upset_angry",0,0,0,0,1,0,0,0,2,4,5,0,0,0,3,3,3,3,0,NA,NA,1.8,2,3,3,3.66666666666667,4
29,1,"P026",0,3,"joyful_happy",1,0,0,0,0,0,0,0,1,1,1,0,0,0,3,3,3,3,0,NA,NA,0.4,0,3,3,4.44444444444444,4
30,2,"P026",1,3.5,"bored_lethargic",0,0,0,0,0,0,1,0,0,0,0,0,0,0,3,3,3,3,0,NA,NA,0,0,3,3,4.66666666666667,5
1,1,"P027",-2,2,"exhausted_tired",0,0,0,0,0,1,0,0,0,0,0,1,0,0,1,0,0,0,0,NA,NA,0.2,0,0.25,0,3.33333333333333,3
2,2,"P027",2,4,"bored_lethargic",0,0,0,0,0,0,1,0,0,0,1,1,1,2,0,0,1,5,0,NA,NA,1,1,1.5,2,3.44444444444444,3
3,1,"P027",3,4.5,"accomplished_productive",0,0,0,1,0,0,0,0,1,1,0,0,1,0,5,6,5,4,1,"other",3,0.4,0,5,5,5.33333333333333,5
4,1,"P027",5,5.5,"accomplished_productive",0,0,0,1,0,0,0,0,1,1,1,0,0,0,5,6,4,2,1,"friends",2,0.4,0,4.25,4,5,5
5,1,"P027",4,5,"thrilled_enthusiastic calm_relaxed exhausted_tired",0,1,1,0,0,1,0,0,1,1,1,0,0,0,5,5,4,4,1,"friends",4,0.4,0,4.5,5,5.11111111111111,5
6,2,"P027",5,5.5,"joyful_happy thrilled_enthusiastic accomplished_productive upset_angry",1,1,0,1,1,0,0,0,0,0,2,0,0,0,6,5,5,5,1,"friends",5,0.4,0,5.25,5,5.44444444444444,5
7,2,"P027",4,5,"joyful_happy",1,0,0,0,0,0,0,0,1,1,1,0,0,0,4,3,3,3,0,NA,NA,0.4,0,3.25,3,4.55555555555556,5
8,2,"P027",4,5,"calm_relaxed",0,0,1,0,0,0,0,0,1,2,0,0,0,0,4,2,1,0,0,NA,NA,0.4,0,1.75,2,3.88888888888889,4
9,2,"P027",4,5,"exhausted_tired bored_lethargic",0,0,0,0,0,1,1,0,0,0,0,0,0,2,0,0,0,0,0,NA,NA,0.4,0,0,0,3.11111111111111,3
10,2,"P027",-4,1,"upset_angry irritated_frustrated",0,0,0,0,1,0,0,1,0,0,1,2,0,5,0,0,0,0,1,"home",6,1.6,2,0,0,2.44444444444444,2
11,1,"P027",2,4,"joyful_happy thrilled_enthusiastic accomplished_productive exhausted_tired",1,1,0,1,0,1,0,0,0,0,0,0,0,2,5,5,4,2,1,"work",4,0.4,0,4,4,4.88888888888889,5
12,2,"P027",4,5,"thrilled_enthusiastic accomplished_productive exhausted_tired",0,1,0,1,0,1,0,0,0,0,0,0,0,2,4,5,4,4,1,"work",3,0.4,0,4.25,4,5,5
13,1,"P027",5,5.5,"thrilled_enthusiastic accomplished_productive exhausted_tired",0,1,0,1,0,1,0,0,0,0,0,0,0,1,2,4,4,1,0,NA,NA,0.2,0,2.75,3,4.44444444444444,4
14,1,"P027",3,4.5,"calm_relaxed",0,0,1,0,0,0,0,0,0,0,0,0,0,1,2,1,2,1,0,NA,NA,0.2,0,1.5,2,3.88888888888889,4
15,1,"P027",4,5,"joyful_happy bored_lethargic",1,0,0,0,0,0,1,0,0,0,1,1,0,2,4,2,4,4,1,"home",3,0.8,1,3.5,4,4.44444444444444,4
16,1,"P027",4,5,"joyful_happy thrilled_enthusiastic",1,1,0,0,0,0,0,0,0,0,1,0,0,2,1,1,4,4,1,"home",3,0.6,1,2.5,3,4.11111111111111,4
17,1,"P027",5,5.5,"joyful_happy thrilled_enthusiastic calm_relaxed exhausted_tired",1,1,1,0,0,1,0,0,1,1,0,2,0,1,5,4,4,2,1,"friends",3,0.8,1,3.75,4,4.55555555555556,5
18,1,"P027",4,5,"accomplished_productive exhausted_tired bored_lethargic irritated_frustrated",0,0,0,1,0,1,1,1,0,0,0,1,0,1,4,5,4,4,1,"work",4,0.4,0,4.25,4,5,5
19,2,"P027",4,5,"joyful_happy calm_relaxed",1,0,1,0,0,0,0,0,1,1,1,0,0,1,4,5,4,4,1,"friends",3,0.6,1,4.25,4,4.88888888888889,5
20,2,"P027",2,4,"calm_relaxed",0,0,1,0,0,0,0,0,1,1,0,2,0,1,2,2,2,4,1,"friends",2,0.8,1,2.5,3,4,4
21,2,"P027",-5,0.5,"exhausted_tired irritated_frustrated",0,0,0,0,0,1,0,1,0,0,0,5,4,1,0,0,0,0,1,"other",5,2,2,0,0,2.22222222222222,2
22,2,"P027",3,4.5,"joyful_happy exhausted_tired",1,0,0,0,0,1,0,0,0,0,0,2,0,1,1,4,4,4,1,"home",3,0.6,1,3.25,3,4.44444444444444,4
23,2,"P027",4,5,"joyful_happy calm_relaxed accomplished_productive",1,0,1,1,0,0,0,0,1,1,0,1,1,4,1,4,4,2,1,"home",2,1.4,1,2.75,3,3.77777777777778,4
24,1,"P027",4,5,"calm_relaxed exhausted_tired bored_lethargic",0,0,1,0,0,1,1,0,0,0,0,2,0,2,4,2,4,1,0,NA,NA,0.8,1,2.75,3,4.11111111111111,4
25,2,"P027",5,5.5,"joyful_happy thrilled_enthusiastic accomplished_productive exhausted_tired",1,1,0,1,0,1,0,0,0,0,0,1,0,1,5,5,5,4,1,"friends",5,0.4,0,4.75,5,5.22222222222222,5
26,1,"P027",5,5.5,"joyful_happy calm_relaxed exhausted_tired bored_lethargic",1,0,1,0,0,1,1,0,0,0,0,1,0,2,4,4,5,4,1,"friends",4,0.6,1,4.25,4,4.88888888888889,5
27,1,"P027",5,5.5,"joyful_happy thrilled_enthusiastic calm_relaxed",1,1,1,0,0,0,0,0,0,0,0,0,0,0,4,2,5,5,1,"friends",6,0,0,4,4,5.11111111111111,5
28,1,"P027",5,5.5,"joyful_happy calm_relaxed",1,0,1,0,0,0,0,0,0,0,0,0,0,0,4,4,4,5,1,"friends",5,0,0,4.25,4,5.22222222222222,5
29,2,"P027",2,4,"calm_relaxed exhausted_tired",0,0,1,0,0,1,0,0,0,0,0,2,0,2,2,1,1,2,0,NA,NA,0.8,1,1.5,2,3.55555555555556,4
30,1,"P027",2,4,"upset_angry exhausted_tired irritated_frustrated",0,0,0,0,1,1,0,1,0,0,0,2,0,2,2,1,2,2,0,NA,NA,0.8,1,1.75,2,3.66666666666667,4
1,1,"P028",6,6,"joyful_happy",1,0,0,0,0,0,0,0,1,1,2,0,0,0,0,0,0,0,0,NA,NA,0.6,1,0,0,3,3
2,2,"P028",2,4,"calm_relaxed accomplished_productive",0,0,1,1,0,0,0,0,0,0,0,1,0,0,3,6,6,6,0,NA,NA,0.2,0,5.25,5,5.55555555555556,6
3,2,"P028",3,4.5,"calm_relaxed",0,0,1,0,0,0,0,0,2,4,0,0,0,0,3,6,6,6,0,NA,NA,0.8,1,5.25,5,5.22222222222222,5
4,1,"P028",6,6,"joyful_happy accomplished_productive",1,0,0,1,0,0,0,0,1,2,4,0,0,0,0,0,0,0,0,NA,NA,1.2,1,0,0,2.66666666666667,3
5,2,"P028",3,4.5,"joyful_happy accomplished_productive exhausted_tired irritated_frustrated",1,0,0,1,0,1,0,1,1,1,4,0,0,0,6,6,6,3,0,NA,NA,1,1,5.25,5,5.11111111111111,5
6,2,"P028",4,5,"joyful_happy calm_relaxed accomplished_productive upset_angry exhausted_tired",1,0,1,1,1,1,0,0,1,1,2,1,0,0,4,6,6,2,1,"friends",3,0.8,1,4.5,5,4.88888888888889,5
7,2,"P028",3,4.5,"joyful_happy thrilled_enthusiastic calm_relaxed accomplished_productive upset_angry exhausted_tired",1,1,1,1,1,1,0,0,1,2,2,0,0,0,3,6,6,3,0,NA,NA,0.8,1,4.5,5,4.88888888888889,5
8,2,"P028",3,4.5,"joyful_happy thrilled_enthusiastic calm_relaxed accomplished_productive",1,1,1,1,0,0,0,0,2,3,2,1,0,0,5,6,6,4,0,NA,NA,1.2,1,5.25,5,5,5
9,2,"P028",-1,2.5,"joyful_happy thrilled_enthusiastic upset_angry exhausted_tired",1,1,0,0,1,1,0,0,1,2,2,2,5,0,3,3,3,0,1,"home",NA,2.2,2,2.25,2,3.11111111111111,3
10,1,"P028",-4,1,"upset_angry exhausted_tired irritated_frustrated",0,0,0,0,1,1,0,1,3,6,6,6,6,0,4,3,3,2,1,"work",6,4.8,5,3,3,2,2
11,1,"P028",-6,0,"upset_angry exhausted_tired irritated_frustrated",0,0,0,0,1,1,0,1,3,6,6,1,0,0,1,4,3,0,0,NA,NA,2.6,3,2,2,2.77777777777778,3
12,1,"P028",5,5.5,"thrilled_enthusiastic upset_angry exhausted_tired irritated_frustrated",0,1,0,0,1,1,0,1,2,4,4,0,0,0,3,3,5,0,0,NA,NA,1.6,2,2.75,3,3.66666666666667,4
13,2,"P028",4,5,"joyful_happy calm_relaxed accomplished_productive exhausted_tired",1,0,1,1,0,1,0,0,1,1,2,0,0,0,3,6,6,6,0,NA,NA,0.6,1,5.25,5,5.33333333333333,5
14,2,"P028",6,6,"joyful_happy calm_relaxed accomplished_productive",1,0,1,1,0,0,0,0,1,2,0,0,0,0,6,6,6,6,0,NA,NA,0.4,0,6,6,5.77777777777778,6
15,2,"P028",3,4.5,"joyful_happy accomplished_productive upset_angry exhausted_tired irritated_frustrated",1,0,0,1,1,1,0,1,2,4,4,0,0,0,6,6,6,3,0,NA,NA,1.6,2,5.25,5,4.77777777777778,5
16,2,"P028",5,5.5,"joyful_happy thrilled_enthusiastic calm_relaxed accomplished_productive upset_angry exhausted_tired bored_lethargic irritated_frustrated",1,1,1,1,1,1,1,1,1,2,4,0,0,0,6,6,6,6,0,NA,NA,1.2,1,6,6,5.33333333333333,5
17,1,"P028",0,3,"calm_relaxed",0,0,1,0,0,0,0,0,1,2,4,4,0,0,0,4,4,3,0,NA,NA,2,2,2.75,3,3.44444444444444,3
18,2,"P028",-1,2.5,"upset_angry exhausted_tired irritated_frustrated",0,0,0,0,1,1,0,1,3,5,6,2,5,0,3,0,0,0,1,"friends",-6,3.6,4,0.75,1,1.66666666666667,2
19,1,"P028",3,4.5,"joyful_happy exhausted_tired",1,0,0,0,0,1,0,0,2,3,3,0,0,0,4,6,5,4,0,NA,NA,1.2,1,4.75,5,4.77777777777778,5
20,1,"P028",-2,2,"exhausted_tired",0,0,0,0,0,1,0,0,3,6,6,6,0,0,0,0,0,0,0,NA,NA,3.6,4,0,0,1.33333333333333,1
21,1,"P028",6,6,"joyful_happy upset_angry",1,0,0,0,1,0,0,0,1,2,0,0,0,0,3,5,6,6,0,NA,NA,0.4,0,5,5,5.33333333333333,5
22,2,"P028",0,3,"exhausted_tired",0,0,0,0,0,1,0,0,3,5,5,2,2,0,6,3,3,3,0,NA,NA,2.8,3,3.75,4,3.44444444444444,3
23,2,"P028",4,5,"joyful_happy thrilled_enthusiastic calm_relaxed accomplished_productive upset_angry exhausted_tired",1,1,1,1,1,1,0,0,0,0,0,1,0,0,6,6,6,6,1,"other",2,0.2,0,6,6,5.88888888888889,6
24,1,"P028",3,4.5,"joyful_happy thrilled_enthusiastic calm_relaxed accomplished_productive upset_angry exhausted_tired",1,1,1,1,1,1,0,0,2,4,4,2,0,0,6,6,6,4,1,"other",3,2,2,5.5,6,4.66666666666667,5
25,1,"P028",-6,0,"upset_angry exhausted_tired",0,0,0,0,1,1,0,0,1,2,2,6,0,6,3,0,0,0,1,"other",-6,3.2,3,0.75,1,1.88888888888889,2
26,1,"P028",5,5.5,"joyful_happy upset_angry exhausted_tired",1,0,0,0,1,1,0,0,2,4,4,5,6,4,3,0,0,0,1,"other",-3,4.6,5,0.75,1,1.11111111111111,1
28,2,"P028",1,3.5,"upset_angry exhausted_tired",0,0,0,0,1,1,0,0,2,4,4,4,5,2,2,2,1,3,1,"other",-5,3.8,4,2,2,2.11111111111111,2
29,1,"P028",5,5.5,"joyful_happy thrilled_enthusiastic accomplished_productive exhausted_tired",1,1,0,1,0,1,0,0,1,2,2,0,0,0,5,5,5,5,0,NA,NA,0.8,1,5,5,5.11111111111111,5
30,1,"P028",4,5,"joyful_happy",1,0,0,0,0,0,0,0,0,0,0,0,0,0,6,6,6,6,0,NA,NA,0,0,6,6,6,6
1,1,"P029",2,4,"calm_relaxed",0,0,1,0,0,0,0,0,2,4,4,4,3,4,4,5,5,5,0,NA,NA,3.8,4,4.75,5,3.33333333333333,3
2,1,"P029",1,3.5,"upset_angry",0,0,0,0,1,0,0,0,2,4,4,4,3,4,4,4,4,4,0,NA,NA,3.8,4,4,4,3,3
3,1,"P029",3,4.5,"calm_relaxed",0,0,1,0,0,0,0,0,2,4,4,4,5,3,5,4,4,4,0,NA,NA,4,4,4.25,4,3,3
4,2,"P029",2,4,"accomplished_productive exhausted_tired",0,0,0,1,0,1,0,0,3,5,5,4,4,4,4,4,4,4,0,NA,NA,4.4,4,4,4,2.66666666666667,3
5,1,"P029",2,4,"calm_relaxed",0,0,1,0,0,0,0,0,3,5,5,4,4,4,4,3,4,4,0,NA,NA,4.4,4,3.75,4,2.55555555555556,3
6,1,"P029",3,4.5,"accomplished_productive",0,0,0,1,0,0,0,0,2,4,4,3,5,5,4,5,4,5,0,NA,NA,4.2,4,4.5,5,3,3
7,1,"P029",2,4,"calm_relaxed",0,0,1,0,0,0,0,0,2,4,4,5,4,3,4,4,4,4,0,NA,NA,4,4,4,4,2.88888888888889,3
8,1,"P029",2,4,"accomplished_productive",0,0,0,1,0,0,0,0,2,4,3,4,4,3,4,4,4,4,0,NA,NA,3.6,4,4,4,3.11111111111111,3
9,2,"P029",3,4.5,"calm_relaxed accomplished_productive",0,0,1,1,0,0,0,0,2,4,4,3,3,4,3,4,3,4,0,NA,NA,3.6,4,3.5,4,2.88888888888889,3
10,1,"P029",2,4,"calm_relaxed",0,0,1,0,0,0,0,0,2,4,3,4,4,3,4,3,4,4,0,NA,NA,3.6,4,3.75,4,3,3
11,2,"P029",1,3.5,"calm_relaxed",0,0,1,0,0,0,0,0,2,4,4,4,3,3,4,3,3,3,0,NA,NA,3.6,4,3.25,3,2.77777777777778,3
12,2,"P029",2,4,"calm_relaxed",0,0,1,0,0,0,0,0,2,4,3,4,4,3,3,4,4,4,0,NA,NA,3.6,4,3.75,4,3,3
13,1,"P029",2,4,"calm_relaxed",0,0,1,0,0,0,0,0,2,4,4,3,4,4,3,4,3,4,0,NA,NA,3.8,4,3.5,4,2.77777777777778,3
14,2,"P029",3,4.5,"joyful_happy accomplished_productive",1,0,0,1,0,0,0,0,2,4,3,4,3,3,3,3,4,4,0,NA,NA,3.4,3,3.5,4,3,3
15,2,"P029",2,4,"calm_relaxed",0,0,1,0,0,0,0,0,2,4,4,4,3,4,4,4,4,4,0,NA,NA,3.8,4,4,4,3,3
16,1,"P029",3,4.5,"calm_relaxed",0,0,1,0,0,0,0,0,2,4,4,3,4,4,4,4,3,4,0,NA,NA,3.8,4,3.75,4,2.88888888888889,3
18,2,"P029",2,4,"calm_relaxed",0,0,1,0,0,0,0,0,2,4,3,4,3,3,5,3,4,4,0,NA,NA,3.4,3,4,4,3.22222222222222,3
19,2,"P029",3,4.5,"calm_relaxed",0,0,1,0,0,0,0,0,2,4,2,4,3,3,3,3,4,5,0,NA,NA,3.2,3,3.75,4,3.22222222222222,3
20,1,"P029",3,4.5,"calm_relaxed accomplished_productive",0,0,1,1,0,0,0,0,2,4,4,3,3,3,2,3,3,4,0,NA,NA,3.4,3,3,3,2.77777777777778,3
21,1,"P029",2,4,"calm_relaxed accomplished_productive",0,0,1,1,0,0,0,0,1,2,4,4,2,3,3,3,3,4,0,NA,NA,3,3,3.25,3,3.11111111111111,3
22,2,"P029",3,4.5,"calm_relaxed",0,0,1,0,0,0,0,0,2,4,3,4,5,4,2,2,3,4,0,NA,NA,4,4,2.75,3,2.33333333333333,2
23,1,"P029",2,4,"calm_relaxed",0,0,1,0,0,0,0,0,2,4,3,4,3,4,2,4,4,3,0,NA,NA,3.6,4,3.25,3,2.77777777777778,3
24,1,"P029",2,4,"calm_relaxed",0,0,1,0,0,0,0,0,2,3,3,4,4,4,4,4,3,5,0,NA,NA,3.6,4,4,4,3.11111111111111,3
25,1,"P029",2,4,"calm_relaxed",0,0,1,0,0,0,0,0,2,4,3,2,3,4,3,4,4,4,0,NA,NA,3.2,3,3.75,4,3.22222222222222,3
26,1,"P029",2,4,"calm_relaxed",0,0,1,0,0,0,0,0,2,4,3,3,4,4,4,3,2,4,0,NA,NA,3.6,4,3.25,3,2.77777777777778,3
28,1,"P029",2,4,"calm_relaxed",0,0,1,0,0,0,0,0,2,3,3,4,3,3,3,2,4,3,0,NA,NA,3.2,3,3,3,2.88888888888889,3
29,2,"P029",4,5,"calm_relaxed",0,0,1,0,0,0,0,0,2,4,4,3,3,3,4,3,4,3,0,NA,NA,3.4,3,3.5,4,3,3
30,1,"P029",1,3.5,"accomplished_productive",0,0,0,1,0,0,0,0,2,4,4,5,4,2,5,4,4,4,0,NA,NA,3.8,4,4.25,4,3.11111111111111,3
1,2,"P030",0,3,"calm_relaxed",0,0,1,0,0,0,0,0,0,0,0,0,0,1,3,3,3,3,0,NA,NA,0.2,0,3,3,4.55555555555556,5
2,1,"P030",0,3,"calm_relaxed",0,0,1,0,0,0,0,0,2,3,1,0,0,0,0,0,3,3,0,NA,NA,0.8,1,1.5,2,3.55555555555556,4
3,2,"P030",-2,2,"exhausted_tired",0,0,0,0,0,1,0,0,2,4,4,1,1,0,0,4,4,0,1,"work",4,2,2,2,2,3.11111111111111,3
4,2,"P030",1,3.5,"exhausted_tired",0,0,0,0,0,1,0,0,2,3,3,3,0,0,3,6,5,0,1,"work",6,1.8,2,3.5,4,3.88888888888889,4
5,2,"P030",-1,2.5,"upset_angry",0,0,0,0,1,0,0,0,3,6,6,0,0,0,4,4,4,0,1,"work",6,2.4,2,3,3,3.33333333333333,3
6,2,"P030",4,5,"joyful_happy",1,0,0,0,0,0,0,0,0,0,0,0,0,0,4,4,4,0,0,NA,NA,0,0,3,3,4.66666666666667,5
7,1,"P030",5,5.5,"calm_relaxed",0,0,1,0,0,0,0,0,0,0,0,0,0,0,6,6,6,6,1,"work",6,0,0,6,6,6,6
8,1,"P030",4,5,"calm_relaxed",0,0,1,0,0,0,0,0,0,0,0,0,0,0,0,6,6,6,0,NA,NA,0,0,4.5,5,5.33333333333333,5
9,1,"P030",5,5.5,"joyful_happy",1,0,0,0,0,0,0,0,0,0,0,0,0,0,6,6,6,6,1,"friends",6,0,0,6,6,6,6
10,2,"P030",5,5.5,"calm_relaxed",0,0,1,0,0,0,0,0,0,0,0,0,0,0,0,6,6,6,0,NA,NA,0,0,4.5,5,5.33333333333333,5
11,2,"P030",4,5,"calm_relaxed",0,0,1,0,0,0,0,0,1,1,1,1,0,1,0,6,6,3,0,NA,NA,0.8,1,3.75,4,4.55555555555556,5
12,1,"P030",5,5.5,"accomplished_productive",0,0,0,1,0,0,0,0,2,4,4,4,4,0,6,6,6,6,1,"other",6,3.2,3,6,6,4.22222222222222,4
13,1,"P030",6,6,"joyful_happy exhausted_tired",1,0,0,0,0,1,0,0,0,0,0,0,0,0,6,6,6,6,1,"home",6,0,0,6,6,6,6
14,2,"P030",6,6,"joyful_happy",1,0,0,0,0,0,0,0,0,0,0,0,0,0,6,6,6,6,1,"friends",6,0,0,6,6,6,6
15,1,"P030",6,6,"joyful_happy",1,0,0,0,0,0,0,0,0,0,0,0,0,0,6,6,6,6,1,"home",6,0,0,6,6,6,6
16,2,"P030",6,6,"joyful_happy",1,0,0,0,0,0,0,0,0,0,0,0,0,0,6,6,6,6,1,"home",6,0,0,6,6,6,6
17,2,"P030",6,6,"joyful_happy",1,0,0,0,0,0,0,0,0,0,0,0,0,0,6,6,6,6,0,NA,NA,0,0,6,6,6,6
18,2,"P030",5,5.5,"joyful_happy",1,0,0,0,0,0,0,0,0,0,0,0,4,0,6,6,6,6,0,NA,NA,0.8,1,6,6,5.55555555555556,6
19,1,"P030",4,5,"calm_relaxed",0,0,1,0,0,0,0,0,0,0,0,0,0,0,5,6,6,6,0,NA,NA,0,0,5.75,6,5.88888888888889,6
20,1,"P030",6,6,"joyful_happy",1,0,0,0,0,0,0,0,0,0,0,0,0,0,6,6,6,6,1,"home",6,0,0,6,6,6,6
21,2,"P030",5,5.5,"joyful_happy",1,0,0,0,0,0,0,0,0,0,0,0,0,0,4,6,6,6,0,NA,NA,0,0,5.5,6,5.77777777777778,6
22,2,"P030",6,6,"joyful_happy",1,0,0,0,0,0,0,0,0,0,0,0,0,0,6,6,6,6,0,NA,NA,0,0,6,6,6,6
23,1,"P030",5,5.5,"joyful_happy",1,0,0,0,0,0,0,0,0,0,0,0,0,0,6,6,6,6,0,NA,NA,0,0,6,6,6,6
24,2,"P030",4,5,"calm_relaxed",0,0,1,0,0,0,0,0,0,0,0,1,0,0,6,6,6,6,1,"home",6,0.2,0,6,6,5.88888888888889,6
25,1,"P030",6,6,"joyful_happy",1,0,0,0,0,0,0,0,0,0,0,0,0,0,6,6,6,5,0,NA,NA,0,0,5.75,6,5.88888888888889,6
26,1,"P030",4,5,"exhausted_tired",0,0,0,0,0,1,0,0,0,0,0,0,0,0,5,3,3,3,1,"work",-3,0,0,3.5,4,4.88888888888889,5
27,2,"P030",4,5,"exhausted_tired",0,0,0,0,0,1,0,0,1,1,1,0,0,0,3,0,0,0,1,"other",-6,0.4,0,0.75,1,3.44444444444444,3
28,2,"P030",3,4.5,"exhausted_tired",0,0,0,0,0,1,0,0,0,0,1,0,0,0,0,0,0,0,1,"other",-6,0.2,0,0,0,3.22222222222222,3
29,1,"P030",2,4,"calm_relaxed",0,0,1,0,0,0,0,0,0,0,0,0,0,0,3,3,3,3,0,NA,NA,0,0,3,3,4.66666666666667,5
30,2,"P030",4,5,"calm_relaxed",0,0,1,0,0,0,0,0,0,0,0,0,1,0,0,4,0,3,0,NA,NA,0.2,0,1.75,2,4,4
1,2,"P031",3,4.5,"accomplished_productive exhausted_tired bored_lethargic",0,0,0,1,0,1,1,0,1,1,1,2,0,2,3,3,3,3,1,"other",2,1.2,1,3,3,4,4
2,2,"P031",3,4.5,"joyful_happy calm_relaxed",1,0,1,0,0,0,0,0,1,2,1,1,0,0,5,5,5,4,0,NA,NA,0.8,1,4.75,5,5,5
3,2,"P031",4,5,"calm_relaxed accomplished_productive",0,0,1,1,0,0,0,0,2,3,4,0,0,0,5,5,5,5,0,NA,NA,1.4,1,5,5,4.77777777777778,5
4,2,"P031",4,5,"calm_relaxed exhausted_tired bored_lethargic",0,0,1,0,0,1,1,0,1,2,2,4,0,0,4,4,4,4,0,NA,NA,1.6,2,4,4,4.22222222222222,4
5,2,"P031",4,5,"joyful_happy calm_relaxed",1,0,1,0,0,0,0,0,1,2,2,1,0,0,4,4,4,3,0,NA,NA,1,1,3.75,4,4.44444444444444,4
6,1,"P031",4,5,"joyful_happy calm_relaxed",1,0,1,0,0,0,0,0,0,0,0,0,0,2,3,3,5,5,0,NA,NA,0.4,0,4,4,4.88888888888889,5
7,1,"P031",4,5,"joyful_happy calm_relaxed",1,0,1,0,0,0,0,0,0,0,0,0,0,0,3,3,3,3,0,NA,NA,0,0,3,3,4.66666666666667,5
8,1,"P031",3,4.5,"joyful_happy calm_relaxed",1,0,1,0,0,0,0,0,0,0,0,0,0,2,3,3,3,3,0,NA,NA,0.4,0,3,3,4.44444444444444,4
9,1,"P031",4,5,"joyful_happy calm_relaxed exhausted_tired",1,0,1,0,0,1,0,0,1,1,1,1,0,0,3,3,3,3,0,NA,NA,0.6,1,3,3,4.33333333333333,4
10,1,"P031",3,4.5,"calm_relaxed",0,0,1,0,0,0,0,0,1,1,0,0,0,1,4,3,3,3,0,NA,NA,0.4,0,3.25,3,4.55555555555556,5
11,2,"P031",5,5.5,"joyful_happy calm_relaxed",1,0,1,0,0,0,0,0,1,1,1,1,0,0,3,3,3,3,0,NA,NA,0.6,1,3,3,4.33333333333333,4
12,1,"P031",4,5,"joyful_happy calm_relaxed",1,0,1,0,0,0,0,0,1,1,1,1,0,0,3,5,5,5,0,NA,NA,0.6,1,4.5,5,5,5
13,2,"P031",4,5,"joyful_happy",1,0,0,0,0,0,0,0,1,1,0,0,0,1,3,3,3,3,0,NA,NA,0.4,0,3,3,4.44444444444444,4
14,1,"P031",4,5,"joyful_happy calm_relaxed",1,0,1,0,0,0,0,0,1,1,0,0,0,0,3,3,3,3,0,NA,NA,0.2,0,3,3,4.55555555555556,5
15,1,"P031",3,4.5,"thrilled_enthusiastic calm_relaxed",0,1,1,0,0,0,0,0,1,1,0,1,0,0,3,4,4,4,0,NA,NA,0.4,0,3.75,4,4.77777777777778,5
16,2,"P031",5,5.5,"joyful_happy calm_relaxed accomplished_productive",1,0,1,1,0,0,0,0,1,1,0,0,0,0,5,5,5,5,0,NA,NA,0.2,0,5,5,5.44444444444444,5
17,2,"P031",6,6,"joyful_happy thrilled_enthusiastic calm_relaxed",1,1,1,0,0,0,0,0,0,0,0,0,0,0,6,6,6,6,0,NA,NA,0,0,6,6,6,6
18,1,"P031",5,5.5,"joyful_happy thrilled_enthusiastic calm_relaxed",1,1,1,0,0,0,0,0,0,0,0,0,0,0,5,5,5,5,0,NA,NA,0,0,5,5,5.55555555555556,6
19,1,"P031",5,5.5,"joyful_happy thrilled_enthusiastic",1,1,0,0,0,0,0,0,0,0,0,0,0,0,3,3,3,3,0,NA,NA,0,0,3,3,4.66666666666667,5
20,1,"P031",5,5.5,"joyful_happy calm_relaxed accomplished_productive",1,0,1,1,0,0,0,0,0,0,0,0,0,0,6,5,6,5,0,NA,NA,0,0,5.5,6,5.77777777777778,6
21,1,"P031",4,5,"joyful_happy thrilled_enthusiastic calm_relaxed",1,1,1,0,0,0,0,0,0,0,0,0,0,0,5,5,5,5,0,NA,NA,0,0,5,5,5.55555555555556,6
22,1,"P031",5,5.5,"joyful_happy thrilled_enthusiastic calm_relaxed",1,1,1,0,0,0,0,0,0,0,0,0,0,0,4,5,5,5,0,NA,NA,0,0,4.75,5,5.44444444444444,5
23,2,"P031",4,5,"joyful_happy thrilled_enthusiastic",1,1,0,0,0,0,0,0,0,0,0,0,0,0,5,5,5,5,0,NA,NA,0,0,5,5,5.55555555555556,6
24,1,"P031",5,5.5,"joyful_happy thrilled_enthusiastic",1,1,0,0,0,0,0,0,0,0,0,0,0,0,5,5,5,5,0,NA,NA,0,0,5,5,5.55555555555556,6
25,1,"P031",5,5.5,"joyful_happy thrilled_enthusiastic",1,1,0,0,0,0,0,0,0,0,0,0,0,0,4,5,5,5,0,NA,NA,0,0,4.75,5,5.44444444444444,5
26,2,"P031",4,5,"joyful_happy calm_relaxed",1,0,1,0,0,0,0,0,0,0,0,0,0,0,5,5,5,5,0,NA,NA,0,0,5,5,5.55555555555556,6
27,1,"P031",4,5,"joyful_happy calm_relaxed",1,0,1,0,0,0,0,0,0,0,0,1,0,0,5,5,5,5,0,NA,NA,0.2,0,5,5,5.44444444444444,5
28,2,"P031",4,5,"joyful_happy thrilled_enthusiastic calm_relaxed",1,1,1,0,0,0,0,0,0,0,0,0,0,0,5,5,5,5,0,NA,NA,0,0,5,5,5.55555555555556,6
29,1,"P031",4,5,"joyful_happy calm_relaxed",1,0,1,0,0,0,0,0,0,0,0,0,0,0,4,4,5,5,0,NA,NA,0,0,4.5,5,5.33333333333333,5
30,2,"P031",4,5,"joyful_happy calm_relaxed",1,0,1,0,0,0,0,0,0,0,0,0,0,0,5,5,5,5,0,NA,NA,0,0,5,5,5.55555555555556,6
1,2,"P032",4,5,"joyful_happy calm_relaxed exhausted_tired",1,0,1,0,0,1,0,0,2,4,1,1,3,0,6,5,6,6,0,NA,NA,1.8,2,5.75,6,4.88888888888889,5
2,1,"P032",4,5,"calm_relaxed",0,0,1,0,0,0,0,0,2,4,4,1,0,0,2,4,0,0,1,"home",3,1.8,2,1.5,2,3,3
3,1,"P032",4,5,"calm_relaxed exhausted_tired bored_lethargic",0,0,1,0,0,1,1,0,1,2,2,1,0,2,1,3,3,2,0,NA,NA,1.4,1,2.25,2,3.55555555555556,4
4,1,"P032",0,3,"accomplished_productive exhausted_tired",0,0,0,1,0,1,0,0,3,5,5,0,5,0,2,4,5,4,1,"other",5,3,3,3.75,4,3.33333333333333,3
5,1,"P032",4,5,"exhausted_tired irritated_frustrated",0,0,0,0,0,1,0,1,3,6,5,3,4,0,2,4,4,1,0,NA,NA,3.6,4,2.75,3,2.55555555555556,3
6,1,"P032",3,4.5,"exhausted_tired",0,0,0,0,0,1,0,0,3,6,6,2,6,0,4,4,4,4,0,NA,NA,4,4,4,4,2.88888888888889,3
7,1,"P032",3,4.5,"calm_relaxed accomplished_productive",0,0,1,1,0,0,0,0,2,4,4,1,5,2,2,4,4,1,0,NA,NA,3.2,3,2.75,3,2.77777777777778,3
8,2,"P032",4,5,"thrilled_enthusiastic exhausted_tired",0,1,0,0,0,1,0,0,1,1,5,0,1,0,6,5,6,6,0,NA,NA,1.4,1,5.75,6,5.11111111111111,5
9,2,"P032",2,4,"exhausted_tired irritated_frustrated",0,0,0,0,0,1,0,1,3,6,3,5,3,0,4,4,3,4,0,NA,NA,3.4,3,3.75,4,3.11111111111111,3
10,1,"P032",5,5.5,"exhausted_tired",0,0,0,0,0,1,0,0,3,5,5,1,0,0,0,3,4,3,0,NA,NA,2.2,2,2.5,3,3.22222222222222,3
11,2,"P032",0,3,"exhausted_tired",0,0,0,0,0,1,0,0,3,6,6,5,5,0,3,6,6,3,0,NA,NA,4.4,4,4.5,5,2.88888888888889,3
12,2,"P032",3,4.5,"exhausted_tired",0,0,0,0,0,1,0,0,3,6,4,4,0,1,1,2,2,2,1,"work",3,3,3,1.75,2,2.44444444444444,2
13,1,"P032",1,3.5,"upset_angry exhausted_tired bored_lethargic",0,0,0,0,1,1,1,0,3,6,5,5,6,5,5,3,2,3,0,NA,NA,5.4,5,3.25,3,1.77777777777778,2
14,2,"P032",1,3.5,"irritated_frustrated",0,0,0,0,0,0,0,1,2,4,4,4,5,4,5,4,5,4,0,NA,NA,4.2,4,4.5,5,3,3
15,1,"P032",3,4.5,"upset_angry exhausted_tired",0,0,0,0,1,1,0,0,2,4,4,4,0,1,1,4,2,2,0,NA,NA,2.6,3,2.25,2,2.88888888888889,3
16,1,"P032",-5,0.5,"exhausted_tired",0,0,0,0,0,1,0,0,1,1,1,0,5,5,1,1,1,1,0,NA,NA,2.4,2,1,1,2.44444444444444,2
17,1,"P032",-6,0,"upset_angry",0,0,0,0,1,0,0,0,3,5,6,6,5,6,0,1,1,1,1,"home",6,5.6,6,0.75,1,0.555555555555556,1
18,2,"P032",4,5,"calm_relaxed",0,0,1,0,0,0,0,0,2,4,4,0,4,1,4,4,4,3,0,NA,NA,2.6,3,3.75,4,3.55555555555556,4
19,1,"P032",5,5.5,"joyful_happy exhausted_tired",1,0,0,0,0,1,0,0,3,5,3,0,0,0,5,4,4,4,0,NA,NA,1.6,2,4.25,4,4.33333333333333,4
20,2,"P032",-4,1,"upset_angry irritated_frustrated",0,0,0,0,1,0,0,1,3,6,6,5,0,1,0,4,3,1,1,"work",5,3.6,4,2,2,2.22222222222222,2
21,2,"P032",2,4,"exhausted_tired",0,0,0,0,0,1,0,0,3,6,6,5,5,0,0,6,5,4,1,"work",4,4.4,4,3.75,4,2.55555555555556,3
22,2,"P032",-4,1,"exhausted_tired",0,0,0,0,0,1,0,0,3,6,6,6,6,1,1,6,6,0,1,"work",6,5,5,3.25,3,2,2
23,1,"P032",5,5.5,"calm_relaxed",0,0,1,0,0,0,0,0,0,0,0,0,5,0,4,4,4,5,0,NA,NA,1,1,4.25,4,4.66666666666667,5
24,1,"P032",1,3.5,"exhausted_tired",0,0,0,0,0,1,0,0,3,6,6,6,6,6,0,2,2,2,0,NA,NA,6,6,1.5,2,0.666666666666667,1
25,2,"P032",-2,2,"upset_angry",0,0,0,0,1,0,0,0,2,4,4,1,5,5,5,3,3,4,0,NA,NA,3.8,4,3.75,4,2.88888888888889,3
26,2,"P032",-1,2.5,"irritated_frustrated",0,0,0,0,0,0,0,1,3,6,6,3,0,4,3,4,4,4,1,"work",3,3.8,4,3.75,4,2.88888888888889,3
27,2,"P032",2,4,"exhausted_tired",0,0,0,0,0,1,0,0,2,4,4,4,0,1,3,3,3,3,0,NA,NA,2.6,3,3,3,3.22222222222222,3
28,2,"P032",4,5,"exhausted_tired",0,0,0,0,0,1,0,0,3,5,5,3,1,0,5,5,5,5,0,NA,NA,2.8,3,5,5,4,4
29,2,"P032",2,4,"calm_relaxed",0,0,1,0,0,0,0,0,0,0,3,0,3,3,3,3,4,3,0,NA,NA,1.8,2,3.25,3,3.77777777777778,4
30,2,"P032",4,5,"upset_angry",0,0,0,0,1,0,0,0,1,2,2,2,3,3,3,2,2,2,0,NA,NA,2.4,2,2.25,2,3,3
1,2,"P033",5,5.5,"joyful_happy thrilled_enthusiastic calm_relaxed accomplished_productive upset_angry",1,1,1,1,1,0,0,0,2,4,1,1,0,1,6,6,6,6,0,NA,NA,1.4,1,6,6,5.22222222222222,5
2,2,"P033",4,5,"joyful_happy calm_relaxed exhausted_tired",1,0,1,0,0,1,0,0,2,3,1,2,0,0,5,3,3,4,0,NA,NA,1.2,1,3.75,4,4.33333333333333,4
3,2,"P033",4,5,"calm_relaxed exhausted_tired bored_lethargic",0,0,1,0,0,1,1,0,1,1,3,3,0,0,4,1,1,1,1,"other",4,1.4,1,1.75,2,3.33333333333333,3
4,2,"P033",5,5.5,"joyful_happy thrilled_enthusiastic calm_relaxed accomplished_productive exhausted_tired",1,1,1,1,0,1,0,0,2,4,4,1,0,0,5,6,6,5,0,NA,NA,1.8,2,5.5,6,4.77777777777778,5
5,1,"P033",5,5.5,"joyful_happy thrilled_enthusiastic calm_relaxed accomplished_productive upset_angry",1,1,1,1,1,0,0,0,1,2,2,1,0,0,5,5,5,5,0,NA,NA,1,1,5,5,5,5
6,2,"P033",5,5.5,"joyful_happy thrilled_enthusiastic upset_angry exhausted_tired bored_lethargic",1,1,0,0,1,1,1,0,1,1,1,1,0,0,6,5,4,4,1,"friends",5,0.6,1,4.75,5,5.11111111111111,5
7,2,"P033",5,5.5,"joyful_happy thrilled_enthusiastic accomplished_productive exhausted_tired",1,1,0,1,0,1,0,0,3,5,4,2,0,0,6,5,5,4,1,"work",5,2.2,2,5,5,4.33333333333333,4
8,1,"P033",5,5.5,"joyful_happy thrilled_enthusiastic calm_relaxed accomplished_productive",1,1,1,1,0,0,0,0,0,0,1,1,0,0,6,6,6,6,0,NA,NA,0.4,0,6,6,5.77777777777778,6
9,2,"P033",5,5.5,"joyful_happy calm_relaxed upset_angry exhausted_tired",1,0,1,0,1,1,0,0,3,5,2,5,1,1,4,3,3,3,1,"home",NA,2.8,3,3.25,3,3.22222222222222,3
10,2,"P033",3,4.5,"joyful_happy thrilled_enthusiastic upset_angry exhausted_tired",1,1,0,0,1,1,0,0,3,5,5,5,0,0,4,4,4,4,1,"friends",6,3,3,4,4,3.44444444444444,3
11,1,"P033",4,5,"joyful_happy thrilled_enthusiastic upset_angry irritated_frustrated",1,1,0,0,1,0,0,1,3,5,5,4,1,0,3,3,3,3,1,"friends",6,3,3,3,3,3,3
12,1,"P033",5,5.5,"thrilled_enthusiastic upset_angry exhausted_tired irritated_frustrated",0,1,0,0,1,1,0,1,3,6,6,5,1,1,4,3,3,3,1,"work",6,3.8,4,3.25,3,2.66666666666667,3
13,2,"P033",5,5.5,"joyful_happy accomplished_productive upset_angry bored_lethargic irritated_frustrated",1,0,0,1,1,0,1,1,3,5,5,5,1,1,3,3,3,3,1,"home",6,3.4,3,3,3,2.77777777777778,3
14,1,"P033",6,6,"joyful_happy thrilled_enthusiastic calm_relaxed",1,1,1,0,0,0,0,0,2,4,4,4,1,0,4,5,5,3,1,"other",6,2.6,3,4.25,4,3.77777777777778,4
15,1,"P033",6,6,"joyful_happy thrilled_enthusiastic upset_angry exhausted_tired",1,1,0,0,1,1,0,0,3,5,5,4,2,1,6,5,5,5,1,"other",6,3.4,3,5.25,5,3.77777777777778,4
16,2,"P033",6,6,"joyful_happy calm_relaxed upset_angry exhausted_tired bored_lethargic irritated_frustrated",1,0,1,0,1,1,1,1,3,6,6,6,1,0,4,1,1,0,1,"other",6,3.8,4,1.5,2,1.88888888888889,2
17,1,"P033",5,5.5,"joyful_happy calm_relaxed exhausted_tired",1,0,1,0,0,1,0,0,2,3,2,2,0,0,3,3,3,4,1,"other",6,1.4,1,3.25,3,4,4
18,2,"P033",-4,1,"upset_angry exhausted_tired irritated_frustrated",0,0,0,0,1,1,0,1,3,6,6,6,6,3,3,3,3,3,1,"home",4,5.4,5,3,3,1.66666666666667,2
19,2,"P033",5,5.5,"joyful_happy calm_relaxed accomplished_productive exhausted_tired bored_lethargic",1,0,1,1,0,1,1,0,2,4,4,4,0,0,3,3,3,3,0,NA,NA,2.4,2,3,3,3.33333333333333,3
20,1,"P033",5,5.5,"joyful_happy thrilled_enthusiastic calm_relaxed exhausted_tired",1,1,1,0,0,1,0,0,3,5,5,4,1,0,3,3,3,3,1,"work",6,3,3,3,3,3,3
21,1,"P033",-4,1,"upset_angry exhausted_tired irritated_frustrated",0,0,0,0,1,1,0,1,3,6,6,6,0,4,0,0,0,0,1,"home",6,4.4,4,0,0,0.888888888888889,1
22,2,"P033",5,5.5,"joyful_happy bored_lethargic",1,0,0,0,0,0,1,0,3,5,4,4,0,1,3,3,4,5,1,"work",6,2.8,3,3.75,4,3.44444444444444,3
23,2,"P033",5,5.5,"joyful_happy calm_relaxed bored_lethargic",1,0,1,0,0,0,1,0,3,6,6,5,1,1,5,3,3,3,1,"work",6,3.8,4,3.5,4,2.77777777777778,3
24,1,"P033",3,4.5,"exhausted_tired bored_lethargic",0,0,0,0,0,1,1,0,3,5,5,4,2,1,3,4,3,3,1,"work",6,3.4,3,3.25,3,2.88888888888889,3
25,1,"P033",5,5.5,"joyful_happy accomplished_productive exhausted_tired",1,0,0,1,0,1,0,0,2,4,4,1,1,0,4,4,4,4,1,"work",6,2,2,4,4,4,4
26,2,"P033",5,5.5,"thrilled_enthusiastic accomplished_productive upset_angry exhausted_tired",0,1,0,1,1,1,0,0,2,4,4,3,0,0,5,4,4,3,1,"work",5,2.2,2,4,4,3.88888888888889,4
27,1,"P033",5,5.5,"exhausted_tired bored_lethargic",0,0,0,0,0,1,1,0,3,5,5,4,1,0,3,2,2,2,1,"work",6,3,3,2.25,2,2.66666666666667,3
28,2,"P033",5,5.5,"joyful_happy calm_relaxed accomplished_productive exhausted_tired bored_lethargic",1,0,1,1,0,1,1,0,2,4,3,3,1,0,4,4,4,4,1,"work",6,2.2,2,4,4,3.88888888888889,4
29,1,"P033",-5,0.5,"upset_angry exhausted_tired irritated_frustrated",0,0,0,0,1,1,0,1,3,6,6,6,0,0,3,2,3,3,1,"home",1,3.6,4,2.75,3,2.55555555555556,3
30,2,"P033",4,5,"joyful_happy calm_relaxed accomplished_productive exhausted_tired",1,0,1,1,0,1,0,0,2,4,3,1,2,0,6,6,6,6,1,"work",6,2,2,6,6,4.88888888888889,5
1,2,"P034",4,5,"joyful_happy",1,0,0,0,0,0,0,0,0,0,0,0,0,0,4,4,5,3,0,NA,NA,0,0,4,4,5.11111111111111,5
2,2,"P034",4,5,"joyful_happy",1,0,0,0,0,0,0,0,0,0,0,0,0,0,3,2,5,3,0,NA,NA,0,0,3.25,3,4.77777777777778,5
3,2,"P034",4,5,"calm_relaxed",0,0,1,0,0,0,0,0,0,0,0,0,5,4,2,2,2,3,0,NA,NA,1.8,2,2.25,2,3.33333333333333,3
4,1,"P034",3,4.5,"calm_relaxed",0,0,1,0,0,0,0,0,0,0,4,4,5,0,4,1,1,4,1,"other",6,2.6,3,2.5,3,3,3
5,2,"P034",4,5,"bored_lethargic",0,0,0,0,0,0,1,0,1,1,1,0,4,0,4,1,1,2,0,NA,NA,1.2,1,2,2,3.55555555555556,4
6,1,"P034",4,5,"calm_relaxed",0,0,1,0,0,0,0,0,0,0,0,0,5,0,5,3,3,3,0,NA,NA,1,1,3.5,4,4.33333333333333,4
7,2,"P034",4,5,"joyful_happy",1,0,0,0,0,0,0,0,0,0,0,4,4,0,4,2,4,4,0,NA,NA,1.6,2,3.5,4,4,4
8,1,"P034",3,4.5,"calm_relaxed",0,0,1,0,0,0,0,0,0,0,0,0,5,0,5,3,3,4,0,NA,NA,1,1,3.75,4,4.44444444444444,4
9,1,"P034",4,5,"joyful_happy",1,0,0,0,0,0,0,0,2,4,4,0,6,0,4,0,3,4,1,"work",3,2.8,3,2.75,3,3,3
10,2,"P034",6,6,"joyful_happy",1,0,0,0,0,0,0,0,3,6,6,6,6,0,3,4,5,4,0,NA,NA,4.8,5,4,4,2.44444444444444,2
11,2,"P034",4,5,"thrilled_enthusiastic",0,1,0,0,0,0,0,0,0,0,0,0,3,0,4,3,4,5,1,"other",4,0.6,1,4,4,4.77777777777778,5
12,2,"P034",6,6,"bored_lethargic",0,0,0,0,0,0,1,0,0,0,2,4,4,4,5,2,2,3,1,"other",4,2.8,3,3,3,3.11111111111111,3
13,2,"P034",5,5.5,"upset_angry",0,0,0,0,1,0,0,0,1,2,2,2,4,2,3,1,1,3,1,"work",4,2.4,2,2,2,2.88888888888889,3
14,2,"P034",4,5,"joyful_happy",1,0,0,0,0,0,0,0,1,1,1,1,5,0,3,3,3,3,0,NA,NA,1.6,2,3,3,3.77777777777778,4
15,2,"P034",5,5.5,"joyful_happy",1,0,0,0,0,0,0,0,1,2,2,3,2,1,6,3,5,6,1,"other",5,2,2,5,5,4.44444444444444,4
16,2,"P034",5,5.5,"joyful_happy",1,0,0,0,0,0,0,0,0,0,2,6,6,0,6,3,6,6,1,"friends",5,2.8,3,5.25,5,4.11111111111111,4
17,2,"P034",3,4.5,"upset_angry",0,0,0,0,1,0,0,0,0,0,0,5,2,1,3,2,5,3,1,"other",4,1.6,2,3.25,3,3.88888888888889,4
18,1,"P034",5,5.5,"joyful_happy thrilled_enthusiastic accomplished_productive",1,1,0,1,0,0,0,0,0,0,0,0,4,0,5,3,5,4,1,"other",5,0.8,1,4.25,4,4.77777777777778,5
19,1,"P034",4,5,"thrilled_enthusiastic",0,1,0,0,0,0,0,0,0,0,0,0,5,0,4,3,3,3,0,NA,NA,1,1,3.25,3,4.22222222222222,4
20,1,"P034",5,5.5,"bored_lethargic irritated_frustrated",0,0,0,0,0,0,1,1,0,0,1,1,6,0,5,0,4,4,0,NA,NA,1.6,2,3.25,3,3.88888888888889,4
21,2,"P034",4,5,"bored_lethargic",0,0,0,0,0,0,1,0,0,0,2,2,6,0,3,0,3,3,0,NA,NA,2,2,2.25,2,3.22222222222222,3
22,1,"P034",4,5,"joyful_happy",1,0,0,0,0,0,0,0,0,0,0,0,2,0,6,3,4,5,0,NA,NA,0.4,0,4.5,5,5.11111111111111,5
23,2,"P034",5,5.5,"joyful_happy calm_relaxed",1,0,1,0,0,0,0,0,0,0,1,0,6,0,6,2,3,3,0,NA,NA,1.4,1,3.5,4,4.11111111111111,4
24,1,"P034",-4,1,"joyful_happy upset_angry exhausted_tired irritated_frustrated",1,0,0,0,1,1,0,1,0,0,4,0,3,0,5,0,0,0,1,"other",-5,1.4,1,1.25,1,3.11111111111111,3
25,2,"P034",-2,2,"upset_angry irritated_frustrated",0,0,0,0,1,0,0,1,0,0,0,0,6,0,6,1,4,4,0,NA,NA,1.2,1,3.75,4,4.33333333333333,4
26,1,"P034",4,5,"exhausted_tired bored_lethargic irritated_frustrated",0,0,0,0,0,1,1,1,0,0,0,0,6,0,4,4,4,3,0,NA,NA,1.2,1,3.75,4,4.33333333333333,4
27,1,"P034",5,5.5,"thrilled_enthusiastic calm_relaxed",0,1,1,0,0,0,0,0,0,0,0,0,6,0,5,3,4,3,0,NA,NA,1.2,1,3.75,4,4.33333333333333,4
28,2,"P034",4,5,"bored_lethargic",0,0,0,0,0,0,1,0,0,0,0,1,6,0,0,0,0,0,0,NA,NA,1.4,1,0,0,2.55555555555556,3
29,1,"P034",4,5,"joyful_happy",1,0,0,0,0,0,0,0,0,0,0,0,6,0,4,3,3,4,0,NA,NA,1.2,1,3.5,4,4.22222222222222,4
30,2,"P034",4,5,"calm_relaxed",0,0,1,0,0,0,0,0,0,0,0,6,6,6,4,0,3,2,0,NA,NA,3.6,4,2.25,2,2.33333333333333,2
1,2,"P035",-2,2,"upset_angry exhausted_tired irritated_frustrated",0,0,0,0,1,1,0,1,1,1,4,3,4,2,4,4,3,4,1,"friends",-4,2.8,3,3.75,4,3.44444444444444,3
2,2,"P035",0,3,"accomplished_productive exhausted_tired bored_lethargic",0,0,0,1,0,1,1,0,1,1,2,3,2,6,3,4,4,3,0,NA,NA,2.8,3,3.5,4,3.33333333333333,3
3,2,"P035",4,5,"joyful_happy calm_relaxed accomplished_productive",1,0,1,1,0,0,0,0,2,3,0,0,0,0,6,6,6,6,0,NA,NA,0.6,1,6,6,5.66666666666667,6
4,1,"P035",0,3,"exhausted_tired bored_lethargic",0,0,0,0,0,1,1,0,0,0,4,4,0,4,3,3,5,4,0,NA,NA,2.4,2,3.75,4,3.66666666666667,4
5,1,"P035",-1,2.5,"upset_angry exhausted_tired bored_lethargic irritated_frustrated",0,0,0,0,1,1,1,1,3,5,5,3,0,2,5,4,3,3,0,NA,NA,3,3,3.75,4,3.33333333333333,3
6,2,"P035",2,4,"calm_relaxed accomplished_productive",0,0,1,1,0,0,0,0,1,2,3,1,0,1,4,4,4,6,0,NA,NA,1.4,1,4.5,5,4.55555555555556,5
7,2,"P035",1,3.5,"exhausted_tired irritated_frustrated",0,0,0,0,0,1,0,1,2,4,4,2,0,2,3,3,3,4,0,NA,NA,2.4,2,3.25,3,3.44444444444444,3
8,1,"P035",0,3,"upset_angry exhausted_tired bored_lethargic irritated_frustrated",0,0,0,0,1,1,1,1,2,4,4,5,0,5,3,2,3,3,1,"home",-6,3.6,4,2.75,3,2.55555555555556,3
9,1,"P035",0,3,"exhausted_tired irritated_frustrated",0,0,0,0,0,1,0,1,2,3,5,4,1,4,3,2,2,4,0,NA,NA,3.4,3,2.75,3,2.66666666666667,3
10,1,"P035",0,3,"exhausted_tired bored_lethargic irritated_frustrated",0,0,0,0,0,1,1,1,2,4,4,3,0,4,3,4,3,0,0,NA,NA,3,3,2.5,3,2.77777777777778,3
11,2,"P035",0,3,"upset_angry exhausted_tired bored_lethargic irritated_frustrated",0,0,0,0,1,1,1,1,3,5,5,6,2,6,0,4,3,4,0,NA,NA,4.8,5,2.75,3,1.88888888888889,2
12,1,"P035",0,3,"upset_angry exhausted_tired bored_lethargic irritated_frustrated",0,0,0,0,1,1,1,1,3,6,5,5,2,5,0,4,3,0,0,NA,NA,4.6,5,1.75,2,1.55555555555556,2
13,1,"P035",-4,1,"upset_angry exhausted_tired bored_lethargic irritated_frustrated",0,0,0,0,1,1,1,1,3,5,5,6,2,6,0,3,3,3,1,"friends",-6,4.8,5,2.25,2,1.66666666666667,2
14,1,"P035",-3,1.5,"upset_angry bored_lethargic irritated_frustrated",0,0,0,0,1,0,1,1,3,5,6,4,0,2,4,4,3,5,1,"friends",-5,3.4,3,4,4,3.22222222222222,3
15,2,"P035",0,3,"exhausted_tired",0,0,0,0,0,1,0,0,2,4,5,6,2,5,0,0,1,0,1,"home",-6,4.4,4,0.25,0,1,1
16,2,"P035",4,5,"joyful_happy thrilled_enthusiastic calm_relaxed accomplished_productive",1,1,1,1,0,0,0,0,2,3,3,1,0,0,6,6,6,6,0,NA,NA,1.4,1,6,6,5.22222222222222,5
17,1,"P035",-6,0,"upset_angry exhausted_tired bored_lethargic irritated_frustrated",0,0,0,0,1,1,1,1,3,6,6,6,0,6,0,2,0,0,1,"home",-6,4.8,5,0.5,1,0.888888888888889,1
18,1,"P035",0,3,"upset_angry irritated_frustrated",0,0,0,0,1,0,0,1,3,6,6,0,0,2,0,3,2,4,1,"home",-6,2.8,3,2.25,2,2.77777777777778,3
19,1,"P035",-2,2,"upset_angry irritated_frustrated",0,0,0,0,1,0,0,1,3,6,6,6,0,6,2,4,2,0,1,"friends",-6,4.8,5,2,2,1.55555555555556,2
20,2,"P035",-6,0,"exhausted_tired bored_lethargic irritated_frustrated",0,0,0,0,0,1,1,1,3,6,6,6,0,6,3,4,2,1,1,"friends",-6,4.8,5,2.5,3,1.77777777777778,2
21,2,"P035",-6,0,"upset_angry irritated_frustrated",0,0,0,0,1,0,0,1,3,6,6,2,0,6,6,6,2,5,0,NA,NA,4,4,4.75,5,3.22222222222222,3
22,2,"P035",0,3,"joyful_happy upset_angry exhausted_tired bored_lethargic irritated_frustrated",1,0,0,0,1,1,1,1,3,6,6,1,0,1,5,4,5,5,0,NA,NA,2.8,3,4.75,5,3.88888888888889,4
23,2,"P035",0,3,"accomplished_productive exhausted_tired",0,0,0,1,0,1,0,0,3,6,6,5,0,6,0,5,2,0,0,NA,NA,4.6,5,1.75,2,1.55555555555556,2
24,2,"P035",0,3,"accomplished_productive exhausted_tired bored_lethargic",0,0,0,1,0,1,1,0,3,6,6,0,0,0,5,6,5,6,0,NA,NA,2.4,2,5.5,6,4.44444444444444,4
25,1,"P035",-4,1,"upset_angry exhausted_tired bored_lethargic irritated_frustrated",0,0,0,0,1,1,1,1,3,6,6,6,0,2,4,4,4,5,1,"friends",-6,4,4,4.25,4,3,3
26,1,"P035",0,3,"accomplished_productive exhausted_tired irritated_frustrated",0,0,0,1,0,1,0,1,3,6,6,4,0,3,4,5,3,6,0,NA,NA,3.8,4,4.5,5,3.22222222222222,3
27,2,"P035",0,3,"upset_angry exhausted_tired irritated_frustrated",0,0,0,0,1,1,0,1,3,6,6,6,0,3,4,4,4,4,1,"work",-6,4.2,4,4,4,2.77777777777778,3
28,1,"P035",2,4,"accomplished_productive",0,0,0,1,0,0,0,0,1,2,5,2,0,1,5,5,5,5,0,NA,NA,2,2,5,5,4.44444444444444,4
29,2,"P035",5,5.5,"joyful_happy calm_relaxed accomplished_productive",1,0,1,1,0,0,0,0,1,1,4,4,0,5,3,4,3,4,0,NA,NA,2.8,3,3.5,4,3.33333333333333,3
30,2,"P035",6,6,"joyful_happy calm_relaxed accomplished_productive",1,0,1,1,0,0,0,0,0,0,4,0,0,0,6,6,6,6,0,NA,NA,0.8,1,6,6,5.55555555555556,6
1,1,"P036",3,4.5,"accomplished_productive exhausted_tired",0,0,0,1,0,1,0,0,1,1,1,1,0,1,5,4,4,5,0,NA,NA,0.8,1,4.5,5,4.88888888888889,5
2,2,"P036",3,4.5,"joyful_happy bored_lethargic",1,0,0,0,0,0,1,0,0,0,1,1,0,1,5,3,4,5,0,NA,NA,0.6,1,4.25,4,4.88888888888889,5
3,2,"P036",4,5,"thrilled_enthusiastic calm_relaxed accomplished_productive",0,1,1,1,0,0,0,0,1,2,1,1,0,0,6,5,4,4,1,"other",6,0.8,1,4.75,5,5,5
4,1,"P036",4,5,"accomplished_productive upset_angry irritated_frustrated",0,0,0,1,1,0,0,1,3,6,6,6,6,0,6,6,5,4,1,"home",6,4.8,5,5.25,5,3,3
5,1,"P036",6,6,"joyful_happy thrilled_enthusiastic accomplished_productive exhausted_tired",1,1,0,1,0,1,0,0,1,2,1,1,1,0,6,6,6,6,0,NA,NA,1,1,6,6,5.44444444444444,5
6,2,"P036",5,5.5,"joyful_happy thrilled_enthusiastic accomplished_productive",1,1,0,1,0,0,0,0,1,1,1,1,0,0,6,6,6,6,0,NA,NA,0.6,1,6,6,5.66666666666667,6
7,1,"P036",2,4,"upset_angry irritated_frustrated",0,0,0,0,1,0,0,1,1,2,2,1,2,0,4,4,4,4,1,"friends",6,1.4,1,4,4,4.33333333333333,4
8,1,"P036",-3,1.5,"accomplished_productive upset_angry",0,0,0,1,1,0,0,0,1,2,5,5,2,1,3,3,3,4,1,"home",6,3,3,3.25,3,3.11111111111111,3
9,2,"P036",-5,0.5,"upset_angry",0,0,0,0,1,0,0,0,3,6,6,6,0,3,3,2,0,0,1,"home",NA,4.2,4,1.25,1,1.55555555555556,2
10,1,"P036",1,3.5,"upset_angry",0,0,0,0,1,0,0,0,2,3,6,4,0,1,6,3,3,3,1,"home",3,2.8,3,3.75,4,3.44444444444444,3
11,2,"P036",-6,0,"upset_angry irritated_frustrated",0,0,0,0,1,0,0,1,3,6,6,6,0,1,4,3,0,0,1,"friends",6,3.8,4,1.75,2,2,2
12,1,"P036",1,3.5,"bored_lethargic",0,0,0,0,0,0,1,0,3,6,4,3,0,0,4,4,4,3,1,"other",6,2.6,3,3.75,4,3.55555555555556,4
13,1,"P036",4,5,"calm_relaxed accomplished_productive exhausted_tired",0,0,1,1,0,1,0,0,3,5,3,0,0,0,3,5,5,6,0,NA,NA,1.6,2,4.75,5,4.55555555555556,5
14,2,"P036",3,4.5,"joyful_happy accomplished_productive upset_angry exhausted_tired bored_lethargic",1,0,0,1,1,1,1,0,2,3,3,1,0,0,3,5,5,5,0,NA,NA,1.4,1,4.5,5,4.55555555555556,5
15,2,"P036",-1,2.5,"irritated_frustrated",0,0,0,0,0,0,0,1,2,4,4,3,0,3,3,3,3,3,1,"other",6,2.8,3,3,3,3.11111111111111,3
16,2,"P036",2,4,"joyful_happy accomplished_productive exhausted_tired irritated_frustrated",1,0,0,1,0,1,0,1,3,6,3,3,0,1,2,6,3,5,0,NA,NA,2.6,3,4,4,3.66666666666667,4
17,1,"P036",2,4,"joyful_happy calm_relaxed accomplished_productive upset_angry irritated_frustrated",1,0,1,1,1,0,0,1,3,5,5,5,0,0,5,4,4,3,1,"home",6,3,3,4,4,3.44444444444444,3
18,1,"P036",-3,1.5,"irritated_frustrated",0,0,0,0,0,0,0,1,3,5,3,3,0,0,3,0,0,0,1,"home",6,2.2,2,0.75,1,2.44444444444444,2
19,2,"P036",3,4.5,"joyful_happy exhausted_tired",1,0,0,0,0,1,0,0,1,1,1,1,0,0,4,4,4,4,0,NA,NA,0.6,1,4,4,4.77777777777778,5
20,1,"P036",0,3,"irritated_frustrated",0,0,0,0,0,0,0,1,1,2,2,2,0,0,5,3,3,3,1,"home",6,1.2,1,3.5,4,4.22222222222222,4
21,1,"P036",2,4,"thrilled_enthusiastic accomplished_productive exhausted_tired bored_lethargic",0,1,0,1,0,1,1,0,2,3,4,6,0,1,3,3,3,3,0,NA,NA,2.8,3,3,3,3.11111111111111,3
22,2,"P036",2,4,"exhausted_tired bored_lethargic",0,0,0,0,0,1,1,0,2,3,3,1,0,0,4,4,4,4,0,NA,NA,1.4,1,4,4,4.33333333333333,4
23,1,"P036",3,4.5,"joyful_happy thrilled_enthusiastic exhausted_tired bored_lethargic",1,1,0,0,0,1,1,0,0,0,0,0,0,0,3,4,5,4,0,NA,NA,0,0,4,4,5.11111111111111,5
24,2,"P036",3,4.5,"joyful_happy",1,0,0,0,0,0,0,0,1,1,1,0,0,0,6,4,5,5,0,NA,NA,0.4,0,5,5,5.33333333333333,5
25,1,"P036",4,5,"joyful_happy calm_relaxed accomplished_productive",1,0,1,1,0,0,0,0,1,1,1,0,0,0,5,5,5,5,0,NA,NA,0.4,0,5,5,5.33333333333333,5
26,1,"P036",3,4.5,"joyful_happy calm_relaxed",1,0,1,0,0,0,0,0,1,1,0,1,1,0,6,4,4,4,0,NA,NA,0.6,1,4.5,5,5,5
27,2,"P036",4,5,"joyful_happy exhausted_tired irritated_frustrated",1,0,0,0,0,1,0,1,1,1,1,0,0,0,5,5,5,5,0,NA,NA,0.4,0,5,5,5.33333333333333,5
28,1,"P036",4,5,"joyful_happy exhausted_tired",1,0,0,0,0,1,0,0,1,1,1,0,0,0,6,4,5,5,0,NA,NA,0.4,0,5,5,5.33333333333333,5
29,1,"P036",3,4.5,"calm_relaxed accomplished_productive",0,0,1,1,0,0,0,0,0,0,1,0,0,0,5,4,4,5,0,NA,NA,0.2,0,4.5,5,5.22222222222222,5
30,2,"P036",5,5.5,"joyful_happy calm_relaxed bored_lethargic",1,0,1,0,0,0,1,0,1,2,1,0,1,0,5,4,5,5,0,NA,NA,0.8,1,4.75,5,5,5
2,1,"P037",4,5,"joyful_happy calm_relaxed exhausted_tired",1,0,1,0,0,1,0,0,1,2,1,0,0,0,6,4,5,5,0,NA,NA,0.6,1,5,5,5.22222222222222,5
3,2,"P037",3,4.5,"joyful_happy calm_relaxed exhausted_tired bored_lethargic",1,0,1,0,0,1,1,0,1,2,0,1,0,0,1,4,4,3,0,NA,NA,0.6,1,3,3,4.33333333333333,4
4,2,"P037",2,4,"joyful_happy calm_relaxed upset_angry bored_lethargic irritated_frustrated",1,0,1,0,1,0,1,1,2,3,1,1,0,0,5,4,5,5,0,NA,NA,1,1,4.75,5,4.88888888888889,5
5,1,"P037",3,4.5,"joyful_happy calm_relaxed bored_lethargic",1,0,1,0,0,0,1,0,0,0,0,0,0,0,5,5,5,4,0,NA,NA,0,0,4.75,5,5.44444444444444,5
6,2,"P037",-6,0,"joyful_happy thrilled_enthusiastic exhausted_tired",1,1,0,0,0,1,0,0,0,0,0,0,0,0,5,4,5,6,0,NA,NA,0,0,5,5,5.55555555555556,6
7,1,"P037",3,4.5,"joyful_happy exhausted_tired",1,0,0,0,0,1,0,0,0,0,0,0,0,0,5,4,5,4,0,NA,NA,0,0,4.5,5,5.33333333333333,5
8,2,"P037",3,4.5,"joyful_happy calm_relaxed accomplished_productive",1,0,1,1,0,0,0,0,0,0,0,0,0,0,5,5,5,5,0,NA,NA,0,0,5,5,5.55555555555556,6
9,2,"P037",3,4.5,"joyful_happy thrilled_enthusiastic exhausted_tired",1,1,0,0,0,1,0,0,0,0,0,0,0,0,5,4,4,4,0,NA,NA,0,0,4.25,4,5.22222222222222,5
10,2,"P037",3,4.5,"joyful_happy calm_relaxed bored_lethargic",1,0,1,0,0,0,1,0,0,0,0,0,0,0,4,4,4,4,0,NA,NA,0,0,4,4,5.11111111111111,5
11,1,"P037",4,5,"joyful_happy calm_relaxed exhausted_tired",1,0,1,0,0,1,0,0,0,0,0,0,0,0,5,4,4,4,0,NA,NA,0,0,4.25,4,5.22222222222222,5
12,1,"P037",3,4.5,"joyful_happy exhausted_tired",1,0,0,0,0,1,0,0,0,0,0,0,0,0,4,4,4,4,0,NA,NA,0,0,4,4,5.11111111111111,5
13,1,"P037",3,4.5,"joyful_happy calm_relaxed",1,0,1,0,0,0,0,0,0,0,0,0,0,0,4,4,4,4,0,NA,NA,0,0,4,4,5.11111111111111,5
14,2,"P037",3,4.5,"joyful_happy calm_relaxed",1,0,1,0,0,0,0,0,0,0,0,0,0,0,4,4,4,4,0,NA,NA,0,0,4,4,5.11111111111111,5
15,1,"P037",3,4.5,"joyful_happy calm_relaxed bored_lethargic",1,0,1,0,0,0,1,0,0,0,0,0,0,0,4,4,4,4,0,NA,NA,0,0,4,4,5.11111111111111,5
16,2,"P037",4,5,"joyful_happy exhausted_tired",1,0,0,0,0,1,0,0,0,0,0,0,0,0,4,4,4,4,0,NA,NA,0,0,4,4,5.11111111111111,5
17,2,"P037",3,4.5,"joyful_happy calm_relaxed",1,0,1,0,0,0,0,0,0,0,0,0,0,0,4,4,4,4,0,NA,NA,0,0,4,4,5.11111111111111,5
18,2,"P037",3,4.5,"calm_relaxed bored_lethargic",0,0,1,0,0,0,1,0,0,0,0,0,0,0,4,3,4,3,0,NA,NA,0,0,3.5,4,4.88888888888889,5
19,2,"P037",3,4.5,"calm_relaxed bored_lethargic",0,0,1,0,0,0,1,0,0,0,0,0,0,0,4,3,3,3,0,NA,NA,0,0,3.25,3,4.77777777777778,5
20,2,"P037",3,4.5,"exhausted_tired bored_lethargic",0,0,0,0,0,1,1,0,0,0,0,0,0,0,4,4,4,4,0,NA,NA,0,0,4,4,5.11111111111111,5
21,2,"P037",4,5,"thrilled_enthusiastic exhausted_tired",0,1,0,0,0,1,0,0,0,0,0,0,0,0,5,5,5,5,0,NA,NA,0,0,5,5,5.55555555555556,6
22,1,"P037",3,4.5,"joyful_happy accomplished_productive",1,0,0,1,0,0,0,0,0,0,0,0,0,0,4,4,5,4,0,NA,NA,0,0,4.25,4,5.22222222222222,5
23,2,"P037",3,4.5,"exhausted_tired bored_lethargic",0,0,0,0,0,1,1,0,1,1,1,1,0,0,3,3,3,3,0,NA,NA,0.6,1,3,3,4.33333333333333,4
24,1,"P037",3,4.5,"calm_relaxed bored_lethargic",0,0,1,0,0,0,1,0,0,0,0,0,0,0,4,4,4,4,0,NA,NA,0,0,4,4,5.11111111111111,5
25,1,"P037",3,4.5,"joyful_happy calm_relaxed",1,0,1,0,0,0,0,0,0,0,0,0,0,0,4,4,4,4,0,NA,NA,0,0,4,4,5.11111111111111,5
26,2,"P037",3,4.5,"joyful_happy calm_relaxed",1,0,1,0,0,0,0,0,0,0,0,0,0,0,4,4,4,4,0,NA,NA,0,0,4,4,5.11111111111111,5
27,2,"P037",3,4.5,"joyful_happy calm_relaxed",1,0,1,0,0,0,0,0,0,0,0,0,0,0,4,4,4,4,0,NA,NA,0,0,4,4,5.11111111111111,5
28,2,"P037",4,5,"joyful_happy calm_relaxed",1,0,1,0,0,0,0,0,0,0,0,0,0,0,4,4,4,4,0,NA,NA,0,0,4,4,5.11111111111111,5
29,1,"P037",3,4.5,"calm_relaxed bored_lethargic",0,0,1,0,0,0,1,0,0,0,0,0,0,0,4,4,4,4,0,NA,NA,0,0,4,4,5.11111111111111,5
30,2,"P037",3,4.5,"joyful_happy calm_relaxed",1,0,1,0,0,0,0,0,0,0,0,0,0,0,5,5,4,4,0,NA,NA,0,0,4.5,5,5.33333333333333,5
1,2,"P038",-3,1.5,"upset_angry exhausted_tired bored_lethargic",0,0,0,0,1,1,1,0,0,0,0,5,1,4,0,0,1,0,0,NA,NA,2,2,0.25,0,2.33333333333333,2
2,1,"P038",4,5,"joyful_happy calm_relaxed",1,0,1,0,0,0,0,0,0,0,0,0,1,0,5,5,6,6,0,NA,NA,0.2,0,5.5,6,5.66666666666667,6
3,1,"P038",3,4.5,"joyful_happy bored_lethargic",1,0,0,0,0,0,1,0,0,0,0,0,0,0,1,0,2,5,0,NA,NA,0,0,2,2,4.22222222222222,4
4,2,"P038",4,5,"joyful_happy calm_relaxed",1,0,1,0,0,0,0,0,0,0,0,2,1,0,6,0,1,4,0,NA,NA,0.6,1,2.75,3,4.22222222222222,4
5,2,"P038",4,5,"joyful_happy thrilled_enthusiastic",1,1,0,0,0,0,0,0,0,0,0,0,4,1,5,6,6,5,0,NA,NA,1,1,5.5,6,5.22222222222222,5
6,2,"P038",4,5,"joyful_happy calm_relaxed accomplished_productive",1,0,1,1,0,0,0,0,0,0,0,0,0,0,5,6,3,3,0,NA,NA,0,0,4.25,4,5.22222222222222,5
7,1,"P038",5,5.5,"joyful_happy bored_lethargic",1,0,0,0,0,0,1,0,2,4,3,1,3,0,5,1,3,2,0,NA,NA,2.2,2,2.75,3,3.33333333333333,3
8,2,"P038",3,4.5,"accomplished_productive exhausted_tired",0,0,0,1,0,1,0,0,2,4,4,3,4,1,4,6,5,2,1,"home",2,3.2,3,4.25,4,3.44444444444444,3
9,1,"P038",-3,1.5,"upset_angry exhausted_tired irritated_frustrated",0,0,0,0,1,1,0,1,3,5,5,3,4,4,5,1,1,2,0,NA,NA,4.2,4,2.25,2,2,2
10,2,"P038",5,5.5,"calm_relaxed accomplished_productive exhausted_tired",0,0,1,1,0,1,0,0,1,1,2,0,5,0,6,6,6,2,0,NA,NA,1.6,2,5,5,4.66666666666667,5
11,1,"P038",6,6,"joyful_happy accomplished_productive irritated_frustrated",1,0,0,1,0,0,0,1,3,5,3,0,6,3,4,6,6,2,0,NA,NA,3.4,3,4.5,5,3.44444444444444,3
12,1,"P038",5,5.5,"joyful_happy accomplished_productive exhausted_tired",1,0,0,1,0,1,0,0,3,5,4,1,5,1,4,5,6,4,0,NA,NA,3.2,3,4.75,5,3.66666666666667,4
13,1,"P038",6,6,"joyful_happy thrilled_enthusiastic upset_angry",1,1,0,0,1,0,0,0,1,1,1,0,3,0,6,6,6,6,0,NA,NA,1,1,6,6,5.44444444444444,5
14,2,"P038",6,6,"joyful_happy thrilled_enthusiastic",1,1,0,0,0,0,0,0,1,1,2,0,1,0,5,4,5,6,0,NA,NA,0.8,1,5,5,5.11111111111111,5
15,2,"P038",6,6,"joyful_happy accomplished_productive",1,0,0,1,0,0,0,0,0,0,0,0,6,0,6,6,6,3,0,NA,NA,1.2,1,5.25,5,5,5
16,2,"P038",6,6,"joyful_happy thrilled_enthusiastic",1,1,0,0,0,0,0,0,0,0,1,0,0,0,6,5,6,6,0,NA,NA,0.2,0,5.75,6,5.77777777777778,6
17,1,"P038",5,5.5,"joyful_happy calm_relaxed",1,0,1,0,0,0,0,0,0,0,0,0,0,0,6,4,5,4,0,NA,NA,0,0,4.75,5,5.44444444444444,5
18,2,"P038",6,6,"joyful_happy thrilled_enthusiastic calm_relaxed",1,1,1,0,0,0,0,0,0,0,0,0,6,0,6,6,6,6,0,NA,NA,1.2,1,6,6,5.33333333333333,5
19,2,"P038",6,6,"joyful_happy",1,0,0,0,0,0,0,0,1,1,0,0,0,0,3,1,6,6,0,NA,NA,0.2,0,4,4,5,5
20,2,"P038",6,6,"joyful_happy calm_relaxed bored_lethargic",1,0,1,0,0,0,1,0,0,0,0,0,0,0,6,6,4,6,0,NA,NA,0,0,5.5,6,5.77777777777778,6
21,1,"P038",6,6,"joyful_happy calm_relaxed",1,0,1,0,0,0,0,0,0,0,0,0,5,0,6,6,6,5,0,NA,NA,1,1,5.75,6,5.33333333333333,5
22,1,"P038",6,6,"joyful_happy thrilled_enthusiastic accomplished_productive",1,1,0,1,0,0,0,0,0,0,0,0,1,0,6,6,6,6,0,NA,NA,0.2,0,6,6,5.88888888888889,6
23,1,"P038",6,6,"joyful_happy calm_relaxed bored_lethargic",1,0,1,0,0,0,1,0,0,0,0,0,6,1,5,6,4,6,0,NA,NA,1.4,1,5.25,5,4.88888888888889,5
24,2,"P038",6,6,"joyful_happy calm_relaxed accomplished_productive",1,0,1,1,0,0,0,0,0,0,0,0,3,1,5,6,6,6,0,NA,NA,0.8,1,5.75,6,5.44444444444444,5
25,2,"P038",5,5.5,"joyful_happy bored_lethargic",1,0,0,0,0,0,1,0,0,0,0,0,3,0,6,6,6,3,0,NA,NA,0.6,1,5.25,5,5.33333333333333,5
26,2,"P038",6,6,"joyful_happy bored_lethargic",1,0,0,0,0,0,1,0,0,0,0,0,0,0,6,6,6,6,0,NA,NA,0,0,6,6,6,6
27,1,"P038",3,4.5,"joyful_happy bored_lethargic",1,0,0,0,0,0,1,0,0,0,0,1,6,3,5,3,4,4,0,NA,NA,2,2,4,4,4,4
28,1,"P038",6,6,"joyful_happy accomplished_productive",1,0,0,1,0,0,0,0,0,0,0,0,1,0,6,6,6,6,0,NA,NA,0.2,0,6,6,5.88888888888889,6
29,2,"P038",5,5.5,"joyful_happy exhausted_tired bored_lethargic",1,0,0,0,0,1,1,0,0,0,0,1,1,1,6,6,6,6,0,NA,NA,0.6,1,6,6,5.66666666666667,6
30,2,"P038",6,6,"joyful_happy accomplished_productive",1,0,0,1,0,0,0,0,0,0,0,0,0,0,6,6,6,6,0,NA,NA,0,0,6,6,6,6
1,2,"P039",6,6,"joyful_happy",1,0,0,0,0,0,0,0,1,1,2,0,3,0,4,3,5,4,0,NA,NA,1.2,1,4,4,4.44444444444444,4
2,1,"P039",3,4.5,"calm_relaxed",0,0,1,0,0,0,0,0,2,3,0,1,2,1,2,3,3,3,0,NA,NA,1.4,1,2.75,3,3.77777777777778,4
3,1,"P039",2,4,"calm_relaxed",0,0,1,0,0,0,0,0,1,2,1,1,1,2,3,3,4,3,0,NA,NA,1.4,1,3.25,3,4,4
4,2,"P039",2,4,"exhausted_tired bored_lethargic",0,0,0,0,0,1,1,0,2,3,1,1,4,2,3,4,3,3,0,NA,NA,2.2,2,3.25,3,3.55555555555556,4
5,1,"P039",2,4,"calm_relaxed bored_lethargic",0,0,1,0,0,0,1,0,1,2,1,0,3,2,3,4,5,4,0,NA,NA,1.6,2,4,4,4.22222222222222,4
6,1,"P039",4,5,"joyful_happy",1,0,0,0,0,0,0,0,1,1,2,0,1,0,5,3,5,4,0,NA,NA,0.8,1,4.25,4,4.77777777777778,5
7,1,"P039",1,3.5,"upset_angry",0,0,0,0,1,0,0,0,2,3,2,1,2,1,3,3,4,3,0,NA,NA,1.8,2,3.25,3,3.77777777777778,4
8,1,"P039",5,5.5,"joyful_happy",1,0,0,0,0,0,0,0,0,0,1,0,1,2,5,4,5,5,0,NA,NA,0.8,1,4.75,5,5,5
9,2,"P039",4,5,"calm_relaxed",0,0,1,0,0,0,0,0,1,2,1,0,1,4,2,4,5,3,0,NA,NA,1.6,2,3.5,4,4,4
10,1,"P039",2,4,"irritated_frustrated",0,0,0,0,0,0,0,1,1,2,1,0,1,0,3,4,3,4,0,NA,NA,0.8,1,3.5,4,4.44444444444444,4
11,2,"P039",3,4.5,"exhausted_tired",0,0,0,0,0,1,0,0,1,1,2,0,1,0,3,4,3,3,0,NA,NA,0.8,1,3.25,3,4.33333333333333,4
12,2,"P039",4,5,"bored_lethargic",0,0,0,0,0,0,1,0,1,1,0,0,2,0,3,3,3,4,0,NA,NA,0.6,1,3.25,3,4.44444444444444,4
13,2,"P039",3,4.5,"calm_relaxed",0,0,1,0,0,0,0,0,1,1,0,0,4,1,3,4,4,5,0,NA,NA,1.2,1,4,4,4.44444444444444,4
14,2,"P039",3,4.5,"exhausted_tired",0,0,0,0,0,1,0,0,0,0,1,0,1,1,2,4,4,3,0,NA,NA,0.6,1,3.25,3,4.44444444444444,4
15,2,"P039",4,5,"calm_relaxed",0,0,1,0,0,0,0,0,0,0,0,0,4,1,2,4,5,5,0,NA,NA,1,1,4,4,4.55555555555556,5
16,1,"P039",3,4.5,"joyful_happy",1,0,0,0,0,0,0,0,1,1,0,0,5,1,5,4,4,5,0,NA,NA,1.4,1,4.5,5,4.55555555555556,5
17,2,"P039",2,4,"calm_relaxed",0,0,1,0,0,0,0,0,1,1,0,0,4,1,2,3,4,4,0,NA,NA,1.2,1,3.25,3,4.11111111111111,4
18,2,"P039",3,4.5,"exhausted_tired",0,0,0,0,0,1,0,0,1,1,0,1,5,2,3,3,4,4,0,NA,NA,1.8,2,3.5,4,3.88888888888889,4
19,2,"P039",2,4,"calm_relaxed",0,0,1,0,0,0,0,0,0,0,0,0,4,3,3,4,4,4,0,NA,NA,1.4,1,3.75,4,4.22222222222222,4
20,1,"P039",5,5.5,"bored_lethargic",0,0,0,0,0,0,1,0,0,0,0,0,4,2,1,3,4,5,0,NA,NA,1.2,1,3.25,3,4.11111111111111,4
21,2,"P039",3,4.5,"joyful_happy calm_relaxed",1,0,1,0,0,0,0,0,0,0,0,1,5,4,2,4,5,3,0,NA,NA,2,2,3.5,4,3.77777777777778,4
22,2,"P039",4,5,"calm_relaxed",0,0,1,0,0,0,0,0,1,1,0,1,5,4,1,4,4,5,0,NA,NA,2.2,2,3.5,4,3.66666666666667,4
23,1,"P039",3,4.5,"calm_relaxed",0,0,1,0,0,0,0,0,1,1,1,2,6,1,1,4,4,4,0,NA,NA,2.2,2,3.25,3,3.55555555555556,4
24,2,"P039",3,4.5,"calm_relaxed",0,0,1,0,0,0,0,0,0,0,0,0,4,2,5,4,4,3,0,NA,NA,1.2,1,4,4,4.44444444444444,4
25,2,"P039",2,4,"calm_relaxed",0,0,1,0,0,0,0,0,0,0,0,1,6,4,5,5,3,4,0,NA,NA,2.2,2,4.25,4,4,4
26,2,"P039",2,4,"calm_relaxed",0,0,1,0,0,0,0,0,1,1,0,0,4,2,2,4,3,3,0,NA,NA,1.4,1,3,3,3.88888888888889,4
27,1,"P039",5,5.5,"joyful_happy",1,0,0,0,0,0,0,0,0,0,0,0,4,0,6,5,5,5,0,NA,NA,0.8,1,5.25,5,5.22222222222222,5
28,2,"P039",4,5,"calm_relaxed",0,0,1,0,0,0,0,0,1,1,1,0,4,1,5,5,6,5,0,NA,NA,1.4,1,5.25,5,4.88888888888889,5
29,2,"P039",3,4.5,"calm_relaxed",0,0,1,0,0,0,0,0,0,0,0,0,5,1,4,4,3,5,0,NA,NA,1.2,1,4,4,4.44444444444444,4
30,1,"P039",6,6,"joyful_happy",1,0,0,0,0,0,0,0,0,0,0,0,6,0,5,6,6,6,0,NA,NA,1.2,1,5.75,6,5.22222222222222,5
1,1,"P040",0,3,"calm_relaxed exhausted_tired",0,0,1,0,0,1,0,0,1,2,1,2,0,3,4,3,4,6,0,NA,NA,1.6,2,4.25,4,4.33333333333333,4
2,2,"P040",2,4,"calm_relaxed",0,0,1,0,0,0,0,0,1,2,1,2,0,0,1,3,3,4,0,NA,NA,1,1,2.75,3,4,4
3,2,"P040",0,3,"exhausted_tired",0,0,0,0,0,1,0,0,1,1,0,2,0,2,3,3,3,3,0,NA,NA,1,1,3,3,4.11111111111111,4
4,1,"P040",1,3.5,"joyful_happy",1,0,0,0,0,0,0,0,1,2,2,1,0,2,3,3,3,3,0,NA,NA,1.4,1,3,3,3.88888888888889,4
5,2,"P040",1,3.5,"calm_relaxed",0,0,1,0,0,0,0,0,0,0,0,2,0,2,3,3,3,3,0,NA,NA,0.8,1,3,3,4.22222222222222,4
6,1,"P040",0,3,"calm_relaxed",0,0,1,0,0,0,0,0,0,0,1,1,0,2,3,3,3,3,0,NA,NA,0.8,1,3,3,4.22222222222222,4
7,2,"P040",0,3,"exhausted_tired",0,0,0,0,0,1,0,0,0,0,0,2,0,3,3,3,3,3,0,NA,NA,1,1,3,3,4.11111111111111,4
8,1,"P040",0,3,"exhausted_tired",0,0,0,0,0,1,0,0,1,2,0,2,0,3,3,3,3,3,0,NA,NA,1.4,1,3,3,3.88888888888889,4
9,1,"P040",0,3,"exhausted_tired",0,0,0,0,0,1,0,0,0,0,2,2,0,2,3,3,3,3,0,NA,NA,1.2,1,3,3,4,4
10,2,"P040",0,3,"exhausted_tired",0,0,0,0,0,1,0,0,0,0,0,1,0,3,3,3,3,3,0,NA,NA,0.8,1,3,3,4.22222222222222,4
11,1,"P040",0,3,"calm_relaxed exhausted_tired",0,0,1,0,0,1,0,0,1,2,0,2,0,2,3,3,3,3,0,NA,NA,1.2,1,3,3,4,4
12,1,"P040",0,3,"calm_relaxed",0,0,1,0,0,0,0,0,0,0,0,0,0,1,3,3,5,3,0,NA,NA,0.2,0,3.5,4,4.77777777777778,5
13,1,"P040",0,3,"calm_relaxed",0,0,1,0,0,0,0,0,0,0,0,2,0,3,3,3,3,3,0,NA,NA,1,1,3,3,4.11111111111111,4
14,1,"P040",0,3,"calm_relaxed",0,0,1,0,0,0,0,0,0,0,2,3,0,2,3,3,3,3,0,NA,NA,1.4,1,3,3,3.88888888888889,4
15,1,"P040",0,3,"bored_lethargic",0,0,0,0,0,0,1,0,0,0,2,3,0,3,3,3,3,3,0,NA,NA,1.6,2,3,3,3.77777777777778,4
16,1,"P040",0,3,"calm_relaxed",0,0,1,0,0,0,0,0,0,0,0,0,0,2,3,3,3,3,0,NA,NA,0.4,0,3,3,4.44444444444444,4
17,2,"P040",0,3,"calm_relaxed",0,0,1,0,0,0,0,0,0,0,0,0,0,2,3,3,3,3,0,NA,NA,0.4,0,3,3,4.44444444444444,4
18,1,"P040",0,3,"calm_relaxed",0,0,1,0,0,0,0,0,0,0,0,2,0,2,3,3,3,3,0,NA,NA,0.8,1,3,3,4.22222222222222,4
19,1,"P040",0,3,"calm_relaxed",0,0,1,0,0,0,0,0,0,0,0,0,0,0,3,3,3,3,0,NA,NA,0,0,3,3,4.66666666666667,5
20,2,"P040",0,3,"calm_relaxed",0,0,1,0,0,0,0,0,0,0,0,0,0,0,3,3,3,3,0,NA,NA,0,0,3,3,4.66666666666667,5
21,1,"P040",0,3,"calm_relaxed",0,0,1,0,0,0,0,0,0,0,0,0,0,0,0,3,3,3,0,NA,NA,0,0,2.25,2,4.33333333333333,4
22,2,"P040",0,3,"calm_relaxed",0,0,1,0,0,0,0,0,0,0,0,0,0,0,3,3,3,3,0,NA,NA,0,0,3,3,4.66666666666667,5
23,2,"P040",0,3,"calm_relaxed",0,0,1,0,0,0,0,0,1,1,0,0,0,1,3,3,3,3,0,NA,NA,0.4,0,3,3,4.44444444444444,4
24,1,"P040",0,3,"calm_relaxed",0,0,1,0,0,0,0,0,0,0,0,0,0,0,3,3,3,3,0,NA,NA,0,0,3,3,4.66666666666667,5
25,2,"P040",0,3,"calm_relaxed",0,0,1,0,0,0,0,0,0,0,0,0,0,0,3,3,3,3,0,NA,NA,0,0,3,3,4.66666666666667,5
26,1,"P040",0,3,"calm_relaxed",0,0,1,0,0,0,0,0,0,0,0,0,0,0,3,3,3,3,0,NA,NA,0,0,3,3,4.66666666666667,5
27,1,"P040",0,3,"thrilled_enthusiastic",0,1,0,0,0,0,0,0,0,0,0,0,0,0,3,3,3,3,0,NA,NA,0,0,3,3,4.66666666666667,5
28,1,"P040",0,3,"calm_relaxed",0,0,1,0,0,0,0,0,0,0,0,0,0,0,3,3,3,3,0,NA,NA,0,0,3,3,4.66666666666667,5
29,1,"P040",0,3,"bored_lethargic",0,0,0,0,0,0,1,0,0,0,0,3,0,4,3,3,3,3,0,NA,NA,1.4,1,3,3,3.88888888888889,4
30,1,"P040",0,3,"calm_relaxed",0,0,1,0,0,0,0,0,0,0,0,0,0,0,3,3,3,3,0,NA,NA,0,0,3,3,4.66666666666667,5
2,2,"P041",4,5,"joyful_happy calm_relaxed exhausted_tired bored_lethargic",1,0,1,0,0,1,1,0,2,3,1,0,1,1,3,3,3,5,0,NA,NA,1.2,1,3.5,4,4.22222222222222,4
3,1,"P041",3,4.5,"exhausted_tired bored_lethargic",0,0,0,0,0,1,1,0,2,4,4,3,0,2,3,3,2,3,0,NA,NA,2.6,3,2.75,3,3.11111111111111,3
4,2,"P041",3,4.5,"accomplished_productive exhausted_tired",0,0,0,1,0,1,0,0,2,4,4,4,2,2,3,3,3,2,0,NA,NA,3.2,3,2.75,3,2.77777777777778,3
5,1,"P041",4,5,"calm_relaxed exhausted_tired",0,0,1,0,0,1,0,0,2,3,2,3,1,1,1,2,3,3,0,NA,NA,2,2,2.25,2,3.22222222222222,3
6,2,"P041",5,5.5,"joyful_happy thrilled_enthusiastic exhausted_tired",1,1,0,0,0,1,0,0,1,2,1,1,0,1,3,3,3,4,0,NA,NA,1,1,3.25,3,4.22222222222222,4
7,1,"P041",4,5,"joyful_happy bored_lethargic irritated_frustrated",1,0,0,0,0,0,1,1,2,3,2,2,0,2,3,3,3,4,0,NA,NA,1.8,2,3.25,3,3.77777777777778,4
8,2,"P041",4,5,"calm_relaxed upset_angry exhausted_tired irritated_frustrated",0,0,1,0,1,1,0,1,2,4,3,3,0,2,3,3,3,3,0,NA,NA,2.4,2,3,3,3.33333333333333,3
9,1,"P041",4,5,"joyful_happy accomplished_productive exhausted_tired",1,0,0,1,0,1,0,0,2,3,3,1,0,1,4,3,3,3,0,NA,NA,1.6,2,3.25,3,3.88888888888889,4
10,1,"P041",3,4.5,"calm_relaxed bored_lethargic irritated_frustrated",0,0,1,0,0,0,1,1,2,3,3,3,3,3,3,3,3,3,0,NA,NA,3,3,3,3,3,3
11,2,"P041",4,5,"calm_relaxed exhausted_tired",0,0,1,0,0,1,0,0,2,3,3,3,3,3,3,3,3,3,0,NA,NA,3,3,3,3,3,3
12,2,"P041",4,5,"upset_angry bored_lethargic irritated_frustrated",0,0,0,0,1,0,1,1,2,3,3,3,3,3,3,3,3,3,0,NA,NA,3,3,3,3,3,3
13,1,"P041",4,5,"calm_relaxed bored_lethargic",0,0,1,0,0,0,1,0,2,3,2,1,0,2,3,2,2,3,0,NA,NA,1.6,2,2.5,3,3.55555555555556,4
14,1,"P041",6,6,"calm_relaxed upset_angry bored_lethargic",0,0,1,0,1,0,1,0,2,3,3,3,3,3,3,3,3,3,0,NA,NA,3,3,3,3,3,3
15,1,"P041",4,5,"accomplished_productive exhausted_tired",0,0,0,1,0,1,0,0,2,4,3,2,1,1,3,3,3,3,0,NA,NA,2.2,2,3,3,3.44444444444444,3
16,2,"P041",4,5,"calm_relaxed exhausted_tired",0,0,1,0,0,1,0,0,2,3,3,3,3,3,3,3,3,3,0,NA,NA,3,3,3,3,3,3
17,2,"P041",3,4.5,"exhausted_tired bored_lethargic irritated_frustrated",0,0,0,0,0,1,1,1,2,3,3,3,3,3,3,3,3,3,0,NA,NA,3,3,3,3,3,3
18,1,"P041",3,4.5,"exhausted_tired irritated_frustrated",0,0,0,0,0,1,0,1,2,4,4,2,2,2,3,3,3,3,0,NA,NA,2.8,3,3,3,3.11111111111111,3
19,1,"P041",4,5,"exhausted_tired bored_lethargic",0,0,0,0,0,1,1,0,2,3,3,3,3,3,3,3,3,3,0,NA,NA,3,3,3,3,3,3
20,2,"P041",3,4.5,"bored_lethargic irritated_frustrated",0,0,0,0,0,0,1,1,2,3,3,3,3,3,3,3,3,3,0,NA,NA,3,3,3,3,3,3
21,2,"P041",3,4.5,"accomplished_productive exhausted_tired bored_lethargic",0,0,0,1,0,1,1,0,2,3,3,3,4,3,3,3,3,3,0,NA,NA,3.2,3,3,3,2.88888888888889,3
22,1,"P041",2,4,"upset_angry exhausted_tired irritated_frustrated",0,0,0,0,1,1,0,1,3,5,5,4,4,3,3,2,2,3,0,NA,NA,4.2,4,2.5,3,2.11111111111111,2
23,2,"P041",2,4,"exhausted_tired",0,0,0,0,0,1,0,0,3,5,4,4,4,2,3,3,3,3,0,NA,NA,3.8,4,3,3,2.55555555555556,3
24,1,"P041",4,5,"exhausted_tired irritated_frustrated",0,0,0,0,0,1,0,1,2,3,3,3,3,3,3,3,3,3,0,NA,NA,3,3,3,3,3,3
25,2,"P041",2,4,"upset_angry exhausted_tired",0,0,0,0,1,1,0,0,2,3,4,3,4,3,3,3,3,2,0,NA,NA,3.4,3,2.75,3,2.66666666666667,3
26,2,"P041",3,4.5,"exhausted_tired",0,0,0,0,0,1,0,0,2,3,3,3,3,3,3,3,3,3,0,NA,NA,3,3,3,3,3,3
27,1,"P041",3,4.5,"calm_relaxed exhausted_tired bored_lethargic",0,0,1,0,0,1,1,0,2,3,3,3,4,3,3,3,3,3,0,NA,NA,3.2,3,3,3,2.88888888888889,3
28,1,"P041",3,4.5,"calm_relaxed bored_lethargic",0,0,1,0,0,0,1,0,2,3,3,3,3,3,3,3,3,3,0,NA,NA,3,3,3,3,3,3
29,1,"P041",3,4.5,"upset_angry exhausted_tired",0,0,0,0,1,1,0,0,2,3,3,3,3,3,3,3,3,3,0,NA,NA,3,3,3,3,3,3
30,1,"P041",3,4.5,"joyful_happy exhausted_tired",1,0,0,0,0,1,0,0,2,3,3,3,2,3,3,3,3,3,0,NA,NA,2.8,3,3,3,3.11111111111111,3
3,1,"P042",-6,0,"irritated_frustrated",0,0,0,0,0,0,0,1,3,6,6,6,6,3,3,3,3,1,1,"friends",-6,5.4,5,2.5,3,1.44444444444444,1
4,1,"P042",0,3,"calm_relaxed",0,0,1,0,0,0,0,0,2,3,2,0,3,1,5,4,4,3,1,"home",-2,1.8,2,4,4,4.11111111111111,4
5,1,"P042",0,3,"calm_relaxed",0,0,1,0,0,0,0,0,0,0,0,0,0,0,3,3,6,3,0,NA,NA,0,0,3.75,4,5,5
6,1,"P042",0,3,"calm_relaxed",0,0,1,0,0,0,0,0,1,1,1,0,0,0,3,3,3,3,0,NA,NA,0.4,0,3,3,4.44444444444444,4
7,2,"P042",0,3,"joyful_happy",1,0,0,0,0,0,0,0,0,0,0,0,0,0,5,3,5,4,0,NA,NA,0,0,4.25,4,5.22222222222222,5
8,2,"P042",-3,1.5,"exhausted_tired",0,0,0,0,0,1,0,0,2,4,4,4,6,5,0,1,0,0,1,"friends",-3,4.6,5,0.25,0,0.888888888888889,1
9,1,"P042",4,5,"calm_relaxed",0,0,1,0,0,0,0,0,0,0,0,0,0,0,3,3,3,3,0,NA,NA,0,0,3,3,4.66666666666667,5
10,1,"P042",0,3,"calm_relaxed",0,0,1,0,0,0,0,0,0,0,0,0,0,0,3,3,3,3,0,NA,NA,0,0,3,3,4.66666666666667,5
11,2,"P042",0,3,"calm_relaxed",0,0,1,0,0,0,0,0,1,2,3,3,0,0,2,5,5,3,1,"friends",-3,1.6,2,3.75,4,4.11111111111111,4
12,1,"P042",0,3,"calm_relaxed",0,0,1,0,0,0,0,0,0,0,0,0,0,0,3,3,3,3,0,NA,NA,0,0,3,3,4.66666666666667,5
13,1,"P042",0,3,"calm_relaxed",0,0,1,0,0,0,0,0,2,3,3,0,0,0,3,3,3,2,0,NA,NA,1.2,1,2.75,3,3.88888888888889,4
14,1,"P042",2,4,"joyful_happy",1,0,0,0,0,0,0,0,0,0,0,0,0,0,5,3,5,3,0,NA,NA,0,0,4,4,5.11111111111111,5
15,2,"P042",0,3,"calm_relaxed",0,0,1,0,0,0,0,0,0,0,0,0,0,0,3,1,2,1,0,NA,NA,0,0,1.75,2,4.11111111111111,4
16,2,"P042",0,3,"calm_relaxed",0,0,1,0,0,0,0,0,0,0,0,0,0,0,4,4,3,3,0,NA,NA,0,0,3.5,4,4.88888888888889,5
17,2,"P042",0,3,"joyful_happy calm_relaxed",1,0,1,0,0,0,0,0,0,0,0,0,0,0,3,3,3,3,0,NA,NA,0,0,3,3,4.66666666666667,5
18,1,"P042",0,3,"calm_relaxed",0,0,1,0,0,0,0,0,0,0,0,0,0,0,3,3,3,3,0,NA,NA,0,0,3,3,4.66666666666667,5
19,1,"P042",0,3,"joyful_happy thrilled_enthusiastic calm_relaxed accomplished_productive",1,1,1,1,0,0,0,0,0,0,0,0,0,0,6,6,6,6,0,NA,NA,0,0,6,6,6,6
20,2,"P042",0,3,"joyful_happy thrilled_enthusiastic calm_relaxed accomplished_productive",1,1,1,1,0,0,0,0,0,0,0,0,0,0,5,5,5,5,0,NA,NA,0,0,5,5,5.55555555555556,6
21,2,"P042",0,3,"calm_relaxed",0,0,1,0,0,0,0,0,0,0,0,0,0,0,2,0,0,0,0,NA,NA,0,0,0.5,1,3.55555555555556,4
22,2,"P042",0,3,"calm_relaxed",0,0,1,0,0,0,0,0,0,0,0,0,0,0,2,0,1,1,0,NA,NA,0,0,1,1,3.77777777777778,4
23,2,"P042",0,3,"calm_relaxed",0,0,1,0,0,0,0,0,0,0,0,0,0,0,2,2,2,0,0,NA,NA,0,0,1.5,2,4,4
24,2,"P042",0,3,"calm_relaxed",0,0,1,0,0,0,0,0,0,0,0,0,0,0,3,3,3,3,0,NA,NA,0,0,3,3,4.66666666666667,5
25,2,"P042",0,3,"joyful_happy calm_relaxed",1,0,1,0,0,0,0,0,0,0,0,0,0,0,4,4,4,4,0,NA,NA,0,0,4,4,5.11111111111111,5
26,2,"P042",0,3,"calm_relaxed",0,0,1,0,0,0,0,0,0,0,0,0,0,0,3,3,3,3,0,NA,NA,0,0,3,3,4.66666666666667,5
27,1,"P042",3,4.5,"joyful_happy thrilled_enthusiastic calm_relaxed",1,1,1,0,0,0,0,0,0,0,0,0,0,0,4,4,4,4,0,NA,NA,0,0,4,4,5.11111111111111,5
28,2,"P042",0,3,"calm_relaxed",0,0,1,0,0,0,0,0,0,0,0,0,1,0,3,3,3,3,0,NA,NA,0.2,0,3,3,4.55555555555556,5
29,1,"P042",0,3,"calm_relaxed",0,0,1,0,0,0,0,0,0,0,0,0,0,0,3,3,3,3,0,NA,NA,0,0,3,3,4.66666666666667,5
30,2,"P042",0,3,"joyful_happy calm_relaxed",1,0,1,0,0,0,0,0,0,0,0,0,0,0,3,3,3,3,0,NA,NA,0,0,3,3,4.66666666666667,5
1,2,"P043",4,5,"joyful_happy thrilled_enthusiastic calm_relaxed upset_angry",1,1,1,0,1,0,0,0,1,1,5,2,6,2,6,0,2,4,1,"home",5,3.2,3,3,3,2.88888888888889,3
2,1,"P043",-5,0.5,"thrilled_enthusiastic calm_relaxed exhausted_tired bored_lethargic",0,1,1,0,0,1,1,0,1,2,2,1,0,3,5,4,3,1,1,"work",4,1.6,2,3.25,3,3.88888888888889,4
3,2,"P043",2,4,"calm_relaxed accomplished_productive upset_angry bored_lethargic",0,0,1,1,1,0,1,0,1,1,1,1,5,5,0,3,3,4,1,"home",5,2.6,3,2.5,3,3,3
4,2,"P043",-6,0,"upset_angry exhausted_tired bored_lethargic irritated_frustrated",0,0,0,0,1,1,1,1,1,1,5,6,6,4,1,1,0,0,1,"home",6,4.4,4,0.5,1,1.11111111111111,1
5,2,"P043",6,6,"joyful_happy thrilled_enthusiastic calm_relaxed",1,1,1,0,0,0,0,0,2,3,4,1,2,0,6,3,5,5,0,NA,NA,2,2,4.75,5,4.33333333333333,4
6,1,"P043",-6,0,"upset_angry irritated_frustrated",0,0,0,0,1,0,0,1,3,6,6,6,6,6,0,1,0,0,1,"home",6,6,6,0.25,0,0.111111111111111,0
7,2,"P043",-1,2.5,"upset_angry exhausted_tired bored_lethargic irritated_frustrated",0,0,0,0,1,1,1,1,3,5,5,5,5,5,1,3,1,1,1,"home",4,5,5,1.5,2,1.22222222222222,1
8,2,"P043",4,5,"joyful_happy accomplished_productive exhausted_tired",1,0,0,1,0,1,0,0,1,1,1,1,5,4,4,4,2,3,0,NA,NA,2.4,2,3.25,3,3.44444444444444,3
9,2,"P043",3,4.5,"calm_relaxed accomplished_productive exhausted_tired bored_lethargic",0,0,1,1,0,1,1,0,1,1,1,2,5,3,3,3,3,3,0,NA,NA,2.4,2,3,3,3.33333333333333,3
10,2,"P043",2,4,"joyful_happy thrilled_enthusiastic calm_relaxed",1,1,1,0,0,0,0,0,1,2,2,1,4,1,2,2,2,1,0,NA,NA,2,2,1.75,2,3,3
11,1,"P043",2,4,"thrilled_enthusiastic accomplished_productive upset_angry bored_lethargic irritated_frustrated",0,1,0,1,1,0,1,1,2,3,1,3,3,3,3,3,2,2,0,NA,NA,2.6,3,2.5,3,3,3
12,1,"P043",-3,1.5,"irritated_frustrated",0,0,0,0,0,0,0,1,1,2,5,2,4,4,1,1,1,0,1,"work",-3,3.4,3,0.75,1,1.77777777777778,2
13,2,"P043",6,6,"joyful_happy thrilled_enthusiastic calm_relaxed",1,1,1,0,0,0,0,0,0,0,1,1,2,0,6,3,6,6,1,"other",6,0.8,1,5.25,5,5.22222222222222,5
14,2,"P043",5,5.5,"joyful_happy thrilled_enthusiastic calm_relaxed accomplished_productive exhausted_tired",1,1,1,1,0,1,0,0,2,3,3,2,3,3,2,4,1,1,0,NA,NA,2.8,3,2,2,2.66666666666667,3
15,1,"P043",4,5,"upset_angry exhausted_tired",0,0,0,0,1,1,0,0,1,2,4,5,4,3,2,2,2,3,0,NA,NA,3.6,4,2.25,2,2.33333333333333,2
16,2,"P043",-6,0,"upset_angry irritated_frustrated",0,0,0,0,1,0,0,1,3,6,6,6,5,6,0,0,0,0,1,"home",-6,5.8,6,0,0,0.111111111111111,0
17,1,"P043",-6,0,"upset_angry exhausted_tired bored_lethargic irritated_frustrated",0,0,0,0,1,1,1,1,3,6,6,6,6,6,1,0,0,0,1,"home",-6,6,6,0.25,0,0.111111111111111,0
18,2,"P043",-6,0,"upset_angry exhausted_tired bored_lethargic irritated_frustrated",0,0,0,0,1,1,1,1,3,6,6,6,5,6,0,2,0,0,1,"home",-6,5.8,6,0.5,1,0.333333333333333,0
19,1,"P043",-6,0,"upset_angry irritated_frustrated",0,0,0,0,1,0,0,1,3,6,6,6,6,6,0,0,0,0,1,"home",-6,6,6,0,0,0,0
20,1,"P043",-4,1,"upset_angry bored_lethargic irritated_frustrated",0,0,0,0,1,0,1,1,3,5,5,5,1,5,1,1,1,1,0,NA,NA,4.2,4,1,1,1.44444444444444,1
21,2,"P043",-6,0,"upset_angry exhausted_tired bored_lethargic irritated_frustrated",0,0,0,0,1,1,1,1,3,6,6,5,6,6,0,0,1,2,0,NA,NA,5.8,6,0.75,1,0.444444444444444,0
22,1,"P043",-6,0,"upset_angry",0,0,0,0,1,0,0,0,3,6,6,6,6,6,0,0,0,0,1,"home",-6,6,6,0,0,0,0
23,1,"P043",-5,0.5,"joyful_happy upset_angry exhausted_tired bored_lethargic irritated_frustrated",1,0,0,0,1,1,1,1,3,5,5,5,1,4,0,2,3,2,1,"home",-1,4,4,1.75,2,1.88888888888889,2
24,2,"P043",2,4,"joyful_happy thrilled_enthusiastic calm_relaxed irritated_frustrated",1,1,1,0,0,0,0,1,1,1,1,1,4,1,4,4,3,4,0,NA,NA,1.6,2,3.75,4,4.11111111111111,4
25,2,"P043",-2,2,"calm_relaxed upset_angry exhausted_tired",0,0,1,0,1,1,0,0,2,4,5,4,4,4,4,3,3,3,0,NA,NA,4.2,4,3.25,3,2.44444444444444,2
26,2,"P043",2,4,"joyful_happy calm_relaxed upset_angry exhausted_tired bored_lethargic irritated_frustrated",1,0,1,0,1,1,1,1,2,4,4,2,1,3,3,3,5,4,1,"home",5,2.8,3,3.75,4,3.44444444444444,3
27,2,"P043",0,3,"joyful_happy bored_lethargic",1,0,0,0,0,0,1,0,2,3,3,3,3,3,3,3,3,3,0,NA,NA,3,3,3,3,3,3
28,1,"P043",-4,1,"exhausted_tired",0,0,0,0,0,1,0,0,1,2,1,2,5,3,2,3,5,1,0,NA,NA,2.6,3,2.75,3,3.11111111111111,3
29,2,"P043",0,3,"calm_relaxed upset_angry",0,0,1,0,1,0,0,0,2,3,4,2,5,3,3,3,4,2,0,NA,NA,3.4,3,3,3,2.77777777777778,3
30,2,"P043",-1,2.5,"joyful_happy",1,0,0,0,0,0,0,0,2,3,2,1,3,4,3,3,2,1,0,NA,NA,2.6,3,2.25,2,2.88888888888889,3
1,2,"P044",4,5,"calm_relaxed",0,0,1,0,0,0,0,0,0,0,1,0,1,2,5,5,3,6,1,"friends",-1,0.8,1,4.75,5,5,5
2,2,"P044",5,5.5,"irritated_frustrated",0,0,0,0,0,0,0,1,2,4,3,2,4,0,1,5,2,0,1,"friends",-4,2.6,3,2,2,2.77777777777778,3
3,1,"P044",-4,1,"upset_angry",0,0,0,0,1,0,0,0,2,4,5,4,5,6,5,3,3,2,1,"other",-2,4.8,5,3.25,3,2.11111111111111,2
4,1,"P044",-1,2.5,"accomplished_productive",0,0,0,1,0,0,0,0,0,0,3,2,4,1,6,5,3,4,1,"work",1,2,2,4.5,5,4.22222222222222,4
5,2,"P044",-1,2.5,"exhausted_tired",0,0,0,0,0,1,0,0,2,3,2,4,3,0,5,3,3,3,1,"work",-1,2.4,2,3.5,4,3.55555555555556,4
6,2,"P044",4,5,"joyful_happy",1,0,0,0,0,0,0,0,0,0,0,0,3,2,5,6,5,5,0,NA,NA,1,1,5.25,5,5.11111111111111,5
7,2,"P044",4,5,"calm_relaxed accomplished_productive",0,0,1,1,0,0,0,0,1,2,0,0,0,0,6,5,5,5,0,NA,NA,0.4,0,5.25,5,5.44444444444444,5
8,1,"P044",3,4.5,"joyful_happy calm_relaxed",1,0,1,0,0,0,0,0,0,0,0,0,0,0,3,3,3,4,0,NA,NA,0,0,3.25,3,4.77777777777778,5
9,1,"P044",4,5,"joyful_happy thrilled_enthusiastic",1,1,0,0,0,0,0,0,0,0,0,0,0,0,3,3,3,4,0,NA,NA,0,0,3.25,3,4.77777777777778,5
10,2,"P044",2,4,"calm_relaxed bored_lethargic",0,0,1,0,0,0,1,0,0,0,0,0,2,1,3,3,3,2,1,"friends",-1,0.6,1,2.75,3,4.22222222222222,4
11,1,"P044",0,3,"exhausted_tired bored_lethargic",0,0,0,0,0,1,1,0,3,5,4,1,1,0,3,3,2,3,1,"work",-3,2.2,2,2.75,3,3.33333333333333,3
12,2,"P044",-4,1,"upset_angry exhausted_tired irritated_frustrated",0,0,0,0,1,1,0,1,3,5,5,3,5,2,5,3,4,3,1,"work",-4,4,4,3.75,4,2.77777777777778,3
13,1,"P044",3,4.5,"joyful_happy calm_relaxed accomplished_productive",1,0,1,1,0,0,0,0,0,0,0,0,0,0,5,4,5,4,0,NA,NA,0,0,4.5,5,5.33333333333333,5
14,2,"P044",5,5.5,"joyful_happy thrilled_enthusiastic calm_relaxed",1,1,1,0,0,0,0,0,0,0,0,2,0,0,5,3,4,5,1,"friends",-2,0.4,0,4.25,4,5,5
15,2,"P044",-3,1.5,"irritated_frustrated",0,0,0,0,0,0,0,1,1,2,2,3,5,4,1,3,3,3,1,"friends",-4,3.2,3,2.5,3,2.66666666666667,3
16,1,"P044",3,4.5,"exhausted_tired bored_lethargic",0,0,0,0,0,1,1,0,0,0,0,2,3,2,3,3,4,3,0,NA,NA,1.4,1,3.25,3,4,4
17,1,"P044",0,3,"exhausted_tired",0,0,0,0,0,1,0,0,1,1,0,0,2,0,3,4,3,1,0,NA,NA,0.6,1,2.75,3,4.22222222222222,4
18,1,"P044",3,4.5,"calm_relaxed upset_angry",0,0,1,0,1,0,0,0,0,0,0,0,5,0,3,3,5,5,1,"other",-2,1,1,4,4,4.55555555555556,5
19,1,"P044",3,4.5,"thrilled_enthusiastic calm_relaxed",0,1,1,0,0,0,0,0,0,0,0,0,3,1,3,3,3,3,0,NA,NA,0.8,1,3,3,4.22222222222222,4
20,1,"P044",3,4.5,"calm_relaxed",0,0,1,0,0,0,0,0,0,0,0,0,0,6,3,3,3,4,0,NA,NA,1.2,1,3.25,3,4.11111111111111,4
21,1,"P044",3,4.5,"calm_relaxed accomplished_productive",0,0,1,1,0,0,0,0,0,0,0,0,0,4,3,3,3,3,0,NA,NA,0.8,1,3,3,4.22222222222222,4
22,2,"P044",4,5,"calm_relaxed",0,0,1,0,0,0,0,0,0,0,0,0,3,4,3,3,3,3,0,NA,NA,1.4,1,3,3,3.88888888888889,4
23,1,"P044",3,4.5,"calm_relaxed",0,0,1,0,0,0,0,0,0,0,0,0,4,2,3,3,4,3,0,NA,NA,1.2,1,3.25,3,4.11111111111111,4
24,2,"P044",3,4.5,"calm_relaxed",0,0,1,0,0,0,0,0,0,0,0,0,3,1,4,3,3,3,1,"work",0,0.8,1,3.25,3,4.33333333333333,4
25,2,"P044",3,4.5,"joyful_happy calm_relaxed",1,0,1,0,0,0,0,0,1,1,0,2,2,1,3,3,4,3,0,NA,NA,1.2,1,3.25,3,4.11111111111111,4
26,2,"P044",3,4.5,"joyful_happy calm_relaxed",1,0,1,0,0,0,0,0,0,0,0,2,3,2,3,4,3,3,1,"other",-1,1.4,1,3.25,3,4,4
28,1,"P044",0,3,"calm_relaxed exhausted_tired",0,0,1,0,0,1,0,0,0,0,0,2,4,3,3,3,3,3,0,NA,NA,1.8,2,3,3,3.66666666666667,4
29,2,"P044",3,4.5,"joyful_happy calm_relaxed",1,0,1,0,0,0,0,0,0,0,0,0,0,3,3,3,3,3,0,NA,NA,0.6,1,3,3,4.33333333333333,4
30,1,"P044",3,4.5,"calm_relaxed upset_angry",0,0,1,0,1,0,0,0,0,0,0,0,2,1,3,3,3,3,0,NA,NA,0.6,1,3,3,4.33333333333333,4
1,1,"P045",5,5.5,"joyful_happy calm_relaxed",1,0,1,0,0,0,0,0,0,0,0,0,0,0,6,5,5,5,0,NA,NA,0,0,5.25,5,5.66666666666667,6
2,2,"P045",5,5.5,"joyful_happy calm_relaxed accomplished_productive",1,0,1,1,0,0,0,0,0,0,0,0,1,0,5,5,5,5,0,NA,NA,0.2,0,5,5,5.44444444444444,5
3,1,"P045",5,5.5,"joyful_happy thrilled_enthusiastic calm_relaxed accomplished_productive",1,1,1,1,0,0,0,0,0,0,0,0,0,0,5,5,5,5,0,NA,NA,0,0,5,5,5.55555555555556,6
4,1,"P045",5,5.5,"joyful_happy calm_relaxed accomplished_productive",1,0,1,1,0,0,0,0,1,1,0,0,0,0,6,6,6,6,0,NA,NA,0.2,0,6,6,5.88888888888889,6
5,1,"P045",5,5.5,"joyful_happy calm_relaxed",1,0,1,0,0,0,0,0,0,0,0,1,0,0,5,5,5,5,0,NA,NA,0.2,0,5,5,5.44444444444444,5
6,1,"P045",5,5.5,"joyful_happy calm_relaxed",1,0,1,0,0,0,0,0,0,0,0,0,0,0,5,5,6,5,0,NA,NA,0,0,5.25,5,5.66666666666667,6
7,2,"P045",5,5.5,"joyful_happy calm_relaxed",1,0,1,0,0,0,0,0,0,0,0,0,0,0,5,5,5,5,0,NA,NA,0,0,5,5,5.55555555555556,6
8,1,"P045",5,5.5,"joyful_happy calm_relaxed",1,0,1,0,0,0,0,0,0,0,1,0,0,0,6,5,5,6,0,NA,NA,0.2,0,5.5,6,5.66666666666667,6
9,2,"P045",5,5.5,"joyful_happy calm_relaxed",1,0,1,0,0,0,0,0,0,0,0,0,0,0,5,5,5,5,0,NA,NA,0,0,5,5,5.55555555555556,6
10,1,"P045",5,5.5,"joyful_happy calm_relaxed accomplished_productive",1,0,1,1,0,0,0,0,0,0,0,0,0,0,5,5,6,6,0,NA,NA,0,0,5.5,6,5.77777777777778,6
11,1,"P045",6,6,"joyful_happy calm_relaxed accomplished_productive",1,0,1,1,0,0,0,0,0,0,0,0,0,0,6,6,6,6,0,NA,NA,0,0,6,6,6,6
12,1,"P045",2,4,"joyful_happy calm_relaxed",1,0,1,0,0,0,0,0,0,0,0,0,0,0,5,5,5,6,0,NA,NA,0,0,5.25,5,5.66666666666667,6
13,2,"P045",5,5.5,"joyful_happy calm_relaxed accomplished_productive",1,0,1,1,0,0,0,0,0,0,0,0,0,0,5,6,5,6,0,NA,NA,0,0,5.5,6,5.77777777777778,6
14,1,"P045",5,5.5,"joyful_happy calm_relaxed",1,0,1,0,0,0,0,0,0,0,0,0,0,0,5,5,5,6,0,NA,NA,0,0,5.25,5,5.66666666666667,6
15,2,"P045",5,5.5,"joyful_happy calm_relaxed",1,0,1,0,0,0,0,0,0,0,0,0,0,0,5,5,5,6,0,NA,NA,0,0,5.25,5,5.66666666666667,6
16,2,"P045",5,5.5,"joyful_happy calm_relaxed",1,0,1,0,0,0,0,0,0,0,0,0,0,0,6,5,5,5,0,NA,NA,0,0,5.25,5,5.66666666666667,6
17,1,"P045",5,5.5,"joyful_happy calm_relaxed",1,0,1,0,0,0,0,0,0,0,0,1,0,0,5,6,6,6,0,NA,NA,0.2,0,5.75,6,5.77777777777778,6
18,2,"P045",5,5.5,"joyful_happy calm_relaxed accomplished_productive",1,0,1,1,0,0,0,0,0,0,0,0,0,0,5,6,6,6,0,NA,NA,0,0,5.75,6,5.88888888888889,6
19,1,"P045",5,5.5,"joyful_happy calm_relaxed accomplished_productive",1,0,1,1,0,0,0,0,0,0,0,0,0,0,5,6,6,6,0,NA,NA,0,0,5.75,6,5.88888888888889,6
20,1,"P045",5,5.5,"joyful_happy calm_relaxed accomplished_productive",1,0,1,1,0,0,0,0,0,0,0,0,0,0,5,5,6,6,0,NA,NA,0,0,5.5,6,5.77777777777778,6
21,1,"P045",5,5.5,"joyful_happy calm_relaxed",1,0,1,0,0,0,0,0,0,0,0,0,0,0,5,5,6,6,0,NA,NA,0,0,5.5,6,5.77777777777778,6
22,2,"P045",5,5.5,"joyful_happy calm_relaxed",1,0,1,0,0,0,0,0,0,0,0,0,0,0,6,6,6,6,0,NA,NA,0,0,6,6,6,6
23,2,"P045",5,5.5,"joyful_happy calm_relaxed",1,0,1,0,0,0,0,0,0,0,0,0,0,0,6,6,6,6,0,NA,NA,0,0,6,6,6,6
24,2,"P045",5,5.5,"joyful_happy calm_relaxed",1,0,1,0,0,0,0,0,0,0,0,0,1,0,6,5,5,6,0,NA,NA,0.2,0,5.5,6,5.66666666666667,6
25,2,"P045",5,5.5,"joyful_happy calm_relaxed",1,0,1,0,0,0,0,0,0,0,0,0,0,0,5,5,6,6,0,NA,NA,0,0,5.5,6,5.77777777777778,6
27,1,"P045",0,3,"exhausted_tired bored_lethargic",0,0,0,0,0,1,1,0,0,0,1,1,3,5,1,2,3,2,1,"other",-1,2,2,2,2,3.11111111111111,3
27,2,"P045",5,5.5,"joyful_happy calm_relaxed",1,0,1,0,0,0,0,0,0,0,0,0,0,0,5,6,6,6,0,NA,NA,0,0,5.75,6,5.88888888888889,6
28,2,"P045",5,5.5,"joyful_happy calm_relaxed",1,0,1,0,0,0,0,0,0,0,0,0,0,0,5,5,6,6,0,NA,NA,0,0,5.5,6,5.77777777777778,6
29,2,"P045",5,5.5,"joyful_happy calm_relaxed accomplished_productive",1,0,1,1,0,0,0,0,0,0,0,0,0,0,5,6,6,6,0,NA,NA,0,0,5.75,6,5.88888888888889,6
30,2,"P045",5,5.5,"joyful_happy calm_relaxed",1,0,1,0,0,0,0,0,0,0,0,0,0,0,5,5,6,6,0,NA,NA,0,0,5.5,6,5.77777777777778,6
1,1,"P046",2,4,"exhausted_tired",0,0,0,0,0,1,0,0,2,3,3,2,0,1,4,2,3,2,0,NA,NA,1.8,2,2.75,3,3.55555555555556,4
2,2,"P046",0,3,"upset_angry",0,0,0,0,1,0,0,0,1,2,2,1,0,0,3,3,3,3,0,NA,NA,1,1,3,3,4.11111111111111,4
3,1,"P046",-2,2,"irritated_frustrated",0,0,0,0,0,0,0,1,3,5,4,4,0,0,3,1,3,2,0,NA,NA,2.6,3,2.25,2,2.88888888888889,3
4,1,"P046",1,3.5,"bored_lethargic",0,0,0,0,0,0,1,0,2,4,4,1,0,0,6,4,4,3,0,NA,NA,1.8,2,4.25,4,4.22222222222222,4
5,2,"P046",-3,1.5,"exhausted_tired",0,0,0,0,0,1,0,0,1,2,2,1,0,0,5,4,4,4,0,NA,NA,1,1,4.25,4,4.66666666666667,5
6,2,"P046",2,4,"calm_relaxed",0,0,1,0,0,0,0,0,0,0,1,0,0,0,5,4,4,5,0,NA,NA,0.2,0,4.5,5,5.22222222222222,5
7,1,"P046",4,5,"joyful_happy",1,0,0,0,0,0,0,0,1,1,1,0,0,0,5,5,6,6,0,NA,NA,0.4,0,5.5,6,5.55555555555556,6
8,2,"P046",1,3.5,"accomplished_productive",0,0,0,1,0,0,0,0,1,1,1,0,0,0,4,4,4,4,0,NA,NA,0.4,0,4,4,4.88888888888889,5
10,2,"P046",1,3.5,"bored_lethargic",0,0,0,0,0,0,1,0,0,0,0,0,0,0,4,4,4,4,0,NA,NA,0,0,4,4,5.11111111111111,5
11,2,"P046",-4,1,"exhausted_tired",0,0,0,0,0,1,0,0,3,5,4,1,0,0,3,5,4,4,0,NA,NA,2,2,4,4,4,4
12,1,"P046",1,3.5,"irritated_frustrated",0,0,0,0,0,0,0,1,1,2,2,2,0,0,6,4,4,4,0,NA,NA,1.2,1,4.5,5,4.66666666666667,5
13,1,"P046",2,4,"calm_relaxed",0,0,1,0,0,0,0,0,1,1,1,0,0,0,6,4,4,4,0,NA,NA,0.4,0,4.5,5,5.11111111111111,5
14,2,"P046",1,3.5,"exhausted_tired",0,0,0,0,0,1,0,0,1,1,1,0,0,0,6,4,4,4,0,NA,NA,0.4,0,4.5,5,5.11111111111111,5
15,1,"P046",1,3.5,"exhausted_tired",0,0,0,0,0,1,0,0,2,4,4,2,0,0,5,4,3,3,0,NA,NA,2,2,3.75,4,3.88888888888889,4
16,2,"P046",1,3.5,"exhausted_tired irritated_frustrated",0,0,0,0,0,1,0,1,2,4,4,4,0,0,4,4,4,2,0,NA,NA,2.4,2,3.5,4,3.55555555555556,4
17,1,"P046",2,4,"exhausted_tired",0,0,0,0,0,1,0,0,2,4,4,4,0,0,5,4,4,4,0,NA,NA,2.4,2,4.25,4,3.88888888888889,4
19,2,"P046",1,3.5,"bored_lethargic",0,0,0,0,0,0,1,0,1,1,2,1,0,0,4,3,3,4,0,NA,NA,0.8,1,3.5,4,4.44444444444444,4
20,2,"P046",1,3.5,"exhausted_tired bored_lethargic",0,0,0,0,0,1,1,0,1,2,1,2,0,0,4,3,4,3,0,NA,NA,1,1,3.5,4,4.33333333333333,4
21,1,"P046",2,4,"calm_relaxed",0,0,1,0,0,0,0,0,1,1,0,0,0,0,5,4,4,4,0,NA,NA,0.2,0,4.25,4,5.11111111111111,5
22,2,"P046",1,3.5,"calm_relaxed",0,0,1,0,0,0,0,0,0,0,1,0,0,0,5,3,3,4,0,NA,NA,0.2,0,3.75,4,4.88888888888889,5
23,1,"P046",1,3.5,"exhausted_tired",0,0,0,0,0,1,0,0,1,1,1,0,0,0,4,4,3,4,0,NA,NA,0.4,0,3.75,4,4.77777777777778,5
24,2,"P046",1,3.5,"bored_lethargic",0,0,0,0,0,0,1,0,1,2,2,2,0,0,3,3,3,3,0,NA,NA,1.2,1,3,3,4,4
25,2,"P046",-2,2,"irritated_frustrated",0,0,0,0,0,0,0,1,2,4,4,2,0,1,4,3,3,3,0,NA,NA,2.2,2,3.25,3,3.55555555555556,4
26,1,"P046",1,3.5,"bored_lethargic",0,0,0,0,0,0,1,0,1,1,1,1,0,0,4,3,4,3,0,NA,NA,0.6,1,3.5,4,4.55555555555556,5
27,2,"P046",1,3.5,"bored_lethargic",0,0,0,0,0,0,1,0,1,2,2,1,0,0,4,3,3,3,0,NA,NA,1,1,3.25,3,4.22222222222222,4
28,2,"P046",1,3.5,"bored_lethargic",0,0,0,0,0,0,1,0,1,1,1,0,0,0,4,4,4,4,0,NA,NA,0.4,0,4,4,4.88888888888889,5
29,2,"P046",1,3.5,"exhausted_tired",0,0,0,0,0,1,0,0,2,4,4,1,0,0,5,4,3,3,0,NA,NA,1.8,2,3.75,4,4,4
30,1,"P046",1,3.5,"exhausted_tired",0,0,0,0,0,1,0,0,3,5,5,1,0,0,4,4,4,4,0,NA,NA,2.2,2,4,4,3.88888888888889,4
1,2,"P047",4,5,"joyful_happy calm_relaxed accomplished_productive",1,0,1,1,0,0,0,0,1,1,0,0,0,0,3,4,4,4,0,NA,NA,0.2,0,3.75,4,4.88888888888889,5
2,1,"P047",4,5,"calm_relaxed",0,0,1,0,0,0,0,0,0,0,1,2,0,1,4,3,4,4,0,NA,NA,0.8,1,3.75,4,4.55555555555556,5
3,2,"P047",3,4.5,"accomplished_productive",0,0,0,1,0,0,0,0,0,0,1,0,0,2,3,3,4,5,0,NA,NA,0.6,1,3.75,4,4.66666666666667,5
4,2,"P047",3,4.5,"calm_relaxed bored_lethargic",0,0,1,0,0,0,1,0,1,2,1,1,0,1,1,3,1,3,0,NA,NA,1,1,2,2,3.66666666666667,4
5,1,"P047",4,5,"calm_relaxed accomplished_productive exhausted_tired",0,0,1,1,0,1,0,0,0,0,2,0,0,0,4,4,5,5,0,NA,NA,0.4,0,4.5,5,5.11111111111111,5
6,1,"P047",4,5,"joyful_happy accomplished_productive exhausted_tired",1,0,0,1,0,1,0,0,2,4,3,0,0,0,5,5,5,5,0,NA,NA,1.4,1,5,5,4.77777777777778,5
7,1,"P047",4,5,"joyful_happy accomplished_productive exhausted_tired irritated_frustrated",1,0,0,1,0,1,0,1,2,4,4,0,0,0,6,5,5,5,0,NA,NA,1.6,2,5.25,5,4.77777777777778,5
8,1,"P047",4,5,"calm_relaxed",0,0,1,0,0,0,0,0,1,1,0,0,0,0,3,4,4,4,0,NA,NA,0.2,0,3.75,4,4.88888888888889,5
9,2,"P047",3,4.5,"calm_relaxed accomplished_productive",0,0,1,1,0,0,0,0,0,0,0,1,0,2,1,4,4,5,0,NA,NA,0.6,1,3.5,4,4.55555555555556,5
10,1,"P047",4,5,"joyful_happy accomplished_productive exhausted_tired",1,0,0,1,0,1,0,0,2,3,3,0,0,0,3,4,5,5,0,NA,NA,1.2,1,4.25,4,4.55555555555556,5
11,1,"P047",3,4.5,"calm_relaxed bored_lethargic",0,0,1,0,0,0,1,0,1,1,1,0,0,0,3,3,3,4,0,NA,NA,0.4,0,3.25,3,4.55555555555556,5
12,2,"P047",3,4.5,"calm_relaxed bored_lethargic",0,0,1,0,0,0,1,0,0,0,0,0,0,0,3,4,4,4,0,NA,NA,0,0,3.75,4,5,5
13,2,"P047",3,4.5,"exhausted_tired irritated_frustrated",0,0,0,0,0,1,0,1,1,2,2,1,0,0,3,4,4,4,0,NA,NA,1,1,3.75,4,4.44444444444444,4
14,2,"P047",4,5,"calm_relaxed accomplished_productive exhausted_tired",0,0,1,1,0,1,0,0,0,0,0,0,0,0,3,4,4,4,0,NA,NA,0,0,3.75,4,5,5
15,2,"P047",4,5,"calm_relaxed accomplished_productive exhausted_tired",0,0,1,1,0,1,0,0,1,1,1,0,0,0,3,4,4,4,0,NA,NA,0.4,0,3.75,4,4.77777777777778,5
16,2,"P047",3,4.5,"calm_relaxed accomplished_productive",0,0,1,1,0,0,0,0,1,2,1,0,0,0,3,4,4,4,0,NA,NA,0.6,1,3.75,4,4.66666666666667,5
17,1,"P047",4,5,"calm_relaxed",0,0,1,0,0,0,0,0,0,0,1,0,0,0,3,3,3,3,0,NA,NA,0.2,0,3,3,4.55555555555556,5
19,2,"P047",4,5,"calm_relaxed accomplished_productive",0,0,1,1,0,0,0,0,1,1,1,0,0,0,3,3,3,4,0,NA,NA,0.4,0,3.25,3,4.55555555555556,5
20,2,"P047",4,5,"calm_relaxed accomplished_productive exhausted_tired bored_lethargic",0,0,1,1,0,1,1,0,1,1,1,0,1,0,4,4,5,4,0,NA,NA,0.6,1,4.25,4,4.88888888888889,5
21,2,"P047",3,4.5,"joyful_happy calm_relaxed accomplished_productive exhausted_tired",1,0,1,1,0,1,0,0,1,1,1,1,1,0,3,4,4,4,0,NA,NA,0.8,1,3.75,4,4.55555555555556,5
22,2,"P047",3,4.5,"calm_relaxed bored_lethargic",0,0,1,0,0,0,1,0,0,0,0,0,0,0,3,4,4,4,0,NA,NA,0,0,3.75,4,5,5
23,2,"P047",3,4.5,"calm_relaxed accomplished_productive",0,0,1,1,0,0,0,0,0,0,0,0,0,0,3,3,5,3,0,NA,NA,0,0,3.5,4,4.88888888888889,5
24,2,"P047",3,4.5,"accomplished_productive exhausted_tired irritated_frustrated",0,0,0,1,0,1,0,1,1,2,2,1,0,0,4,4,3,3,0,NA,NA,1,1,3.5,4,4.33333333333333,4
25,1,"P047",3,4.5,"calm_relaxed accomplished_productive upset_angry exhausted_tired irritated_frustrated",0,0,1,1,1,1,0,1,1,2,2,1,1,0,5,5,5,4,0,NA,NA,1.2,1,4.75,5,4.77777777777778,5
26,1,"P047",4,5,"joyful_happy calm_relaxed accomplished_productive",1,0,1,1,0,0,0,0,1,1,1,0,0,0,3,2,3,4,0,NA,NA,0.4,0,3,3,4.44444444444444,4
27,2,"P047",4,5,"calm_relaxed accomplished_productive bored_lethargic",0,0,1,1,0,0,1,0,1,1,0,0,0,0,4,4,4,4,0,NA,NA,0.2,0,4,4,5,5
28,1,"P047",4,5,"joyful_happy thrilled_enthusiastic calm_relaxed accomplished_productive exhausted_tired",1,1,1,1,0,1,0,0,1,2,1,0,0,0,5,5,5,5,0,NA,NA,0.6,1,5,5,5.22222222222222,5
29,1,"P047",3,4.5,"calm_relaxed",0,0,1,0,0,0,0,0,0,0,1,0,0,0,3,4,3,4,0,NA,NA,0.2,0,3.5,4,4.77777777777778,5
30,1,"P047",4,5,"joyful_happy calm_relaxed",1,0,1,0,0,0,0,0,0,0,0,0,0,0,2,4,4,4,0,NA,NA,0,0,3.5,4,4.88888888888889,5
1,1,"P048",6,6,"joyful_happy thrilled_enthusiastic",1,1,0,0,0,0,0,0,0,0,0,0,0,0,6,3,6,6,0,NA,NA,0,0,5.25,5,5.66666666666667,6
2,1,"P048",6,6,"joyful_happy calm_relaxed",1,0,1,0,0,0,0,0,0,0,0,0,0,0,3,3,0,6,0,NA,NA,0,0,3,3,4.66666666666667,5
3,1,"P048",4,5,"calm_relaxed upset_angry exhausted_tired irritated_frustrated",0,0,1,0,1,1,0,1,2,3,3,3,0,3,3,2,2,2,0,NA,NA,2.4,2,2.25,2,3,3
4,2,"P048",-3,1.5,"upset_angry exhausted_tired irritated_frustrated",0,0,0,0,1,1,0,1,3,6,6,6,0,0,5,1,2,3,0,NA,NA,3.6,4,2.75,3,2.55555555555556,3
5,2,"P048",2,4,"joyful_happy calm_relaxed",1,0,1,0,0,0,0,0,1,1,1,3,0,0,3,3,3,3,0,NA,NA,1,1,3,3,4.11111111111111,4
6,1,"P048",6,6,"joyful_happy thrilled_enthusiastic",1,1,0,0,0,0,0,0,2,4,0,0,0,0,6,3,3,6,0,NA,NA,0.8,1,4.5,5,4.88888888888889,5
7,2,"P048",4,5,"joyful_happy calm_relaxed",1,0,1,0,0,0,0,0,0,0,0,0,0,0,3,3,3,5,0,NA,NA,0,0,3.5,4,4.88888888888889,5
8,1,"P048",4,5,"joyful_happy calm_relaxed",1,0,1,0,0,0,0,0,0,0,0,0,0,0,3,3,3,1,0,NA,NA,0,0,2.5,3,4.44444444444444,4
9,1,"P048",6,6,"joyful_happy thrilled_enthusiastic calm_relaxed accomplished_productive",1,1,1,1,0,0,0,0,0,0,0,0,0,0,3,3,3,3,0,NA,NA,0,0,3,3,4.66666666666667,5
10,2,"P048",6,6,"joyful_happy thrilled_enthusiastic calm_relaxed",1,1,1,0,0,0,0,0,0,0,0,0,0,0,6,3,3,6,0,NA,NA,0,0,4.5,5,5.33333333333333,5
11,2,"P048",6,6,"joyful_happy thrilled_enthusiastic calm_relaxed accomplished_productive",1,1,1,1,0,0,0,0,0,0,0,0,0,0,3,3,5,6,0,NA,NA,0,0,4.25,4,5.22222222222222,5
12,2,"P048",6,6,"joyful_happy thrilled_enthusiastic calm_relaxed accomplished_productive",1,1,1,1,0,0,0,0,0,0,0,0,0,0,3,3,3,3,0,NA,NA,0,0,3,3,4.66666666666667,5
13,1,"P048",6,6,"joyful_happy thrilled_enthusiastic calm_relaxed accomplished_productive",1,1,1,1,0,0,0,0,0,0,0,0,0,0,3,3,3,6,0,NA,NA,0,0,3.75,4,5,5
14,1,"P048",6,6,"joyful_happy thrilled_enthusiastic calm_relaxed",1,1,1,0,0,0,0,0,0,0,0,0,0,0,3,3,3,3,0,NA,NA,0,0,3,3,4.66666666666667,5
15,1,"P048",6,6,"joyful_happy thrilled_enthusiastic calm_relaxed",1,1,1,0,0,0,0,0,0,0,0,0,0,0,3,3,3,3,0,NA,NA,0,0,3,3,4.66666666666667,5
16,1,"P048",6,6,"joyful_happy thrilled_enthusiastic calm_relaxed",1,1,1,0,0,0,0,0,0,0,0,0,0,0,3,3,3,3,0,NA,NA,0,0,3,3,4.66666666666667,5
17,2,"P048",6,6,"joyful_happy thrilled_enthusiastic calm_relaxed accomplished_productive",1,1,1,1,0,0,0,0,0,0,0,0,0,3,3,3,3,3,0,NA,NA,0.6,1,3,3,4.33333333333333,4
18,1,"P048",6,6,"joyful_happy thrilled_enthusiastic calm_relaxed accomplished_productive",1,1,1,1,0,0,0,0,0,0,0,0,0,0,4,4,4,5,0,NA,NA,0,0,4.25,4,5.22222222222222,5
19,1,"P048",6,6,"joyful_happy thrilled_enthusiastic calm_relaxed",1,1,1,0,0,0,0,0,0,0,0,0,0,0,3,3,3,3,0,NA,NA,0,0,3,3,4.66666666666667,5
20,2,"P048",6,6,"joyful_happy thrilled_enthusiastic calm_relaxed accomplished_productive",1,1,1,1,0,0,0,0,0,0,0,0,0,0,3,3,3,3,0,NA,NA,0,0,3,3,4.66666666666667,5
21,1,"P048",6,6,"joyful_happy thrilled_enthusiastic calm_relaxed",1,1,1,0,0,0,0,0,0,0,0,0,0,3,3,3,3,3,0,NA,NA,0.6,1,3,3,4.33333333333333,4
22,1,"P048",6,6,"joyful_happy thrilled_enthusiastic calm_relaxed",1,1,1,0,0,0,0,0,0,0,0,0,0,3,3,3,3,3,0,NA,NA,0.6,1,3,3,4.33333333333333,4
23,1,"P048",6,6,"joyful_happy thrilled_enthusiastic calm_relaxed accomplished_productive",1,1,1,1,0,0,0,0,0,0,0,0,0,3,3,3,3,3,0,NA,NA,0.6,1,3,3,4.33333333333333,4
24,2,"P048",6,6,"joyful_happy thrilled_enthusiastic calm_relaxed",1,1,1,0,0,0,0,0,0,0,0,0,0,3,3,3,3,3,0,NA,NA,0.6,1,3,3,4.33333333333333,4
25,1,"P048",6,6,"joyful_happy thrilled_enthusiastic calm_relaxed accomplished_productive",1,1,1,1,0,0,0,0,0,0,0,0,0,3,3,3,3,3,0,NA,NA,0.6,1,3,3,4.33333333333333,4
26,1,"P048",6,6,"joyful_happy thrilled_enthusiastic calm_relaxed accomplished_productive",1,1,1,1,0,0,0,0,0,0,0,0,0,0,3,3,3,3,0,NA,NA,0,0,3,3,4.66666666666667,5
26,2,"P048",5,5.5,"joyful_happy calm_relaxed",1,0,1,0,0,0,0,0,0,0,0,0,0,0,5,5,6,6,0,NA,NA,0,0,5.5,6,5.77777777777778,6
27,2,"P048",6,6,"joyful_happy calm_relaxed",1,0,1,0,0,0,0,0,1,2,2,2,0,0,6,4,5,4,0,NA,NA,1.2,1,4.75,5,4.77777777777778,5
28,2,"P048",6,6,"joyful_happy thrilled_enthusiastic calm_relaxed",1,1,1,0,0,0,0,0,0,0,0,0,0,0,3,3,3,3,0,NA,NA,0,0,3,3,4.66666666666667,5
29,2,"P048",6,6,"joyful_happy thrilled_enthusiastic calm_relaxed",1,1,1,0,0,0,0,0,0,0,0,0,0,0,3,3,3,3,0,NA,NA,0,0,3,3,4.66666666666667,5
30,1,"P048",6,6,"joyful_happy thrilled_enthusiastic calm_relaxed",1,1,1,0,0,0,0,0,0,0,0,0,0,3,3,3,3,3,0,NA,NA,0.6,1,3,3,4.33333333333333,4
1,1,"P049",5,5.5,"calm_relaxed",0,0,1,0,0,0,0,0,0,0,3,0,0,0,5,6,6,6,0,NA,NA,0.6,1,5.75,6,5.55555555555556,6
2,2,"P049",0,3,"upset_angry",0,0,0,0,1,0,0,0,2,3,3,2,0,1,2,2,1,1,0,NA,NA,1.8,2,1.5,2,3,3
3,1,"P049",4,5,"upset_angry bored_lethargic",0,0,0,0,1,0,1,0,2,3,3,1,1,0,5,4,4,3,0,NA,NA,1.6,2,4,4,4.22222222222222,4
4,1,"P049",1,3.5,"exhausted_tired",0,0,0,0,0,1,0,0,3,5,4,2,4,0,5,3,3,3,0,NA,NA,3,3,3.5,4,3.22222222222222,3
5,1,"P049",-4,1,"upset_angry",0,0,0,0,1,0,0,0,3,5,5,5,4,5,3,4,3,1,1,"work",3,4.8,5,2.75,3,1.88888888888889,2
6,2,"P049",0,3,"calm_relaxed",0,0,1,0,0,0,0,0,2,3,3,3,3,3,3,3,3,3,0,NA,NA,3,3,3,3,3,3
7,2,"P049",0,3,"exhausted_tired",0,0,0,0,0,1,0,0,2,3,3,3,3,3,3,3,3,3,0,NA,NA,3,3,3,3,3,3
8,1,"P049",0,3,"exhausted_tired",0,0,0,0,0,1,0,0,2,3,3,3,3,3,3,3,3,3,0,NA,NA,3,3,3,3,3,3
9,2,"P049",0,3,"calm_relaxed",0,0,1,0,0,0,0,0,2,3,3,3,3,3,3,3,3,3,0,NA,NA,3,3,3,3,3,3
10,1,"P049",4,5,"calm_relaxed",0,0,1,0,0,0,0,0,1,2,0,0,0,0,3,4,5,3,0,NA,NA,0.4,0,3.75,4,4.77777777777778,5
11,2,"P049",0,3,"upset_angry irritated_frustrated",0,0,0,0,1,0,0,1,1,1,3,4,3,3,3,3,3,3,0,NA,NA,2.8,3,3,3,3.11111111111111,3
12,1,"P049",0,3,"upset_angry irritated_frustrated",0,0,0,0,1,0,0,1,3,5,2,2,2,3,3,3,3,3,1,"work",3,2.8,3,3,3,3.11111111111111,3
13,2,"P049",0,3,"calm_relaxed",0,0,1,0,0,0,0,0,2,3,3,3,3,3,3,3,3,3,0,NA,NA,3,3,3,3,3,3
14,2,"P049",0,3,"thrilled_enthusiastic upset_angry",0,1,0,0,1,0,0,0,2,3,3,3,3,3,3,3,3,3,0,NA,NA,3,3,3,3,3,3
15,2,"P049",0,3,"calm_relaxed",0,0,1,0,0,0,0,0,0,0,0,0,0,0,3,3,3,3,0,NA,NA,0,0,3,3,4.66666666666667,5
16,1,"P049",0,3,"joyful_happy",1,0,0,0,0,0,0,0,2,3,3,3,3,3,3,3,3,3,0,NA,NA,3,3,3,3,3,3
17,1,"P049",0,3,"exhausted_tired",0,0,0,0,0,1,0,0,2,3,3,3,3,3,3,3,3,3,0,NA,NA,3,3,3,3,3,3
18,1,"P049",0,3,"joyful_happy",1,0,0,0,0,0,0,0,2,3,3,3,3,3,3,3,3,3,0,NA,NA,3,3,3,3,3,3
19,2,"P049",0,3,"exhausted_tired",0,0,0,0,0,1,0,0,2,3,3,3,3,3,3,3,3,3,0,NA,NA,3,3,3,3,3,3
20,2,"P049",0,3,"upset_angry exhausted_tired",0,0,0,0,1,1,0,0,2,3,3,3,3,3,3,3,3,3,0,NA,NA,3,3,3,3,3,3
21,1,"P049",0,3,"joyful_happy",1,0,0,0,0,0,0,0,2,3,3,3,3,3,3,3,3,3,0,NA,NA,3,3,3,3,3,3
22,1,"P049",0,3,"thrilled_enthusiastic calm_relaxed",0,1,1,0,0,0,0,0,2,3,3,3,3,3,3,4,3,3,0,NA,NA,3,3,3.25,3,3.11111111111111,3
23,1,"P049",0,3,"thrilled_enthusiastic",0,1,0,0,0,0,0,0,2,3,3,3,3,3,3,3,3,3,0,NA,NA,3,3,3,3,3,3
24,2,"P049",0,3,"upset_angry exhausted_tired",0,0,0,0,1,1,0,0,2,3,3,3,3,3,3,3,3,3,0,NA,NA,3,3,3,3,3,3
25,2,"P049",0,3,"upset_angry exhausted_tired",0,0,0,0,1,1,0,0,2,3,3,3,3,3,4,3,3,3,0,NA,NA,3,3,3.25,3,3.11111111111111,3
26,2,"P049",0,3,"thrilled_enthusiastic",0,1,0,0,0,0,0,0,2,3,3,3,3,3,3,3,3,3,0,NA,NA,3,3,3,3,3,3
27,2,"P049",0,3,"upset_angry",0,0,0,0,1,0,0,0,2,3,3,3,3,3,3,3,3,3,0,NA,NA,3,3,3,3,3,3
28,1,"P049",0,3,"upset_angry exhausted_tired",0,0,0,0,1,1,0,0,2,3,3,3,3,3,3,3,3,3,0,NA,NA,3,3,3,3,3,3
29,2,"P049",0,3,"joyful_happy",1,0,0,0,0,0,0,0,2,3,3,3,3,3,3,3,3,3,0,NA,NA,3,3,3,3,3,3
30,1,"P049",0,3,"joyful_happy",1,0,0,0,0,0,0,0,2,3,3,3,3,3,3,3,3,3,0,NA,NA,3,3,3,3,3,3
1,2,"P050",-6,0,"upset_angry",0,0,0,0,1,0,0,0,3,5,5,5,5,5,0,3,3,1,1,"other",-5,5,5,1.75,2,1.33333333333333,1
2,1,"P050",-3,1.5,"upset_angry",0,0,0,0,1,0,0,0,1,2,2,5,0,3,5,3,3,4,1,"other",4,2.4,2,3.75,4,3.66666666666667,4
3,2,"P050",-3,1.5,"upset_angry exhausted_tired",0,0,0,0,1,1,0,0,3,5,5,5,4,5,0,3,3,5,1,"other",-5,4.8,5,2.75,3,1.88888888888889,2
4,2,"P050",-3,1.5,"exhausted_tired",0,0,0,0,0,1,0,0,2,3,3,5,0,3,1,1,3,5,1,"other",-5,2.8,3,2.5,3,2.88888888888889,3
5,1,"P050",-5,0.5,"upset_angry",0,0,0,0,1,0,0,0,2,3,3,5,1,5,1,3,1,0,1,"other",-5,3.4,3,1.25,1,2,2
6,2,"P050",-5,0.5,"exhausted_tired",0,0,0,0,0,1,0,0,2,3,3,3,3,3,3,4,4,4,1,"other",-5,3,3,3.75,4,3.33333333333333,3
7,1,"P050",-5,0.5,"exhausted_tired",0,0,0,0,0,1,0,0,3,5,5,5,5,5,5,3,4,4,1,"other",3,5,5,4,4,2.33333333333333,2
8,1,"P050",-5,0.5,"exhausted_tired",0,0,0,0,0,1,0,0,3,5,5,5,1,5,5,3,3,4,1,"other",-5,4.2,4,3.75,4,2.66666666666667,3
9,2,"P050",-5,0.5,"exhausted_tired",0,0,0,0,0,1,0,0,3,5,5,5,1,5,1,3,3,3,1,"other",NA,4.2,4,2.5,3,2.11111111111111,2
10,2,"P050",-5,0.5,"upset_angry exhausted_tired",0,0,0,0,1,1,0,0,3,5,5,5,1,3,5,3,3,5,1,"other",0,3.8,4,4,4,3,3
11,1,"P050",-5,0.5,"exhausted_tired",0,0,0,0,0,1,0,0,2,4,4,4,1,4,3,3,3,3,1,"other",-5,3.4,3,3,3,2.77777777777778,3
12,2,"P050",-4,1,"exhausted_tired",0,0,0,0,0,1,0,0,1,1,1,1,1,3,4,3,3,3,1,"other",-4,1.4,1,3.25,3,4,4
13,2,"P050",-5,0.5,"exhausted_tired",0,0,0,0,0,1,0,0,1,1,1,5,1,5,4,3,3,4,1,"other",-5,2.6,3,3.5,4,3.44444444444444,3
14,1,"P050",-5,0.5,"upset_angry",0,0,0,0,1,0,0,0,3,5,5,5,5,5,5,1,0,0,1,"other",-6,5,5,1.5,2,1.22222222222222,1
15,2,"P050",3,4.5,"upset_angry",0,0,0,0,1,0,0,0,2,3,3,3,1,3,1,3,3,4,1,"other",-5,2.6,3,2.75,3,3.11111111111111,3
16,1,"P050",-5,0.5,"upset_angry",0,0,0,0,1,0,0,0,2,3,3,3,1,3,3,3,3,3,1,"other",-4,2.6,3,3,3,3.22222222222222,3
17,2,"P050",-5,0.5,"upset_angry",0,0,0,0,1,0,0,0,2,3,3,3,1,4,5,3,3,3,1,"other",-5,2.8,3,3.5,4,3.33333333333333,3
18,1,"P050",-6,0,"upset_angry",0,0,0,0,1,0,0,0,3,5,5,5,3,5,0,5,0,5,1,"other",4,4.6,5,2.5,3,1.88888888888889,2
21,1,"P050",-4,1,"upset_angry",0,0,0,0,1,0,0,0,2,3,3,3,1,5,1,3,3,1,1,"other",-4,3,3,2,2,2.55555555555556,3
22,1,"P050",-5,0.5,"upset_angry",0,0,0,0,1,0,0,0,2,3,3,3,1,3,1,3,3,3,1,"other",-5,2.6,3,2.5,3,3,3
23,2,"P050",-5,0.5,"upset_angry",0,0,0,0,1,0,0,0,2,3,3,3,1,3,1,3,3,1,1,"other",-5,2.6,3,2,2,2.77777777777778,3
24,1,"P050",-5,0.5,"upset_angry",0,0,0,0,1,0,0,0,2,3,3,3,1,3,3,3,3,3,1,"other",-5,2.6,3,3,3,3.22222222222222,3
25,2,"P050",-5,0.5,"upset_angry",0,0,0,0,1,0,0,0,2,3,3,3,1,5,3,3,3,3,1,"other",-4,3,3,3,3,3,3
26,2,"P050",-5,0.5,"upset_angry",0,0,0,0,1,0,0,0,2,3,3,3,1,3,3,3,3,3,1,"other",-4,2.6,3,3,3,3.22222222222222,3
27,1,"P050",-5,0.5,"upset_angry",0,0,0,0,1,0,0,0,2,3,3,3,1,3,1,3,3,3,1,"other",-5,2.6,3,2.5,3,3,3
28,1,"P050",-5,0.5,"upset_angry",0,0,0,0,1,0,0,0,2,3,3,3,1,3,3,3,3,3,1,"other",-4,2.6,3,3,3,3.22222222222222,3
29,2,"P050",-5,0.5,"upset_angry",0,0,0,0,1,0,0,0,2,3,3,3,1,3,3,3,3,3,1,"other",-4,2.6,3,3,3,3.22222222222222,3
30,1,"P050",-5,0.5,"upset_angry",0,0,0,0,1,0,0,0,2,3,3,3,1,3,3,3,3,3,1,"other",-5,2.6,3,3,3,3.22222222222222,3
1,2,"P051",4,5,"calm_relaxed accomplished_productive",0,0,1,1,0,0,0,0,1,1,1,0,0,0,5,5,5,6,0,NA,NA,0.4,0,5.25,5,5.44444444444444,5
2,2,"P051",5,5.5,"joyful_happy calm_relaxed",1,0,1,0,0,0,0,0,0,0,0,0,0,0,5,5,5,5,0,NA,NA,0,0,5,5,5.55555555555556,6
3,1,"P051",5,5.5,"joyful_happy calm_relaxed",1,0,1,0,0,0,0,0,0,0,0,0,2,0,5,4,5,5,0,NA,NA,0.4,0,4.75,5,5.22222222222222,5
4,2,"P051",4,5,"calm_relaxed exhausted_tired",0,0,1,0,0,1,0,0,1,1,3,1,0,1,5,4,5,4,1,"other",3,1.2,1,4.5,5,4.66666666666667,5
5,2,"P051",4,5,"exhausted_tired bored_lethargic",0,0,0,0,0,1,1,0,1,2,3,3,0,0,6,4,4,2,0,NA,NA,1.6,2,4,4,4.22222222222222,4
6,1,"P051",0,3,"upset_angry exhausted_tired irritated_frustrated",0,0,0,0,1,1,0,1,2,3,3,1,4,5,2,2,1,1,1,"other",4,3.2,3,1.5,2,2.22222222222222,2
7,2,"P051",3,4.5,"joyful_happy exhausted_tired bored_lethargic",1,0,0,0,0,1,1,0,1,2,2,2,2,2,3,4,4,4,0,NA,NA,2,2,3.75,4,3.88888888888889,4
8,1,"P051",4,5,"joyful_happy calm_relaxed",1,0,1,0,0,0,0,0,1,1,1,1,0,1,5,4,5,6,0,NA,NA,0.8,1,5,5,5.11111111111111,5
9,1,"P051",5,5.5,"calm_relaxed bored_lethargic",0,0,1,0,0,0,1,0,0,0,0,0,0,0,5,3,5,5,0,NA,NA,0,0,4.5,5,5.33333333333333,5
10,1,"P051",3,4.5,"accomplished_productive",0,0,0,1,0,0,0,0,1,1,1,2,1,2,3,5,5,4,0,NA,NA,1.4,1,4.25,4,4.44444444444444,4
11,1,"P051",4,5,"calm_relaxed accomplished_productive",0,0,1,1,0,0,0,0,1,1,1,1,2,1,5,5,5,4,0,NA,NA,1.2,1,4.75,5,4.77777777777778,5
12,2,"P051",5,5.5,"joyful_happy calm_relaxed",1,0,1,0,0,0,0,0,1,1,0,1,0,1,5,5,5,6,0,NA,NA,0.6,1,5.25,5,5.33333333333333,5
13,1,"P051",5,5.5,"calm_relaxed",0,0,1,0,0,0,0,0,0,0,0,0,0,0,5,5,6,6,0,NA,NA,0,0,5.5,6,5.77777777777778,6
14,1,"P051",4,5,"upset_angry",0,0,0,0,1,0,0,0,2,4,4,4,0,5,1,0,0,1,1,"work",3,3.4,3,0.5,1,1.66666666666667,2
15,1,"P051",3,4.5,"joyful_happy calm_relaxed",1,0,1,0,0,0,0,0,0,0,0,1,0,0,6,5,5,6,0,NA,NA,0.2,0,5.5,6,5.66666666666667,6
16,2,"P051",4,5,"calm_relaxed accomplished_productive",0,0,1,1,0,0,0,0,0,0,0,1,0,0,6,6,6,6,0,NA,NA,0.2,0,6,6,5.88888888888889,6
17,2,"P051",6,6,"joyful_happy calm_relaxed accomplished_productive exhausted_tired",1,0,1,1,0,1,0,0,0,0,0,0,0,0,6,6,6,6,0,NA,NA,0,0,6,6,6,6
18,2,"P051",4,5,"joyful_happy",1,0,0,0,0,0,0,0,1,2,2,0,0,1,6,6,5,6,0,NA,NA,1,1,5.75,6,5.33333333333333,5
19,1,"P051",6,6,"joyful_happy thrilled_enthusiastic",1,1,0,0,0,0,0,0,1,1,0,0,0,1,6,6,6,6,0,NA,NA,0.4,0,6,6,5.77777777777778,6
20,2,"P051",5,5.5,"calm_relaxed exhausted_tired",0,0,1,0,0,1,0,0,0,0,0,0,0,1,5,5,5,5,0,NA,NA,0.2,0,5,5,5.44444444444444,5
21,1,"P051",5,5.5,"calm_relaxed",0,0,1,0,0,0,0,0,0,0,0,0,0,0,4,4,5,6,0,NA,NA,0,0,4.75,5,5.44444444444444,5
22,1,"P051",4,5,"calm_relaxed",0,0,1,0,0,0,0,0,0,0,0,0,0,0,5,5,6,6,0,NA,NA,0,0,5.5,6,5.77777777777778,6
23,1,"P051",6,6,"calm_relaxed",0,0,1,0,0,0,0,0,0,0,0,0,0,0,6,5,6,6,0,NA,NA,0,0,5.75,6,5.88888888888889,6
24,2,"P051",5,5.5,"accomplished_productive exhausted_tired",0,0,0,1,0,1,0,0,1,2,2,0,0,2,6,6,6,5,0,NA,NA,1.2,1,5.75,6,5.22222222222222,5
25,2,"P051",4,5,"calm_relaxed accomplished_productive",0,0,1,1,0,0,0,0,1,1,0,2,0,5,5,4,4,5,1,"friends",2,1.6,2,4.5,5,4.44444444444444,4
26,2,"P051",4,5,"exhausted_tired",0,0,0,0,0,1,0,0,1,1,1,1,5,1,5,5,5,4,0,NA,NA,1.8,2,4.75,5,4.44444444444444,4
27,1,"P051",4,5,"calm_relaxed",0,0,1,0,0,0,0,0,1,1,3,1,2,1,5,4,5,6,0,NA,NA,1.6,2,5,5,4.66666666666667,5
28,1,"P051",4,5,"joyful_happy thrilled_enthusiastic accomplished_productive",1,1,0,1,0,0,0,0,0,0,1,1,1,1,6,5,6,6,0,NA,NA,0.8,1,5.75,6,5.44444444444444,5
29,2,"P051",5,5.5,"joyful_happy calm_relaxed accomplished_productive",1,0,1,1,0,0,0,0,0,0,1,0,4,1,6,6,6,6,0,NA,NA,1.2,1,6,6,5.33333333333333,5
30,1,"P051",5,5.5,"calm_relaxed accomplished_productive",0,0,1,1,0,0,0,0,0,0,0,0,2,0,5,5,6,6,0,NA,NA,0.4,0,5.5,6,5.55555555555556,6
1,2,"P052",4,5,"calm_relaxed",0,0,1,0,0,0,0,0,0,0,0,0,0,0,3,4,5,6,0,NA,NA,0,0,4.5,5,5.33333333333333,5
2,1,"P052",0,3,"calm_relaxed irritated_frustrated",0,0,1,0,0,0,0,1,0,0,0,0,0,1,6,3,3,3,0,NA,NA,0.2,0,3.75,4,4.88888888888889,5
3,2,"P052",-1,2.5,"bored_lethargic irritated_frustrated",0,0,0,0,0,0,1,1,0,0,0,0,0,0,2,3,3,3,0,NA,NA,0,0,2.75,3,4.55555555555556,5
4,1,"P052",5,5.5,"joyful_happy thrilled_enthusiastic",1,1,0,0,0,0,0,0,0,0,4,0,4,0,6,3,5,6,0,NA,NA,1.6,2,5,5,4.66666666666667,5
5,1,"P052",4,5,"joyful_happy thrilled_enthusiastic",1,1,0,0,0,0,0,0,0,0,1,0,0,0,4,3,5,5,0,NA,NA,0.2,0,4.25,4,5.11111111111111,5
6,1,"P052",3,4.5,"joyful_happy exhausted_tired bored_lethargic",1,0,0,0,0,1,1,0,0,0,0,0,0,0,6,3,3,3,0,NA,NA,0,0,3.75,4,5,5
7,1,"P052",4,5,"joyful_happy calm_relaxed bored_lethargic irritated_frustrated",1,0,1,0,0,0,1,1,0,0,0,0,0,0,5,5,4,3,0,NA,NA,0,0,4.25,4,5.22222222222222,5
8,1,"P052",6,6,"joyful_happy thrilled_enthusiastic",1,1,0,0,0,0,0,0,0,0,0,0,0,0,4,3,3,3,0,NA,NA,0,0,3.25,3,4.77777777777778,5
9,1,"P052",2,4,"joyful_happy thrilled_enthusiastic",1,1,0,0,0,0,0,0,0,0,0,0,0,0,5,3,3,4,0,NA,NA,0,0,3.75,4,5,5
10,1,"P052",0,3,"exhausted_tired bored_lethargic",0,0,0,0,0,1,1,0,0,0,0,0,0,0,3,3,3,3,0,NA,NA,0,0,3,3,4.66666666666667,5
11,2,"P052",-2,2,"upset_angry exhausted_tired bored_lethargic irritated_frustrated",0,0,0,0,1,1,1,1,0,0,0,0,0,1,0,2,2,2,1,"friends",-2,0.2,0,1.5,2,3.88888888888889,4
12,1,"P052",-3,1.5,"upset_angry irritated_frustrated",0,0,0,0,1,0,0,1,1,2,0,0,0,2,3,0,1,3,1,"friends",-3,0.8,1,1.75,2,3.66666666666667,4
13,2,"P052",0,3,"calm_relaxed exhausted_tired",0,0,1,0,0,1,0,0,0,0,0,0,0,1,3,3,3,3,0,NA,NA,0.2,0,3,3,4.55555555555556,5
14,1,"P052",0,3,"exhausted_tired irritated_frustrated",0,0,0,0,0,1,0,1,2,4,4,2,0,0,3,3,2,1,1,"friends",3,2,2,2.25,2,3.22222222222222,3
15,2,"P052",0,3,"exhausted_tired bored_lethargic",0,0,0,0,0,1,1,0,0,0,0,0,0,0,3,5,3,3,0,NA,NA,0,0,3.5,4,4.88888888888889,5
16,2,"P052",-4,1,"upset_angry irritated_frustrated",0,0,0,0,1,0,0,1,0,0,0,0,0,0,3,3,3,3,1,"home",-5,0,0,3,3,4.66666666666667,5
17,1,"P052",0,3,"bored_lethargic irritated_frustrated",0,0,0,0,0,0,1,1,1,1,0,0,0,0,3,3,3,3,0,NA,NA,0.2,0,3,3,4.55555555555556,5
18,1,"P052",0,3,"joyful_happy calm_relaxed irritated_frustrated",1,0,1,0,0,0,0,1,0,0,3,0,4,0,3,3,3,3,1,"home",2,1.4,1,3,3,3.88888888888889,4
19,2,"P052",0,3,"calm_relaxed",0,0,1,0,0,0,0,0,0,0,2,0,1,0,3,3,3,3,0,NA,NA,0.6,1,3,3,4.33333333333333,4
20,2,"P052",0,3,"calm_relaxed",0,0,1,0,0,0,0,0,0,0,0,0,0,0,3,3,3,3,0,NA,NA,0,0,3,3,4.66666666666667,5
21,2,"P052",0,3,"joyful_happy thrilled_enthusiastic calm_relaxed exhausted_tired",1,1,1,0,0,1,0,0,0,0,0,0,0,0,3,3,3,5,0,NA,NA,0,0,3.5,4,4.88888888888889,5
22,2,"P052",0,3,"joyful_happy thrilled_enthusiastic exhausted_tired bored_lethargic irritated_frustrated",1,1,0,0,0,1,1,1,0,0,0,0,0,0,3,4,3,3,0,NA,NA,0,0,3.25,3,4.77777777777778,5
23,1,"P052",0,3,"joyful_happy calm_relaxed upset_angry irritated_frustrated",1,0,1,0,1,0,0,1,0,0,0,0,0,0,3,3,3,3,0,NA,NA,0,0,3,3,4.66666666666667,5
24,1,"P052",0,3,"calm_relaxed exhausted_tired",0,0,1,0,0,1,0,0,0,0,0,0,0,0,3,3,3,4,0,NA,NA,0,0,3.25,3,4.77777777777778,5
25,2,"P052",0,3,"joyful_happy calm_relaxed exhausted_tired bored_lethargic irritated_frustrated",1,0,1,0,0,1,1,1,0,0,0,0,0,0,3,3,3,3,0,NA,NA,0,0,3,3,4.66666666666667,5
26,2,"P052",0,3,"exhausted_tired",0,0,0,0,0,1,0,0,0,0,0,0,0,0,3,3,3,3,0,NA,NA,0,0,3,3,4.66666666666667,5
27,1,"P052",0,3,"exhausted_tired",0,0,0,0,0,1,0,0,0,0,0,0,0,0,3,3,3,3,0,NA,NA,0,0,3,3,4.66666666666667,5
28,1,"P052",0,3,"exhausted_tired bored_lethargic",0,0,0,0,0,1,1,0,0,0,0,0,0,0,3,3,3,3,0,NA,NA,0,0,3,3,4.66666666666667,5
29,1,"P052",0,3,"calm_relaxed bored_lethargic",0,0,1,0,0,0,1,0,0,0,0,0,0,0,3,3,3,3,0,NA,NA,0,0,3,3,4.66666666666667,5
30,2,"P052",0,3,"calm_relaxed",0,0,1,0,0,0,0,0,0,0,0,0,0,0,4,3,3,4,0,NA,NA,0,0,3.5,4,4.88888888888889,5
1,2,"P053",0,3,"calm_relaxed",0,0,1,0,0,0,0,0,0,0,0,0,3,1,5,2,3,3,0,NA,NA,0.8,1,3.25,3,4.33333333333333,4
2,2,"P053",6,6,"joyful_happy",1,0,0,0,0,0,0,0,0,0,0,0,5,0,3,5,6,6,0,NA,NA,1,1,5,5,5,5
3,2,"P053",6,6,"joyful_happy",1,0,0,0,0,0,0,0,0,0,0,0,0,0,3,6,6,6,0,NA,NA,0,0,5.25,5,5.66666666666667,6
4,2,"P053",0,3,"irritated_frustrated",0,0,0,0,0,0,0,1,1,2,2,1,0,3,3,3,3,3,1,"work",2,1.6,2,3,3,3.77777777777778,4
5,2,"P053",0,3,"calm_relaxed",0,0,1,0,0,0,0,0,0,0,4,0,0,0,3,3,3,3,0,NA,NA,0.8,1,3,3,4.22222222222222,4
6,2,"P053",0,3,"calm_relaxed",0,0,1,0,0,0,0,0,0,0,0,0,1,1,3,3,3,3,0,NA,NA,0.4,0,3,3,4.44444444444444,4
7,1,"P053",0,3,"calm_relaxed",0,0,1,0,0,0,0,0,0,0,0,0,4,0,3,3,4,3,0,NA,NA,0.8,1,3.25,3,4.33333333333333,4
8,1,"P053",0,3,"upset_angry",0,0,0,0,1,0,0,0,2,3,0,0,5,3,3,2,3,3,0,NA,NA,2.2,2,2.75,3,3.33333333333333,3
9,1,"P053",0,3,"calm_relaxed",0,0,1,0,0,0,0,0,0,0,0,0,0,0,3,3,3,3,0,NA,NA,0,0,3,3,4.66666666666667,5
10,1,"P053",4,5,"calm_relaxed",0,0,1,0,0,0,0,0,0,0,0,0,3,0,3,5,5,5,0,NA,NA,0.6,1,4.5,5,5,5
12,1,"P053",0,3,"calm_relaxed",0,0,1,0,0,0,0,0,0,0,0,0,4,0,2,2,3,3,0,NA,NA,0.8,1,2.5,3,4,4
13,2,"P053",3,4.5,"calm_relaxed",0,0,1,0,0,0,0,0,0,0,0,0,4,0,3,3,3,3,0,NA,NA,0.8,1,3,3,4.22222222222222,4
14,2,"P053",0,3,"calm_relaxed",0,0,1,0,0,0,0,0,0,0,0,0,0,0,3,2,3,2,0,NA,NA,0,0,2.5,3,4.44444444444444,4
15,2,"P053",3,4.5,"joyful_happy",1,0,0,0,0,0,0,0,0,0,0,0,0,0,3,3,4,3,0,NA,NA,0,0,3.25,3,4.77777777777778,5
16,1,"P053",3,4.5,"joyful_happy calm_relaxed",1,0,1,0,0,0,0,0,0,0,0,0,3,2,2,3,3,4,0,NA,NA,1,1,3,3,4.11111111111111,4
17,2,"P053",-2,2,"upset_angry",0,0,0,0,1,0,0,0,0,0,0,0,2,3,1,2,2,2,0,NA,NA,1,1,1.75,2,3.55555555555556,4
18,1,"P053",0,3,"calm_relaxed upset_angry",0,0,1,0,1,0,0,0,0,0,0,0,4,0,2,3,3,4,0,NA,NA,0.8,1,3,3,4.22222222222222,4
19,2,"P053",4,5,"joyful_happy calm_relaxed",1,0,1,0,0,0,0,0,0,0,0,0,1,0,3,3,3,3,0,NA,NA,0.2,0,3,3,4.55555555555556,5
20,1,"P053",0,3,"calm_relaxed",0,0,1,0,0,0,0,0,0,0,0,0,0,0,3,3,3,3,0,NA,NA,0,0,3,3,4.66666666666667,5
21,1,"P053",6,6,"joyful_happy thrilled_enthusiastic calm_relaxed",1,1,1,0,0,0,0,0,0,0,0,0,0,0,3,6,6,6,0,NA,NA,0,0,5.25,5,5.66666666666667,6
22,2,"P053",0,3,"calm_relaxed",0,0,1,0,0,0,0,0,0,0,0,0,4,0,3,3,3,4,0,NA,NA,0.8,1,3.25,3,4.33333333333333,4
23,1,"P053",0,3,"calm_relaxed",0,0,1,0,0,0,0,0,0,0,0,0,0,0,3,3,3,3,0,NA,NA,0,0,3,3,4.66666666666667,5
24,1,"P053",0,3,"calm_relaxed",0,0,1,0,0,0,0,0,0,0,0,0,0,0,3,3,3,3,0,NA,NA,0,0,3,3,4.66666666666667,5
25,2,"P053",-4,1,"upset_angry exhausted_tired irritated_frustrated",0,0,0,0,1,1,0,1,2,3,2,3,3,2,2,2,1,1,0,NA,NA,2.6,3,1.5,2,2.55555555555556,3
27,2,"P053",2,4,"joyful_happy calm_relaxed",1,0,1,0,0,0,0,0,0,0,0,0,1,0,3,3,4,5,0,NA,NA,0.2,0,3.75,4,4.88888888888889,5
28,2,"P053",-2,2,"exhausted_tired irritated_frustrated",0,0,0,0,0,1,0,1,1,1,1,1,1,1,1,1,1,1,0,NA,NA,1,1,1,1,3.22222222222222,3
29,2,"P053",-5,0.5,"exhausted_tired bored_lethargic irritated_frustrated",0,0,0,0,0,1,1,1,1,1,0,1,0,0,1,1,1,1,0,NA,NA,0.4,0,1,1,3.55555555555556,4
30,2,"P053",-4,1,"calm_relaxed upset_angry",0,0,1,0,1,0,0,0,0,0,0,5,1,5,1,1,1,0,0,NA,NA,2.2,2,0.75,1,2.44444444444444,2
1,2,"P054",4,5,"thrilled_enthusiastic irritated_frustrated",0,1,0,0,0,0,0,1,1,1,0,0,0,0,1,4,4,5,1,"friends",2,0.2,0,3.5,4,4.77777777777778,5
2,1,"P054",4,5,"calm_relaxed upset_angry",0,0,1,0,1,0,0,0,0,0,1,0,0,0,5,5,5,3,0,NA,NA,0.2,0,4.5,5,5.22222222222222,5
3,1,"P054",6,6,"joyful_happy calm_relaxed accomplished_productive upset_angry bored_lethargic",1,0,1,1,1,0,1,0,0,0,0,4,0,0,5,6,6,6,0,NA,NA,0.8,1,5.75,6,5.44444444444444,5
4,2,"P054",-5,0.5,"accomplished_productive upset_angry exhausted_tired irritated_frustrated",0,0,0,1,1,1,0,1,3,5,5,6,4,4,1,0,1,0,1,"other",6,4.8,5,0.5,1,0.888888888888889,1
5,1,"P054",5,5.5,"calm_relaxed accomplished_productive",0,0,1,1,0,0,0,0,2,3,1,1,2,0,5,5,5,4,0,NA,NA,1.4,1,4.75,5,4.66666666666667,5
6,2,"P054",4,5,"joyful_happy upset_angry",1,0,0,0,1,0,0,0,0,0,1,1,0,0,5,3,4,5,0,NA,NA,0.4,0,4.25,4,5,5
7,1,"P054",5,5.5,"joyful_happy thrilled_enthusiastic",1,1,0,0,0,0,0,0,0,0,0,0,0,0,5,5,5,5,0,NA,NA,0,0,5,5,5.55555555555556,6
8,1,"P054",3,4.5,"joyful_happy calm_relaxed",1,0,1,0,0,0,0,0,0,0,1,0,0,0,5,6,5,5,0,NA,NA,0.2,0,5.25,5,5.55555555555556,6
9,2,"P054",1,3.5,"accomplished_productive bored_lethargic irritated_frustrated",0,0,0,1,0,0,1,1,2,4,4,4,0,5,4,2,2,2,0,NA,NA,3.4,3,2.5,3,2.55555555555556,3
10,2,"P054",5,5.5,"calm_relaxed accomplished_productive",0,0,1,1,0,0,0,0,0,0,2,0,0,2,4,4,5,3,0,NA,NA,0.8,1,4,4,4.66666666666667,5
11,1,"P054",3,4.5,"calm_relaxed accomplished_productive",0,0,1,1,0,0,0,0,1,1,0,0,0,0,6,5,5,3,0,NA,NA,0.2,0,4.75,5,5.33333333333333,5
12,1,"P054",3,4.5,"calm_relaxed irritated_frustrated",0,0,1,0,0,0,0,1,1,1,1,0,0,0,5,5,5,3,0,NA,NA,0.4,0,4.5,5,5.11111111111111,5
13,1,"P054",5,5.5,"joyful_happy thrilled_enthusiastic accomplished_productive",1,1,0,1,0,0,0,0,2,4,4,1,0,0,5,5,5,5,0,NA,NA,1.8,2,5,5,4.55555555555556,5
14,1,"P054",5,5.5,"accomplished_productive",0,0,0,1,0,0,0,0,1,1,1,0,2,0,6,6,6,3,0,NA,NA,0.8,1,5.25,5,5.22222222222222,5
15,2,"P054",2,4,"accomplished_productive irritated_frustrated",0,0,0,1,0,0,0,1,1,1,0,0,2,0,5,4,2,2,1,"other",-3,0.6,1,3.25,3,4.44444444444444,4
16,2,"P054",1,3.5,"calm_relaxed",0,0,1,0,0,0,0,0,1,2,2,2,4,4,2,4,4,4,1,"other",-2,2.8,3,3.5,4,3.33333333333333,3
17,1,"P054",4,5,"joyful_happy calm_relaxed",1,0,1,0,0,0,0,0,1,1,2,1,3,0,6,6,6,6,0,NA,NA,1.4,1,6,6,5.22222222222222,5
18,2,"P054",2,4,"accomplished_productive exhausted_tired irritated_frustrated",0,0,0,1,0,1,0,1,2,4,4,4,5,0,5,5,1,4,0,NA,NA,3.4,3,3.75,4,3.11111111111111,3
19,1,"P054",4,5,"joyful_happy exhausted_tired",1,0,0,0,0,1,0,0,3,5,5,4,4,0,6,6,6,3,0,NA,NA,3.6,4,5.25,5,3.66666666666667,4
20,2,"P054",4,5,"calm_relaxed irritated_frustrated",0,0,1,0,0,0,0,1,0,0,1,0,0,0,6,6,6,3,1,"friends",6,0.2,0,5.25,5,5.55555555555556,6
21,2,"P054",6,6,"joyful_happy calm_relaxed",1,0,1,0,0,0,0,0,2,4,1,0,0,0,6,4,5,6,0,NA,NA,1,1,5.25,5,5.11111111111111,5
22,2,"P054",5,5.5,"calm_relaxed",0,0,1,0,0,0,0,0,0,0,1,0,1,0,6,6,5,5,0,NA,NA,0.4,0,5.5,6,5.55555555555556,6
23,1,"P054",4,5,"calm_relaxed accomplished_productive exhausted_tired",0,0,1,1,0,1,0,0,3,5,4,4,4,0,6,4,4,2,0,NA,NA,3.4,3,4,4,3.22222222222222,3
24,1,"P054",4,5,"accomplished_productive upset_angry exhausted_tired irritated_frustrated",0,0,0,1,1,1,0,1,3,5,5,0,5,0,1,4,4,1,0,NA,NA,3,3,2.5,3,2.77777777777778,3
25,1,"P054",-5,0.5,"upset_angry exhausted_tired irritated_frustrated",0,0,0,0,1,1,0,1,3,6,6,6,6,0,0,1,1,1,1,"work",-6,4.8,5,0.75,1,1,1
26,2,"P054",-1,2.5,"accomplished_productive upset_angry irritated_frustrated",0,0,0,1,1,0,0,1,3,6,5,3,4,0,6,6,5,3,0,NA,NA,3.6,4,5,5,3.55555555555556,4
27,1,"P054",3,4.5,"accomplished_productive upset_angry exhausted_tired irritated_frustrated",0,0,0,1,1,1,0,1,3,5,3,4,3,0,5,5,2,4,0,NA,NA,3,3,4,4,3.44444444444444,3
28,2,"P054",5,5.5,"joyful_happy calm_relaxed accomplished_productive",1,0,1,1,0,0,0,0,1,2,2,1,0,0,5,6,6,3,0,NA,NA,1,1,5,5,5,5
29,1,"P054",5,5.5,"joyful_happy calm_relaxed accomplished_productive",1,0,1,1,0,0,0,0,0,0,0,0,0,0,6,6,6,3,0,NA,NA,0,0,5.25,5,5.66666666666667,6
30,2,"P054",6,6,"joyful_happy calm_relaxed accomplished_productive",1,0,1,1,0,0,0,0,1,1,0,0,0,0,6,6,6,6,0,NA,NA,0.2,0,6,6,5.88888888888889,6
1,2,"P055",3,4.5,"calm_relaxed",0,0,1,0,0,0,0,0,1,1,0,1,0,0,6,5,5,4,0,NA,NA,0.4,0,5,5,5.33333333333333,5
2,1,"P055",-1,2.5,"exhausted_tired bored_lethargic",0,0,0,0,0,1,1,0,0,0,0,0,0,0,3,3,3,4,0,NA,NA,0,0,3.25,3,4.77777777777778,5
3,1,"P055",1,3.5,"calm_relaxed",0,0,1,0,0,0,0,0,0,0,0,0,0,0,4,3,4,4,0,NA,NA,0,0,3.75,4,5,5
4,1,"P055",5,5.5,"joyful_happy calm_relaxed",1,0,1,0,0,0,0,0,0,0,0,0,0,0,5,4,5,6,0,NA,NA,0,0,5,5,5.55555555555556,6
5,1,"P055",-3,1.5,"upset_angry exhausted_tired irritated_frustrated",0,0,0,0,1,1,0,1,2,4,4,4,6,0,5,5,3,3,1,"friends",3,3.6,4,4,4,3.11111111111111,3
6,2,"P055",2,4,"calm_relaxed",0,0,1,0,0,0,0,0,1,1,1,1,0,0,3,3,2,4,0,NA,NA,0.6,1,3,3,4.33333333333333,4
7,2,"P055",2,4,"joyful_happy thrilled_enthusiastic accomplished_productive",1,1,0,1,0,0,0,0,2,4,2,0,0,0,4,6,6,6,0,NA,NA,1.2,1,5.5,6,5.11111111111111,5
8,1,"P055",-1,2.5,"calm_relaxed upset_angry",0,0,1,0,1,0,0,0,1,1,3,5,0,0,3,4,3,4,1,"other",2,1.8,2,3.5,4,3.88888888888889,4
9,1,"P055",4,5,"joyful_happy calm_relaxed",1,0,1,0,0,0,0,0,0,0,0,0,0,0,6,6,6,6,0,NA,NA,0,0,6,6,6,6
10,2,"P055",-4,1,"upset_angry irritated_frustrated",0,0,0,0,1,0,0,1,2,4,4,6,5,0,3,3,1,3,1,"friends",4,3.8,4,2.5,3,2.33333333333333,2
11,1,"P055",2,4,"calm_relaxed",0,0,1,0,0,0,0,0,0,0,0,0,0,0,5,3,5,5,0,NA,NA,0,0,4.5,5,5.33333333333333,5
12,1,"P055",3,4.5,"calm_relaxed accomplished_productive",0,0,1,1,0,0,0,0,0,0,0,0,0,0,5,3,3,3,0,NA,NA,0,0,3.5,4,4.88888888888889,5
13,1,"P055",-3,1.5,"upset_angry",0,0,0,0,1,0,0,0,1,1,1,4,0,1,0,0,0,2,1,"friends",4,1.4,1,0.5,1,2.77777777777778,3
14,1,"P055",4,5,"joyful_happy thrilled_enthusiastic calm_relaxed exhausted_tired",1,1,1,0,0,1,0,0,1,1,1,2,5,0,5,5,5,5,0,NA,NA,1.8,2,5,5,4.55555555555556,5
15,2,"P055",1,3.5,"calm_relaxed",0,0,1,0,0,0,0,0,0,0,0,0,0,0,3,3,3,4,0,NA,NA,0,0,3.25,3,4.77777777777778,5
16,1,"P055",1,3.5,"calm_relaxed",0,0,1,0,0,0,0,0,0,0,0,0,0,0,3,1,3,3,0,NA,NA,0,0,2.5,3,4.44444444444444,4
17,1,"P055",6,6,"joyful_happy thrilled_enthusiastic calm_relaxed accomplished_productive",1,1,1,1,0,0,0,0,0,0,0,0,2,0,6,6,6,6,0,NA,NA,0.4,0,6,6,5.77777777777778,6
18,2,"P055",-3,1.5,"upset_angry irritated_frustrated",0,0,0,0,1,0,0,1,1,2,2,6,2,2,2,1,1,2,1,"work",3,2.8,3,1.5,2,2.44444444444444,2
19,2,"P055",-4,1,"upset_angry exhausted_tired bored_lethargic",0,0,0,0,1,1,1,0,2,3,3,3,3,0,4,4,5,5,1,"friends",3,2.4,2,4.5,5,4,4
20,1,"P055",6,6,"joyful_happy thrilled_enthusiastic calm_relaxed accomplished_productive",1,1,1,1,0,0,0,0,0,0,0,0,0,0,6,6,6,6,0,NA,NA,0,0,6,6,6,6
21,1,"P055",1,3.5,"calm_relaxed accomplished_productive",0,0,1,1,0,0,0,0,0,0,0,0,0,0,4,4,4,4,0,NA,NA,0,0,4,4,5.11111111111111,5
22,2,"P055",-3,1.5,"upset_angry irritated_frustrated",0,0,0,0,1,0,0,1,0,0,0,2,0,0,5,5,5,5,1,"friends",2,0.4,0,5,5,5.33333333333333,5
23,2,"P055",5,5.5,"joyful_happy thrilled_enthusiastic calm_relaxed",1,1,1,0,0,0,0,0,0,0,1,1,0,0,5,3,4,6,0,NA,NA,0.4,0,4.5,5,5.11111111111111,5
24,1,"P055",-2,2,"upset_angry",0,0,0,0,1,0,0,0,0,0,0,5,5,0,3,2,1,2,1,"friends",2,2,2,2,2,3.11111111111111,3
25,1,"P055",0,3,"joyful_happy upset_angry irritated_frustrated",1,0,0,0,1,0,0,1,3,5,5,3,3,1,3,3,3,4,1,"friends",1,3.4,3,3.25,3,2.88888888888889,3
26,2,"P055",1,3.5,"calm_relaxed bored_lethargic",0,0,1,0,0,0,1,0,1,1,1,1,0,0,3,3,3,5,0,NA,NA,0.6,1,3.5,4,4.55555555555556,5
27,1,"P055",-6,0,"upset_angry exhausted_tired irritated_frustrated",0,0,0,0,1,1,0,1,3,6,6,6,6,0,2,1,0,1,1,"work",6,4.8,5,1,1,1.11111111111111,1
28,1,"P055",1,3.5,"exhausted_tired",0,0,0,0,0,1,0,0,1,1,1,0,3,0,4,4,4,4,0,NA,NA,1,1,4,4,4.55555555555556,5
29,1,"P055",2,4,"joyful_happy",1,0,0,0,0,0,0,0,0,0,0,0,6,0,5,3,4,4,0,NA,NA,1.2,1,4,4,4.44444444444444,4
30,2,"P055",2,4,"calm_relaxed",0,0,1,0,0,0,0,0,0,0,0,0,0,0,4,1,4,5,0,NA,NA,0,0,3.5,4,4.88888888888889,5
1,2,"P056",1,3.5,"joyful_happy upset_angry",1,0,0,0,1,0,0,0,1,1,0,1,0,0,1,0,1,4,0,NA,NA,0.4,0,1.5,2,3.77777777777778,4
2,2,"P056",6,6,"joyful_happy thrilled_enthusiastic accomplished_productive exhausted_tired",1,1,0,1,0,1,0,0,0,0,1,0,3,0,5,5,6,5,1,"home",6,0.8,1,5.25,5,5.22222222222222,5
3,1,"P056",-3,1.5,"upset_angry exhausted_tired bored_lethargic irritated_frustrated",0,0,0,0,1,1,1,1,2,3,3,4,2,4,0,0,0,0,1,"friends",-3,3.2,3,0,0,1.55555555555556,2
4,1,"P056",-2,2,"upset_angry bored_lethargic irritated_frustrated",0,0,0,0,1,0,1,1,1,1,1,3,3,3,2,1,1,3,0,NA,NA,2.2,2,1.75,2,2.88888888888889,3
5,1,"P056",-1,2.5,"calm_relaxed upset_angry bored_lethargic",0,0,1,0,1,0,1,0,2,3,3,2,4,2,1,3,1,3,0,NA,NA,2.8,3,2,2,2.66666666666667,3
6,2,"P056",-1,2.5,"joyful_happy exhausted_tired bored_lethargic",1,0,0,0,0,1,1,0,1,1,0,2,1,3,4,2,5,5,0,NA,NA,1.4,1,4,4,4.33333333333333,4
7,2,"P056",2,4,"joyful_happy accomplished_productive bored_lethargic",1,0,0,1,0,0,1,0,0,0,0,1,2,0,4,4,4,5,1,"home",1,0.6,1,4.25,4,4.88888888888889,5
8,2,"P056",3,4.5,"joyful_happy thrilled_enthusiastic calm_relaxed accomplished_productive",1,1,1,1,0,0,0,0,0,0,0,0,1,0,3,5,5,5,0,NA,NA,0.2,0,4.5,5,5.22222222222222,5
9,2,"P056",3,4.5,"joyful_happy thrilled_enthusiastic calm_relaxed accomplished_productive",1,1,1,1,0,0,0,0,0,0,0,0,4,0,2,5,5,6,0,NA,NA,0.8,1,4.5,5,4.88888888888889,5
10,1,"P056",-1,2.5,"exhausted_tired bored_lethargic",0,0,0,0,0,1,1,0,0,0,0,2,2,2,0,4,2,1,0,NA,NA,1.2,1,1.75,2,3.44444444444444,3
11,1,"P056",5,5.5,"joyful_happy thrilled_enthusiastic accomplished_productive",1,1,0,1,0,0,0,0,0,0,0,0,2,0,5,6,6,6,0,NA,NA,0.4,0,5.75,6,5.66666666666667,6
12,2,"P056",-3,1.5,"upset_angry exhausted_tired bored_lethargic irritated_frustrated",0,0,0,0,1,1,1,1,0,0,0,4,2,3,3,0,0,2,0,NA,NA,1.8,2,1.25,1,2.88888888888889,3
13,1,"P056",-1,2.5,"accomplished_productive upset_angry exhausted_tired bored_lethargic irritated_frustrated",0,0,0,1,1,1,1,1,1,2,2,3,3,2,2,4,3,5,0,NA,NA,2.4,2,3.5,4,3.55555555555556,4
14,1,"P056",-2,2,"exhausted_tired bored_lethargic irritated_frustrated",0,0,0,0,0,1,1,1,1,2,2,3,1,1,2,1,0,0,0,NA,NA,1.8,2,0.75,1,2.66666666666667,3
15,2,"P056",-2,2,"joyful_happy upset_angry exhausted_tired bored_lethargic",1,0,0,0,1,1,1,0,2,3,3,4,2,3,0,1,3,3,0,NA,NA,3,3,1.75,2,2.44444444444444,2
16,1,"P056",0,3,"accomplished_productive exhausted_tired irritated_frustrated",0,0,0,1,0,1,0,1,1,1,1,2,1,2,2,4,3,2,0,NA,NA,1.4,1,2.75,3,3.77777777777778,4
17,2,"P056",-1,2.5,"exhausted_tired bored_lethargic irritated_frustrated",0,0,0,0,0,1,1,1,1,1,1,2,6,2,3,1,0,0,0,NA,NA,2.4,2,1,1,2.44444444444444,2
18,2,"P056",-1,2.5,"upset_angry bored_lethargic",0,0,0,0,1,0,1,0,1,2,2,1,0,2,3,0,1,2,0,NA,NA,1.4,1,1.5,2,3.22222222222222,3
19,1,"P056",1,3.5,"calm_relaxed accomplished_productive bored_lethargic",0,0,1,1,0,0,1,0,1,2,1,2,1,2,3,4,3,2,0,NA,NA,1.6,2,3,3,3.77777777777778,4
20,1,"P056",1,3.5,"thrilled_enthusiastic accomplished_productive",0,1,0,1,0,0,0,0,1,1,2,1,0,0,5,5,6,3,0,NA,NA,0.8,1,4.75,5,5,5
21,2,"P056",-1,2.5,"joyful_happy bored_lethargic irritated_frustrated",1,0,0,0,0,0,1,1,0,0,0,2,2,2,2,3,3,4,0,NA,NA,1.2,1,3,3,4,4
22,2,"P056",1,3.5,"joyful_happy calm_relaxed bored_lethargic",1,0,1,0,0,0,1,0,0,0,0,1,3,3,5,3,4,5,0,NA,NA,1.4,1,4.25,4,4.44444444444444,4
23,2,"P056",2,4,"joyful_happy calm_relaxed accomplished_productive",1,0,1,1,0,0,0,0,0,0,0,0,1,1,5,6,6,6,0,NA,NA,0.4,0,5.75,6,5.66666666666667,6
24,1,"P056",-2,2,"joyful_happy upset_angry irritated_frustrated",1,0,0,0,1,0,0,1,0,0,0,2,3,3,4,1,3,3,1,"home",-1,1.6,2,2.75,3,3.66666666666667,4
25,1,"P056",1,3.5,"joyful_happy calm_relaxed exhausted_tired",1,0,1,0,0,1,0,0,0,0,0,1,3,1,2,2,3,2,0,NA,NA,1,1,2.25,2,3.77777777777778,4
26,2,"P056",1,3.5,"joyful_happy calm_relaxed",1,0,1,0,0,0,0,0,0,0,0,0,2,0,4,3,4,5,0,NA,NA,0.4,0,4,4,4.88888888888889,5
27,2,"P056",2,4,"joyful_happy thrilled_enthusiastic",1,1,0,0,0,0,0,0,0,0,0,0,1,0,3,3,6,6,0,NA,NA,0.2,0,4.5,5,5.22222222222222,5
28,2,"P056",3,4.5,"joyful_happy thrilled_enthusiastic calm_relaxed accomplished_productive",1,1,1,1,0,0,0,0,0,0,0,0,0,0,4,6,6,6,0,NA,NA,0,0,5.5,6,5.77777777777778,6
29,2,"P056",3,4.5,"joyful_happy thrilled_enthusiastic calm_relaxed accomplished_productive",1,1,1,1,0,0,0,0,0,0,0,0,1,0,3,5,5,4,0,NA,NA,0.2,0,4.25,4,5.11111111111111,5
30,2,"P056",5,5.5,"joyful_happy thrilled_enthusiastic calm_relaxed accomplished_productive",1,1,1,1,0,0,0,0,0,0,0,0,2,0,6,6,6,6,1,"friends",5,0.4,0,6,6,5.77777777777778,6
1,2,"P057",0,3,"accomplished_productive bored_lethargic",0,0,0,1,0,0,1,0,1,1,1,0,2,2,3,4,4,4,0,NA,NA,1.2,1,3.75,4,4.33333333333333,4
2,2,"P057",-2,2,"calm_relaxed exhausted_tired bored_lethargic irritated_frustrated",0,0,1,0,0,1,1,1,1,1,3,3,0,1,3,1,1,4,1,"work",-3,1.6,2,2.25,2,3.44444444444444,3
3,1,"P057",3,4.5,"thrilled_enthusiastic calm_relaxed",0,1,1,0,0,0,0,0,0,0,0,0,1,0,5,5,4,4,0,NA,NA,0.2,0,4.5,5,5.22222222222222,5
4,1,"P057",3,4.5,"exhausted_tired",0,0,0,0,0,1,0,0,0,0,0,1,0,0,3,3,3,4,0,NA,NA,0.2,0,3.25,3,4.66666666666667,5
5,2,"P057",2,4,"calm_relaxed",0,0,1,0,0,0,0,0,0,0,0,0,1,2,4,5,4,4,0,NA,NA,0.6,1,4.25,4,4.88888888888889,5
6,2,"P057",0,3,"calm_relaxed",0,0,1,0,0,0,0,0,0,0,0,0,0,0,3,4,5,4,0,NA,NA,0,0,4,4,5.11111111111111,5
7,2,"P057",4,5,"joyful_happy thrilled_enthusiastic accomplished_productive",1,1,0,1,0,0,0,0,0,0,0,0,0,0,5,5,5,5,1,"friends",-2,0,0,5,5,5.55555555555556,6
8,1,"P057",3,4.5,"thrilled_enthusiastic calm_relaxed",0,1,1,0,0,0,0,0,1,2,1,0,0,0,5,4,2,3,0,NA,NA,0.6,1,3.5,4,4.55555555555556,5
9,2,"P057",4,5,"joyful_happy thrilled_enthusiastic",1,1,0,0,0,0,0,0,1,2,0,0,0,0,5,2,5,6,0,NA,NA,0.4,0,4.5,5,5.11111111111111,5
10,1,"P057",2,4,"exhausted_tired bored_lethargic",0,0,0,0,0,1,1,0,1,2,0,0,0,0,3,1,1,0,0,NA,NA,0.4,0,1.25,1,3.66666666666667,4
11,2,"P057",-3,1.5,"upset_angry exhausted_tired bored_lethargic irritated_frustrated",0,0,0,0,1,1,1,1,2,4,1,1,1,0,0,4,4,1,1,"friends",-4,1.4,1,2.25,2,3.55555555555556,4
12,2,"P057",2,4,"joyful_happy thrilled_enthusiastic accomplished_productive exhausted_tired",1,1,0,1,0,1,0,0,1,1,0,0,0,0,5,5,6,5,0,NA,NA,0.2,0,5.25,5,5.55555555555556,6
13,1,"P057",-2,2,"upset_angry exhausted_tired bored_lethargic irritated_frustrated",0,0,0,0,1,1,1,1,1,1,1,0,0,0,0,4,4,1,1,"friends",-5,0.4,0,2.25,2,4.11111111111111,4
14,1,"P057",2,4,"accomplished_productive bored_lethargic",0,0,0,1,0,0,1,0,0,0,0,0,0,0,4,5,2,6,0,NA,NA,0,0,4.25,4,5.22222222222222,5
15,2,"P057",3,4.5,"joyful_happy calm_relaxed accomplished_productive",1,0,1,1,0,0,0,0,1,1,0,0,0,0,3,5,5,5,0,NA,NA,0.2,0,4.5,5,5.22222222222222,5
16,1,"P057",-2,2,"exhausted_tired bored_lethargic",0,0,0,0,0,1,1,0,0,0,0,0,0,1,2,0,1,4,0,NA,NA,0.2,0,1.75,2,4,4
17,1,"P057",2,4,"calm_relaxed accomplished_productive exhausted_tired",0,0,1,1,0,1,0,0,2,3,1,0,4,0,3,5,4,5,0,NA,NA,1.6,2,4.25,4,4.33333333333333,4
18,1,"P057",3,4.5,"joyful_happy calm_relaxed bored_lethargic",1,0,1,0,0,0,1,0,1,1,0,0,2,0,4,2,6,5,0,NA,NA,0.6,1,4.25,4,4.88888888888889,5
19,2,"P057",4,5,"joyful_happy thrilled_enthusiastic calm_relaxed",1,1,1,0,0,0,0,0,0,0,0,0,1,0,4,4,6,6,0,NA,NA,0.2,0,5,5,5.44444444444444,5
20,2,"P057",3,4.5,"joyful_happy calm_relaxed accomplished_productive",1,0,1,1,0,0,0,0,1,1,0,0,2,0,5,5,5,5,0,NA,NA,0.6,1,5,5,5.22222222222222,5
21,2,"P057",3,4.5,"calm_relaxed accomplished_productive",0,0,1,1,0,0,0,0,1,1,0,0,2,0,3,5,5,5,0,NA,NA,0.6,1,4.5,5,5,5
22,2,"P057",3,4.5,"joyful_happy calm_relaxed",1,0,1,0,0,0,0,0,0,0,0,0,2,0,5,3,5,6,0,NA,NA,0.4,0,4.75,5,5.22222222222222,5
23,2,"P057",3,4.5,"calm_relaxed accomplished_productive",0,0,1,1,0,0,0,0,0,0,0,0,1,0,5,5,5,5,0,NA,NA,0.2,0,5,5,5.44444444444444,5
24,1,"P057",3,4.5,"calm_relaxed",0,0,1,0,0,0,0,0,0,0,0,0,2,0,2,5,5,2,0,NA,NA,0.4,0,3.5,4,4.66666666666667,5
25,1,"P057",4,5,"accomplished_productive",0,0,0,1,0,0,0,0,1,2,1,0,4,0,4,4,5,4,0,NA,NA,1.4,1,4.25,4,4.44444444444444,4
26,2,"P057",2,4,"calm_relaxed",0,0,1,0,0,0,0,0,0,0,1,0,1,0,5,0,4,4,0,NA,NA,0.4,0,3.25,3,4.55555555555556,5
27,2,"P057",2,4,"calm_relaxed bored_lethargic",0,0,1,0,0,0,1,0,0,0,1,0,1,0,5,1,5,5,0,NA,NA,0.4,0,4,4,4.88888888888889,5
28,2,"P057",3,4.5,"thrilled_enthusiastic accomplished_productive",0,1,0,1,0,0,0,0,0,0,2,0,3,0,4,4,5,2,0,NA,NA,1,1,3.75,4,4.44444444444444,4
29,2,"P057",4,5,"calm_relaxed accomplished_productive",0,0,1,1,0,0,0,0,0,0,1,0,0,0,3,5,5,4,0,NA,NA,0.2,0,4.25,4,5.11111111111111,5
30,1,"P057",5,5.5,"joyful_happy thrilled_enthusiastic calm_relaxed exhausted_tired irritated_frustrated",1,1,1,0,0,1,0,1,0,0,1,0,0,0,5,5,5,4,0,NA,NA,0.2,0,4.75,5,5.33333333333333,5
1,1,"P058",0,3,"calm_relaxed",0,0,1,0,0,0,0,0,0,0,0,0,4,6,3,3,3,3,0,NA,NA,2,2,3,3,3.55555555555556,4
2,2,"P058",4,5,"calm_relaxed upset_angry",0,0,1,0,1,0,0,0,3,5,5,5,5,6,0,0,0,0,1,"other",4,5.2,5,0,0,0.444444444444444,0
3,1,"P058",-4,1,"upset_angry",0,0,0,0,1,0,0,0,2,3,3,3,3,3,3,3,3,3,1,"other",3,3,3,3,3,3,3
4,2,"P058",0,3,"upset_angry",0,0,0,0,1,0,0,0,2,3,3,3,3,6,3,3,3,3,1,"other",4,3.6,4,3,3,2.66666666666667,3
5,1,"P058",0,3,"calm_relaxed",0,0,1,0,0,0,0,0,2,3,3,3,3,6,3,3,3,3,0,NA,NA,3.6,4,3,3,2.66666666666667,3
6,2,"P058",0,3,"calm_relaxed",0,0,1,0,0,0,0,0,2,3,3,3,3,6,3,3,3,3,0,NA,NA,3.6,4,3,3,2.66666666666667,3
7,2,"P058",0,3,"calm_relaxed",0,0,1,0,0,0,0,0,2,3,3,3,3,4,3,3,3,3,0,NA,NA,3.2,3,3,3,2.88888888888889,3
8,1,"P058",1,3.5,"calm_relaxed",0,0,1,0,0,0,0,0,2,3,3,3,3,3,3,3,3,3,0,NA,NA,3,3,3,3,3,3
9,1,"P058",0,3,"calm_relaxed",0,0,1,0,0,0,0,0,2,3,3,3,3,5,3,3,3,3,0,NA,NA,3.4,3,3,3,2.77777777777778,3
10,1,"P058",3,4.5,"calm_relaxed",0,0,1,0,0,0,0,0,2,3,3,3,3,6,3,3,3,3,0,NA,NA,3.6,4,3,3,2.66666666666667,3
11,2,"P058",0,3,"calm_relaxed",0,0,1,0,0,0,0,0,2,3,3,3,3,6,3,3,3,3,0,NA,NA,3.6,4,3,3,2.66666666666667,3
12,1,"P058",0,3,"calm_relaxed",0,0,1,0,0,0,0,0,2,3,3,3,3,6,3,3,3,3,0,NA,NA,3.6,4,3,3,2.66666666666667,3
13,1,"P058",0,3,"calm_relaxed",0,0,1,0,0,0,0,0,2,3,3,3,3,6,3,3,3,3,0,NA,NA,3.6,4,3,3,2.66666666666667,3
14,1,"P058",0,3,"calm_relaxed",0,0,1,0,0,0,0,0,2,3,3,3,3,6,3,3,3,3,0,NA,NA,3.6,4,3,3,2.66666666666667,3
15,2,"P058",0,3,"calm_relaxed",0,0,1,0,0,0,0,0,2,3,3,3,3,6,3,3,3,3,0,NA,NA,3.6,4,3,3,2.66666666666667,3
16,1,"P058",1,3.5,"calm_relaxed",0,0,1,0,0,0,0,0,2,3,3,3,3,6,3,3,3,3,0,NA,NA,3.6,4,3,3,2.66666666666667,3
17,2,"P058",0,3,"calm_relaxed",0,0,1,0,0,0,0,0,2,3,3,3,3,6,3,3,3,3,0,NA,NA,3.6,4,3,3,2.66666666666667,3
18,2,"P058",0,3,"calm_relaxed",0,0,1,0,0,0,0,0,2,3,3,3,3,6,3,3,3,3,0,NA,NA,3.6,4,3,3,2.66666666666667,3
19,1,"P058",0,3,"calm_relaxed",0,0,1,0,0,0,0,0,2,3,3,3,3,6,3,3,3,3,0,NA,NA,3.6,4,3,3,2.66666666666667,3
20,1,"P058",-1,2.5,"calm_relaxed",0,0,1,0,0,0,0,0,3,6,6,6,6,6,0,4,0,0,1,"other",-6,6,6,1,1,0.444444444444444,0
21,2,"P058",-1,2.5,"calm_relaxed",0,0,1,0,0,0,0,0,2,3,3,3,3,6,1,1,1,1,0,NA,NA,3.6,4,1,1,1.77777777777778,2
22,1,"P058",0,3,"calm_relaxed",0,0,1,0,0,0,0,0,2,3,3,3,3,6,1,1,1,1,0,NA,NA,3.6,4,1,1,1.77777777777778,2
23,2,"P058",0,3,"calm_relaxed",0,0,1,0,0,0,0,0,2,3,3,3,3,6,1,1,1,1,0,NA,NA,3.6,4,1,1,1.77777777777778,2
24,2,"P058",4,5,"calm_relaxed",0,0,1,0,0,0,0,0,2,3,3,3,3,3,3,3,3,3,0,NA,NA,3,3,3,3,3,3
25,1,"P058",0,3,"calm_relaxed",0,0,1,0,0,0,0,0,2,3,3,3,3,4,3,3,3,3,0,NA,NA,3.2,3,3,3,2.88888888888889,3
26,2,"P058",0,3,"calm_relaxed",0,0,1,0,0,0,0,0,2,3,3,3,3,3,3,3,3,3,0,NA,NA,3,3,3,3,3,3
27,1,"P058",0,3,"calm_relaxed",0,0,1,0,0,0,0,0,2,3,3,3,3,6,3,3,3,3,0,NA,NA,3.6,4,3,3,2.66666666666667,3
28,1,"P058",0,3,"calm_relaxed",0,0,1,0,0,0,0,0,2,3,3,3,3,6,3,3,3,3,0,NA,NA,3.6,4,3,3,2.66666666666667,3
29,1,"P058",1,3.5,"calm_relaxed",0,0,1,0,0,0,0,0,2,3,3,3,3,6,3,3,3,3,0,NA,NA,3.6,4,3,3,2.66666666666667,3
30,1,"P058",0,3,"calm_relaxed",0,0,1,0,0,0,0,0,2,3,3,3,3,6,3,3,3,3,0,NA,NA,3.6,4,3,3,2.66666666666667,3
1,2,"P059",1,3.5,"calm_relaxed",0,0,1,0,0,0,0,0,1,2,3,1,1,3,5,4,4,3,0,NA,NA,2,2,4,4,4,4
2,1,"P059",3,4.5,"bored_lethargic",0,0,0,0,0,0,1,0,0,0,0,0,0,1,4,3,3,0,0,NA,NA,0.2,0,2.5,3,4.33333333333333,4
3,1,"P059",2,4,"thrilled_enthusiastic exhausted_tired",0,1,0,0,0,1,0,0,2,4,5,2,1,1,5,1,5,1,0,NA,NA,2.6,3,3,3,3.22222222222222,3
4,2,"P059",1,3.5,"thrilled_enthusiastic calm_relaxed upset_angry",0,1,1,0,1,0,0,0,3,6,5,5,1,5,4,4,4,2,1,"work",2,4.4,4,3.5,4,2.44444444444444,2
5,2,"P059",2,4,"thrilled_enthusiastic calm_relaxed accomplished_productive",0,1,1,1,0,0,0,0,2,3,2,4,5,5,5,2,2,1,0,NA,NA,3.8,4,2.5,3,2.33333333333333,2
6,2,"P059",3,4.5,"calm_relaxed",0,0,1,0,0,0,0,0,2,3,4,3,3,5,2,2,5,5,0,NA,NA,3.6,4,3.5,4,2.88888888888889,3
7,2,"P059",1,3.5,"calm_relaxed",0,0,1,0,0,0,0,0,3,5,5,4,1,3,1,1,1,2,0,NA,NA,3.6,4,1.25,1,1.88888888888889,2
8,2,"P059",2,4,"thrilled_enthusiastic calm_relaxed exhausted_tired",0,1,1,0,0,1,0,0,2,4,2,6,5,5,1,1,2,6,0,NA,NA,4.4,4,2.5,3,2,2
9,1,"P059",2,4,"bored_lethargic",0,0,0,0,0,0,1,0,3,5,5,4,0,5,2,1,1,5,0,NA,NA,3.8,4,2.25,2,2.22222222222222,2
10,2,"P059",1,3.5,"thrilled_enthusiastic",0,1,0,0,0,0,0,0,2,4,4,5,5,1,2,1,0,6,0,NA,NA,3.8,4,2.25,2,2.22222222222222,2
11,2,"P059",2,4,"exhausted_tired",0,0,0,0,0,1,0,0,2,4,5,5,6,0,2,1,0,1,0,NA,NA,4,4,1,1,1.55555555555556,2
12,2,"P059",2,4,"joyful_happy",1,0,0,0,0,0,0,0,3,6,3,0,4,4,6,6,6,6,0,NA,NA,3.4,3,6,6,4.11111111111111,4
13,2,"P059",2,4,"thrilled_enthusiastic accomplished_productive",0,1,0,1,0,0,0,0,2,4,4,3,1,1,1,5,5,5,0,NA,NA,2.6,3,4,4,3.66666666666667,4
14,2,"P059",2,4,"accomplished_productive upset_angry",0,0,0,1,1,0,0,0,3,5,4,6,4,2,1,3,2,1,0,NA,NA,4.2,4,1.75,2,1.77777777777778,2
15,1,"P059",2,4,"calm_relaxed",0,0,1,0,0,0,0,0,3,5,6,4,6,6,1,1,2,2,0,NA,NA,5.4,5,1.5,2,1,1
16,1,"P059",3,4.5,"thrilled_enthusiastic",0,1,0,0,0,0,0,0,3,6,6,5,6,5,4,4,4,3,0,NA,NA,5.6,6,3.75,4,1.88888888888889,2
17,1,"P059",2,4,"calm_relaxed",0,0,1,0,0,0,0,0,2,4,6,5,6,5,1,1,1,1,0,NA,NA,5.2,5,1,1,0.888888888888889,1
18,2,"P059",-3,1.5,"upset_angry exhausted_tired",0,0,0,0,1,1,0,0,3,6,5,6,5,4,3,2,2,2,0,NA,NA,5.2,5,2.25,2,1.44444444444444,1
19,1,"P059",1,3.5,"calm_relaxed",0,0,1,0,0,0,0,0,2,4,4,5,5,4,6,4,4,4,0,NA,NA,4.4,4,4.5,5,2.88888888888889,3
20,2,"P059",1,3.5,"thrilled_enthusiastic",0,1,0,0,0,0,0,0,3,5,6,5,4,6,4,3,2,2,0,NA,NA,5.2,5,2.75,3,1.66666666666667,2
21,2,"P059",-6,0,"irritated_frustrated",0,0,0,0,0,0,0,1,3,6,6,6,6,6,0,0,0,0,0,NA,NA,6,6,0,0,0,0
22,1,"P059",2,4,"calm_relaxed",0,0,1,0,0,0,0,0,3,5,4,3,3,6,5,5,5,5,0,NA,NA,4.2,4,5,5,3.22222222222222,3
23,2,"P059",1,3.5,"thrilled_enthusiastic",0,1,0,0,0,0,0,0,2,4,5,5,5,2,4,6,3,5,0,NA,NA,4.2,4,4.5,5,3,3
24,1,"P059",3,4.5,"accomplished_productive",0,0,0,1,0,0,0,0,3,5,4,6,5,4,6,6,3,6,0,NA,NA,4.8,5,5.25,5,3,3
25,2,"P059",3,4.5,"accomplished_productive",0,0,0,1,0,0,0,0,3,5,5,6,0,0,4,4,4,4,0,NA,NA,3.2,3,4,4,3.33333333333333,3
26,2,"P059",1,3.5,"joyful_happy accomplished_productive",1,0,0,1,0,0,0,0,2,4,1,6,1,5,1,4,0,6,0,NA,NA,3.4,3,2.75,3,2.66666666666667,3
27,1,"P059",3,4.5,"thrilled_enthusiastic upset_angry",0,1,0,0,1,0,0,0,2,4,2,2,6,5,5,2,2,1,0,NA,NA,3.8,4,2.5,3,2.33333333333333,2
28,2,"P059",2,4,"upset_angry",0,0,0,0,1,0,0,0,3,5,4,0,2,1,6,4,5,4,0,NA,NA,2.4,2,4.75,5,4.11111111111111,4
29,1,"P059",2,4,"calm_relaxed",0,0,1,0,0,0,0,0,2,4,4,4,4,4,4,5,2,3,0,NA,NA,4,4,3.5,4,2.66666666666667,3
30,1,"P059",2,4,"thrilled_enthusiastic",0,1,0,0,0,0,0,0,3,5,4,4,3,2,1,1,6,5,0,NA,NA,3.6,4,3.25,3,2.77777777777778,3
1,2,"P060",-1,2.5,"bored_lethargic",0,0,0,0,0,0,1,0,2,3,2,3,1,0,3,1,1,1,1,"work",-3,1.8,2,1.5,2,3,3
2,1,"P060",1,3.5,"calm_relaxed",0,0,1,0,0,0,0,0,1,1,1,1,2,0,3,4,4,5,0,NA,NA,1,1,4,4,4.55555555555556,5
3,1,"P060",2,4,"accomplished_productive",0,0,0,1,0,0,0,0,1,1,1,1,0,0,3,5,5,4,0,NA,NA,0.6,1,4.25,4,4.88888888888889,5
4,2,"P060",1,3.5,"joyful_happy accomplished_productive",1,0,0,1,0,0,0,0,1,1,1,0,3,0,3,4,4,4,0,NA,NA,1,1,3.75,4,4.44444444444444,4
5,1,"P060",2,4,"joyful_happy",1,0,0,0,0,0,0,0,0,0,0,0,2,0,3,5,5,5,0,NA,NA,0.4,0,4.5,5,5.11111111111111,5
6,2,"P060",3,4.5,"joyful_happy",1,0,0,0,0,0,0,0,1,1,0,0,2,0,3,5,5,5,0,NA,NA,0.6,1,4.5,5,5,5
7,1,"P060",0,3,"upset_angry irritated_frustrated",0,0,0,0,1,0,0,1,2,4,3,4,2,0,3,3,2,2,1,"home",-1,2.6,3,2.5,3,3,3
8,1,"P060",0,3,"calm_relaxed upset_angry",0,0,1,0,1,0,0,0,1,1,1,1,2,0,3,3,3,3,0,NA,NA,1,1,3,3,4.11111111111111,4
9,2,"P060",0,3,"accomplished_productive",0,0,0,1,0,0,0,0,1,1,1,1,2,0,3,4,4,3,0,NA,NA,1,1,3.5,4,4.33333333333333,4
10,2,"P060",-2,2,"exhausted_tired irritated_frustrated",0,0,0,0,0,1,0,1,2,4,4,3,2,0,3,1,1,3,1,"work",-3,2.6,3,2,2,2.77777777777778,3
11,1,"P060",0,3,"calm_relaxed exhausted_tired",0,0,1,0,0,1,0,0,2,3,3,2,3,0,3,3,3,3,0,NA,NA,2.2,2,3,3,3.44444444444444,3
12,2,"P060",0,3,"calm_relaxed exhausted_tired",0,0,1,0,0,1,0,0,1,2,2,2,2,0,3,4,3,3,0,NA,NA,1.6,2,3.25,3,3.88888888888889,4
13,1,"P060",0,3,"joyful_happy upset_angry",1,0,0,0,1,0,0,0,1,1,4,1,2,0,3,3,3,3,0,NA,NA,1.6,2,3,3,3.77777777777778,4
14,2,"P060",1,3.5,"joyful_happy",1,0,0,0,0,0,0,0,1,1,1,0,2,0,3,4,4,4,0,NA,NA,0.8,1,3.75,4,4.55555555555556,5
15,1,"P060",-2,2,"upset_angry exhausted_tired",0,0,0,0,1,1,0,0,1,2,1,1,2,0,3,2,2,2,1,"other",-2,1.2,1,2.25,2,3.66666666666667,4
16,2,"P060",0,3,"calm_relaxed upset_angry",0,0,1,0,1,0,0,0,1,1,0,1,2,0,3,2,2,2,0,NA,NA,0.8,1,2.25,2,3.88888888888889,4
17,1,"P060",0,3,"calm_relaxed upset_angry",0,0,1,0,1,0,0,0,1,1,1,0,2,0,3,3,3,3,0,NA,NA,0.8,1,3,3,4.22222222222222,4
18,1,"P060",2,4,"calm_relaxed accomplished_productive",0,0,1,1,0,0,0,0,0,0,0,0,2,0,3,4,4,4,0,NA,NA,0.4,0,3.75,4,4.77777777777778,5
19,1,"P060",0,3,"calm_relaxed",0,0,1,0,0,0,0,0,0,0,0,0,3,0,3,3,3,3,0,NA,NA,0.6,1,3,3,4.33333333333333,4
20,1,"P060",1,3.5,"thrilled_enthusiastic calm_relaxed",0,1,1,0,0,0,0,0,0,0,0,0,3,0,3,4,4,4,0,NA,NA,0.6,1,3.75,4,4.66666666666667,5
21,2,"P060",1,3.5,"calm_relaxed",0,0,1,0,0,0,0,0,0,0,0,0,3,0,3,3,3,3,0,NA,NA,0.6,1,3,3,4.33333333333333,4
22,2,"P060",0,3,"calm_relaxed",0,0,1,0,0,0,0,0,0,0,1,0,3,0,3,3,3,3,0,NA,NA,0.8,1,3,3,4.22222222222222,4
23,1,"P060",1,3.5,"joyful_happy calm_relaxed",1,0,1,0,0,0,0,0,0,0,0,0,3,0,3,4,4,4,0,NA,NA,0.6,1,3.75,4,4.66666666666667,5
24,1,"P060",1,3.5,"calm_relaxed",0,0,1,0,0,0,0,0,0,0,0,0,3,0,3,3,4,4,0,NA,NA,0.6,1,3.5,4,4.55555555555556,5
25,2,"P060",0,3,"calm_relaxed",0,0,1,0,0,0,0,0,1,1,1,1,3,0,3,3,3,3,0,NA,NA,1.2,1,3,3,4,4
26,1,"P060",1,3.5,"calm_relaxed",0,0,1,0,0,0,0,0,1,1,0,0,3,0,3,4,4,5,0,NA,NA,0.8,1,4,4,4.66666666666667,5
27,1,"P060",0,3,"calm_relaxed upset_angry",0,0,1,0,1,0,0,0,1,1,1,1,3,0,3,3,3,4,0,NA,NA,1.2,1,3.25,3,4.11111111111111,4
28,2,"P060",1,3.5,"calm_relaxed",0,0,1,0,0,0,0,0,0,0,0,0,3,0,3,4,4,4,0,NA,NA,0.6,1,3.75,4,4.66666666666667,5
29,1,"P060",0,3,"upset_angry",0,0,0,0,1,0,0,0,1,2,2,2,2,0,3,3,3,3,1,"home",-6,1.6,2,3,3,3.77777777777778,4
30,1,"P060",1,3.5,"calm_relaxed",0,0,1,0,0,0,0,0,1,1,1,0,2,0,3,3,3,3,0,NA,NA,0.8,1,3,3,4.22222222222222,4
1,1,"P061",3,4.5,"joyful_happy thrilled_enthusiastic calm_relaxed upset_angry",1,1,1,0,1,0,0,0,2,3,0,3,0,0,6,5,6,6,1,"friends",-2,1.2,1,5.75,6,5.22222222222222,5
2,2,"P061",0,3,"joyful_happy thrilled_enthusiastic calm_relaxed accomplished_productive upset_angry exhausted_tired irritated_frustrated",1,1,1,1,1,1,0,1,3,5,1,6,0,0,6,5,5,5,1,"home",5,2.4,2,5.25,5,4.33333333333333,4
3,2,"P061",4,5,"joyful_happy accomplished_productive",1,0,0,1,0,0,0,0,1,1,1,0,0,0,6,6,6,6,0,NA,NA,0.4,0,6,6,5.77777777777778,6
4,1,"P061",-4,1,"upset_angry irritated_frustrated",0,0,0,0,1,0,0,1,3,6,6,6,0,0,2,1,0,0,1,"other",-5,3.6,4,0.75,1,1.66666666666667,2
5,2,"P061",3,4.5,"joyful_happy thrilled_enthusiastic calm_relaxed accomplished_productive",1,1,1,1,0,0,0,0,1,1,1,1,0,0,6,5,6,5,0,NA,NA,0.6,1,5.5,6,5.44444444444444,5
6,1,"P061",0,3,"joyful_happy thrilled_enthusiastic upset_angry irritated_frustrated",1,1,0,0,1,0,0,1,2,4,4,4,0,0,3,3,3,3,1,"home",5,2.4,2,3,3,3.33333333333333,3
7,1,"P061",5,5.5,"joyful_happy thrilled_enthusiastic accomplished_productive exhausted_tired",1,1,0,1,0,1,0,0,1,1,1,1,0,0,6,6,6,6,0,NA,NA,0.6,1,6,6,5.66666666666667,6
8,1,"P061",6,6,"joyful_happy thrilled_enthusiastic calm_relaxed accomplished_productive",1,1,1,1,0,0,0,0,0,0,0,0,0,0,6,6,6,6,0,NA,NA,0,0,6,6,6,6
9,1,"P061",2,4,"calm_relaxed exhausted_tired bored_lethargic irritated_frustrated",0,0,1,0,0,1,1,1,1,2,2,2,0,4,2,2,3,1,0,NA,NA,2,2,2,2,3.11111111111111,3
10,1,"P061",0,3,"exhausted_tired",0,0,0,0,0,1,0,0,0,0,0,0,0,0,3,3,3,3,0,NA,NA,0,0,3,3,4.66666666666667,5
11,1,"P061",0,3,"joyful_happy upset_angry",1,0,0,0,1,0,0,0,1,2,2,4,0,0,3,3,3,3,1,"friends",-3,1.6,2,3,3,3.77777777777778,4
12,1,"P061",4,5,"joyful_happy thrilled_enthusiastic exhausted_tired",1,1,0,0,0,1,0,0,0,0,0,0,0,0,6,5,5,5,0,NA,NA,0,0,5.25,5,5.66666666666667,6
13,2,"P061",0,3,"calm_relaxed",0,0,1,0,0,0,0,0,0,0,0,0,0,0,3,3,3,3,0,NA,NA,0,0,3,3,4.66666666666667,5
14,1,"P061",4,5,"joyful_happy calm_relaxed",1,0,1,0,0,0,0,0,0,0,0,0,0,0,6,6,6,6,0,NA,NA,0,0,6,6,6,6
15,1,"P061",2,4,"calm_relaxed",0,0,1,0,0,0,0,0,0,0,0,0,0,0,3,3,3,3,0,NA,NA,0,0,3,3,4.66666666666667,5
16,1,"P061",0,3,"calm_relaxed",0,0,1,0,0,0,0,0,0,0,0,0,0,0,3,3,3,4,0,NA,NA,0,0,3.25,3,4.77777777777778,5
17,1,"P061",4,5,"joyful_happy calm_relaxed accomplished_productive",1,0,1,1,0,0,0,0,0,0,0,0,2,0,5,5,5,6,0,NA,NA,0.4,0,5.25,5,5.44444444444444,5
18,1,"P061",2,4,"joyful_happy exhausted_tired irritated_frustrated",1,0,0,0,0,1,0,1,1,1,1,1,4,0,3,3,3,3,1,"work",3,1.4,1,3,3,3.88888888888889,4
19,2,"P061",4,5,"joyful_happy thrilled_enthusiastic accomplished_productive exhausted_tired",1,1,0,1,0,1,0,0,0,0,0,0,5,0,6,6,6,6,0,NA,NA,1,1,6,6,5.44444444444444,5
20,1,"P061",4,5,"joyful_happy exhausted_tired",1,0,0,0,0,1,0,0,0,0,0,0,2,0,3,3,3,3,0,NA,NA,0.4,0,3,3,4.44444444444444,4
21,2,"P061",0,3,"calm_relaxed bored_lethargic",0,0,1,0,0,0,1,0,0,0,1,0,0,0,3,3,3,4,1,"other",-1,0.2,0,3.25,3,4.66666666666667,5
22,1,"P061",2,4,"calm_relaxed accomplished_productive",0,0,1,1,0,0,0,0,0,0,3,0,0,0,3,5,5,5,0,NA,NA,0.6,1,4.5,5,5,5
23,2,"P061",4,5,"joyful_happy accomplished_productive",1,0,0,1,0,0,0,0,0,0,0,0,0,0,6,6,6,6,0,NA,NA,0,0,6,6,6,6
24,1,"P061",2,4,"accomplished_productive",0,0,0,1,0,0,0,0,0,0,0,0,0,0,4,5,4,5,0,NA,NA,0,0,4.5,5,5.33333333333333,5
25,2,"P061",1,3.5,"bored_lethargic",0,0,0,0,0,0,1,0,0,0,0,0,0,0,3,3,3,3,0,NA,NA,0,0,3,3,4.66666666666667,5
26,1,"P061",4,5,"joyful_happy accomplished_productive",1,0,0,1,0,0,0,0,0,0,0,0,0,0,5,5,6,4,0,NA,NA,0,0,5,5,5.55555555555556,6
27,1,"P061",3,4.5,"joyful_happy accomplished_productive irritated_frustrated",1,0,0,1,0,0,0,1,0,0,1,0,0,0,4,4,4,4,0,NA,NA,0.2,0,4,4,5,5
28,1,"P061",4,5,"joyful_happy thrilled_enthusiastic exhausted_tired",1,1,0,0,0,1,0,0,0,0,0,0,0,0,5,5,5,4,0,NA,NA,0,0,4.75,5,5.44444444444444,5
29,2,"P061",5,5.5,"joyful_happy calm_relaxed",1,0,1,0,0,0,0,0,0,0,0,0,0,0,5,6,5,5,0,NA,NA,0,0,5.25,5,5.66666666666667,6
30,2,"P061",3,4.5,"joyful_happy thrilled_enthusiastic",1,1,0,0,0,0,0,0,0,0,0,0,0,0,4,4,4,4,0,NA,NA,0,0,4,4,5.11111111111111,5
1,1,"P062",4,5,"thrilled_enthusiastic",0,1,0,0,0,0,0,0,3,5,4,6,4,5,4,5,4,6,0,NA,NA,4.8,5,4.75,5,2.77777777777778,3
2,1,"P062",6,6,"exhausted_tired",0,0,0,0,0,1,0,0,3,5,4,4,6,5,3,5,4,6,0,NA,NA,4.8,5,4.5,5,2.66666666666667,3
3,2,"P062",4,5,"bored_lethargic",0,0,0,0,0,0,1,0,3,6,4,4,6,4,6,5,5,6,0,NA,NA,4.8,5,5.5,6,3.11111111111111,3
4,1,"P062",6,6,"irritated_frustrated",0,0,0,0,0,0,0,1,3,5,4,2,5,4,5,3,4,5,0,NA,NA,4,4,4.25,4,3,3
5,1,"P062",6,6,"irritated_frustrated",0,0,0,0,0,0,0,1,3,5,1,6,4,5,3,6,4,5,0,NA,NA,4.2,4,4.5,5,3,3
6,1,"P062",5,5.5,"upset_angry",0,0,0,0,1,0,0,0,2,4,5,4,5,4,5,4,6,5,0,NA,NA,4.4,4,5,5,3.11111111111111,3
7,1,"P062",6,6,"joyful_happy",1,0,0,0,0,0,0,0,0,0,5,3,6,4,5,4,5,4,0,NA,NA,3.6,4,4.5,5,3.33333333333333,3
8,2,"P062",4,5,"calm_relaxed",0,0,1,0,0,0,0,0,2,4,5,4,6,4,5,4,2,5,0,NA,NA,4.6,5,4,4,2.55555555555556,3
9,1,"P062",4,5,"calm_relaxed",0,0,1,0,0,0,0,0,3,6,1,5,3,4,4,2,5,4,0,NA,NA,3.8,4,3.75,4,2.88888888888889,3
10,2,"P062",5,5.5,"upset_angry",0,0,0,0,1,0,0,0,2,3,4,3,1,5,1,5,2,5,0,NA,NA,3.2,3,3.25,3,3,3
11,2,"P062",4,5,"exhausted_tired",0,0,0,0,0,1,0,0,3,5,1,5,2,5,1,4,6,4,0,NA,NA,3.6,4,3.75,4,3,3
12,2,"P062",4,5,"exhausted_tired",0,0,0,0,0,1,0,0,3,6,1,5,5,4,5,4,6,5,0,NA,NA,4.2,4,5,5,3.22222222222222,3
13,2,"P062",4,5,"bored_lethargic",0,0,0,0,0,0,1,0,2,3,4,5,6,4,5,1,5,4,0,NA,NA,4.4,4,3.75,4,2.55555555555556,3
14,2,"P062",4,5,"upset_angry",0,0,0,0,1,0,0,0,3,5,1,5,2,5,2,5,4,5,0,NA,NA,3.6,4,4,4,3.11111111111111,3
15,1,"P062",5,5.5,"bored_lethargic",0,0,0,0,0,0,1,0,3,5,4,5,1,5,4,4,1,5,0,NA,NA,4,4,3.5,4,2.66666666666667,3
16,1,"P062",4,5,"exhausted_tired",0,0,0,0,0,1,0,0,1,1,5,4,1,5,1,4,4,3,0,NA,NA,3.2,3,3,3,2.88888888888889,3
17,1,"P062",4,5,"exhausted_tired",0,0,0,0,0,1,0,0,1,1,5,4,2,4,2,6,2,5,0,NA,NA,3.2,3,3.75,4,3.22222222222222,3
18,1,"P062",3,4.5,"bored_lethargic",0,0,0,0,0,0,1,0,3,5,1,5,2,5,1,5,5,4,0,NA,NA,3.6,4,3.75,4,3,3
19,1,"P062",4,5,"exhausted_tired",0,0,0,0,0,1,0,0,3,5,4,5,4,1,4,4,2,4,0,NA,NA,3.8,4,3.5,4,2.77777777777778,3
20,2,"P062",4,5,"exhausted_tired",0,0,0,0,0,1,0,0,2,4,5,2,1,4,1,4,2,4,0,NA,NA,3.2,3,2.75,3,2.77777777777778,3
21,1,"P062",3,4.5,"upset_angry",0,0,0,0,1,0,0,0,2,4,1,5,2,4,2,4,2,5,0,NA,NA,3.2,3,3.25,3,3,3
22,2,"P062",4,5,"exhausted_tired",0,0,0,0,0,1,0,0,3,5,4,1,5,1,4,2,5,2,0,NA,NA,3.2,3,3.25,3,3,3
23,2,"P062",3,4.5,"exhausted_tired",0,0,0,0,0,1,0,0,2,4,2,4,1,5,2,4,3,4,0,NA,NA,3.2,3,3.25,3,3,3
24,1,"P062",4,5,"thrilled_enthusiastic",0,1,0,0,0,0,0,0,3,5,1,4,4,2,5,2,4,3,0,NA,NA,3.2,3,3.5,4,3.11111111111111,3
25,2,"P062",4,5,"exhausted_tired",0,0,0,0,0,1,0,0,3,5,0,4,4,5,3,5,1,5,0,NA,NA,3.6,4,3.5,4,2.88888888888889,3
26,1,"P062",2,4,"accomplished_productive",0,0,0,1,0,0,0,0,1,2,4,3,1,3,4,2,4,1,0,NA,NA,2.6,3,2.75,3,3.11111111111111,3
27,1,"P062",4,5,"upset_angry",0,0,0,0,1,0,0,0,3,5,5,2,5,2,5,2,5,2,0,NA,NA,3.8,4,3.5,4,2.77777777777778,3
28,2,"P062",4,5,"exhausted_tired",0,0,0,0,0,1,0,0,3,5,1,5,4,5,4,5,3,1,0,NA,NA,4,4,3.25,3,2.55555555555556,3
29,1,"P062",3,4.5,"upset_angry",0,0,0,0,1,0,0,0,3,5,0,4,3,4,2,5,3,6,0,NA,NA,3.2,3,4,4,3.33333333333333,3
30,2,"P062",4,5,"upset_angry",0,0,0,0,1,0,0,0,3,5,1,5,4,6,1,5,1,6,0,NA,NA,4.2,4,3.25,3,2.44444444444444,2
1,2,"P063",1,3.5,"calm_relaxed",0,0,1,0,0,0,0,0,0,0,0,0,1,0,3,4,4,1,0,NA,NA,0.2,0,3,3,4.55555555555556,5
2,2,"P063",2,4,"accomplished_productive",0,0,0,1,0,0,0,0,0,0,0,0,1,0,5,6,5,1,0,NA,NA,0.2,0,4.25,4,5.11111111111111,5
3,2,"P063",0,3,"accomplished_productive",0,0,0,1,0,0,0,0,1,1,0,1,2,0,4,4,5,3,0,NA,NA,0.8,1,4,4,4.66666666666667,5
4,1,"P063",0,3,"accomplished_productive",0,0,0,1,0,0,0,0,1,2,1,3,5,0,4,5,4,3,1,"work",0,2.2,2,4,4,3.88888888888889,4
5,1,"P063",3,4.5,"accomplished_productive",0,0,0,1,0,0,0,0,1,1,1,0,1,0,5,5,5,4,0,NA,NA,0.6,1,4.75,5,5.11111111111111,5
6,2,"P063",3,4.5,"thrilled_enthusiastic",0,1,0,0,0,0,0,0,0,0,0,0,0,0,5,4,5,4,0,NA,NA,0,0,4.5,5,5.33333333333333,5
7,1,"P063",6,6,"joyful_happy",1,0,0,0,0,0,0,0,1,1,1,0,1,0,6,6,6,6,0,NA,NA,0.6,1,6,6,5.66666666666667,6
8,2,"P063",5,5.5,"thrilled_enthusiastic",0,1,0,0,0,0,0,0,0,0,0,0,0,0,5,6,6,6,0,NA,NA,0,0,5.75,6,5.88888888888889,6
9,2,"P063",5,5.5,"thrilled_enthusiastic",0,1,0,0,0,0,0,0,1,1,1,1,0,1,6,6,6,6,0,NA,NA,0.8,1,6,6,5.55555555555556,6
10,1,"P063",2,4,"accomplished_productive",0,0,0,1,0,0,0,0,1,1,0,0,1,0,5,6,5,2,0,NA,NA,0.4,0,4.5,5,5.11111111111111,5
11,1,"P063",1,3.5,"upset_angry",0,0,0,0,1,0,0,0,1,1,1,4,4,4,3,3,3,3,0,NA,NA,2.8,3,3,3,3.11111111111111,3
12,1,"P063",-1,2.5,"upset_angry",0,0,0,0,1,0,0,0,2,4,4,3,4,1,6,2,2,2,1,"work",1,3.2,3,3,3,2.88888888888889,3
13,2,"P063",5,5.5,"joyful_happy",1,0,0,0,0,0,0,0,0,0,0,0,0,0,6,6,6,6,0,NA,NA,0,0,6,6,6,6
14,2,"P063",4,5,"joyful_happy",1,0,0,0,0,0,0,0,0,0,0,0,0,0,6,5,6,6,0,NA,NA,0,0,5.75,6,5.88888888888889,6
15,1,"P063",0,3,"upset_angry",0,0,0,0,1,0,0,0,1,2,0,2,0,0,6,4,2,5,0,NA,NA,0.8,1,4.25,4,4.77777777777778,5
16,2,"P063",0,3,"joyful_happy",1,0,0,0,0,0,0,0,0,0,0,0,0,0,6,5,5,6,0,NA,NA,0,0,5.5,6,5.77777777777778,6
17,2,"P063",1,3.5,"calm_relaxed",0,0,1,0,0,0,0,0,0,0,0,0,0,0,6,5,5,5,0,NA,NA,0,0,5.25,5,5.66666666666667,6
18,1,"P063",0,3,"accomplished_productive",0,0,0,1,0,0,0,0,0,0,0,0,0,0,5,5,5,3,0,NA,NA,0,0,4.5,5,5.33333333333333,5
19,1,"P063",2,4,"thrilled_enthusiastic",0,1,0,0,0,0,0,0,0,0,0,0,1,0,6,5,5,5,0,NA,NA,0.2,0,5.25,5,5.55555555555556,6
20,2,"P063",1,3.5,"joyful_happy",1,0,0,0,0,0,0,0,0,0,0,1,1,1,3,3,3,3,0,NA,NA,0.6,1,3,3,4.33333333333333,4
21,2,"P063",-1,2.5,"calm_relaxed",0,0,1,0,0,0,0,0,0,0,0,4,0,4,3,3,3,4,0,NA,NA,1.6,2,3.25,3,3.88888888888889,4
22,2,"P063",0,3,"calm_relaxed",0,0,1,0,0,0,0,0,0,0,0,0,0,0,3,3,3,3,0,NA,NA,0,0,3,3,4.66666666666667,5
23,1,"P063",1,3.5,"thrilled_enthusiastic",0,1,0,0,0,0,0,0,0,0,0,0,1,0,3,4,4,4,0,NA,NA,0.2,0,3.75,4,4.88888888888889,5
24,1,"P063",2,4,"thrilled_enthusiastic",0,1,0,0,0,0,0,0,0,0,0,0,5,0,5,6,5,4,0,NA,NA,1,1,5,5,5,5
25,2,"P063",0,3,"calm_relaxed",0,0,1,0,0,0,0,0,1,2,2,0,5,0,4,5,5,4,0,NA,NA,1.8,2,4.5,5,4.33333333333333,4
26,1,"P063",5,5.5,"joyful_happy",1,0,0,0,0,0,0,0,0,0,0,0,2,0,6,6,6,6,0,NA,NA,0.4,0,6,6,5.77777777777778,6
27,1,"P063",0,3,"calm_relaxed",0,0,1,0,0,0,0,0,0,0,0,0,0,0,3,3,3,3,0,NA,NA,0,0,3,3,4.66666666666667,5
28,1,"P063",1,3.5,"calm_relaxed",0,0,1,0,0,0,0,0,1,2,2,1,5,0,3,3,3,3,0,NA,NA,2,2,3,3,3.55555555555556,4
29,1,"P063",2,4,"joyful_happy",1,0,0,0,0,0,0,0,0,0,0,0,1,0,5,5,4,5,0,NA,NA,0.2,0,4.75,5,5.33333333333333,5
30,1,"P063",2,4,"accomplished_productive",0,0,0,1,0,0,0,0,0,0,0,0,1,0,3,3,3,3,0,NA,NA,0.2,0,3,3,4.55555555555556,5
1,1,"P064",1,3.5,"calm_relaxed",0,0,1,0,0,0,0,0,0,0,0,0,0,0,5,5,5,5,0,NA,NA,0,0,5,5,5.55555555555556,6
2,1,"P064",2,4,"joyful_happy calm_relaxed",1,0,1,0,0,0,0,0,0,0,0,0,0,0,5,5,5,5,0,NA,NA,0,0,5,5,5.55555555555556,6
3,2,"P064",4,5,"joyful_happy",1,0,0,0,0,0,0,0,0,0,0,1,0,0,5,5,5,5,0,NA,NA,0.2,0,5,5,5.44444444444444,5
4,1,"P064",2,4,"calm_relaxed exhausted_tired",0,0,1,0,0,1,0,0,0,0,0,0,1,0,5,4,4,4,0,NA,NA,0.2,0,4.25,4,5.11111111111111,5
5,2,"P064",-2,2,"exhausted_tired irritated_frustrated",0,0,0,0,0,1,0,1,1,2,2,1,0,0,2,1,2,2,1,"home",2,1,1,1.75,2,3.55555555555556,4
6,1,"P064",3,4.5,"calm_relaxed exhausted_tired",0,0,1,0,0,1,0,0,0,0,0,0,0,0,3,2,2,4,0,NA,NA,0,0,2.75,3,4.55555555555556,5
7,2,"P064",4,5,"joyful_happy calm_relaxed",1,0,1,0,0,0,0,0,0,0,0,0,0,0,5,5,5,5,0,NA,NA,0,0,5,5,5.55555555555556,6
8,1,"P064",3,4.5,"joyful_happy calm_relaxed",1,0,1,0,0,0,0,0,0,0,0,0,0,0,5,5,5,5,0,NA,NA,0,0,5,5,5.55555555555556,6
9,2,"P064",5,5.5,"joyful_happy",1,0,0,0,0,0,0,0,0,0,0,0,0,0,6,5,6,5,0,NA,NA,0,0,5.5,6,5.77777777777778,6
10,1,"P064",3,4.5,"calm_relaxed exhausted_tired",0,0,1,0,0,1,0,0,0,0,0,0,0,0,4,5,5,5,0,NA,NA,0,0,4.75,5,5.44444444444444,5
11,1,"P064",2,4,"calm_relaxed exhausted_tired",0,0,1,0,0,1,0,0,0,0,0,0,0,0,5,4,4,4,0,NA,NA,0,0,4.25,4,5.22222222222222,5
12,1,"P064",-1,2.5,"upset_angry exhausted_tired bored_lethargic",0,0,0,0,1,1,1,0,0,0,1,1,0,0,4,3,3,2,1,"home",2,0.4,0,3,3,4.44444444444444,4
13,2,"P064",3,4.5,"thrilled_enthusiastic calm_relaxed",0,1,1,0,0,0,0,0,0,0,0,0,0,0,5,5,5,5,0,NA,NA,0,0,5,5,5.55555555555556,6
14,1,"P064",2,4,"calm_relaxed bored_lethargic",0,0,1,0,0,0,1,0,0,0,0,0,0,0,5,5,5,4,0,NA,NA,0,0,4.75,5,5.44444444444444,5
15,2,"P064",2,4,"calm_relaxed",0,0,1,0,0,0,0,0,0,0,0,0,0,0,4,4,4,4,0,NA,NA,0,0,4,4,5.11111111111111,5
16,1,"P064",4,5,"joyful_happy calm_relaxed",1,0,1,0,0,0,0,0,0,0,0,0,0,0,5,5,5,5,0,NA,NA,0,0,5,5,5.55555555555556,6
17,2,"P064",2,4,"exhausted_tired bored_lethargic",0,0,0,0,0,1,1,0,1,1,0,0,0,0,3,3,2,2,0,NA,NA,0.2,0,2.5,3,4.33333333333333,4
19,1,"P064",3,4.5,"joyful_happy calm_relaxed accomplished_productive",1,0,1,1,0,0,0,0,0,0,0,0,0,0,5,6,5,5,0,NA,NA,0,0,5.25,5,5.66666666666667,6
20,1,"P064",3,4.5,"joyful_happy calm_relaxed",1,0,1,0,0,0,0,0,0,0,0,0,0,0,5,5,5,4,0,NA,NA,0,0,4.75,5,5.44444444444444,5
21,1,"P064",3,4.5,"joyful_happy calm_relaxed",1,0,1,0,0,0,0,0,0,0,0,0,0,0,5,4,4,5,0,NA,NA,0,0,4.5,5,5.33333333333333,5
22,2,"P064",3,4.5,"joyful_happy exhausted_tired",1,0,0,0,0,1,0,0,0,0,0,0,0,0,6,4,5,5,0,NA,NA,0,0,5,5,5.55555555555556,6
23,1,"P064",1,3.5,"joyful_happy exhausted_tired",1,0,0,0,0,1,0,0,0,0,0,0,1,0,5,4,4,5,0,NA,NA,0.2,0,4.5,5,5.22222222222222,5
24,1,"P064",4,5,"joyful_happy calm_relaxed accomplished_productive",1,0,1,1,0,0,0,0,0,0,0,0,0,0,5,6,6,5,0,NA,NA,0,0,5.5,6,5.77777777777778,6
25,2,"P064",4,5,"joyful_happy thrilled_enthusiastic",1,1,0,0,0,0,0,0,0,0,0,0,0,0,6,5,5,5,0,NA,NA,0,0,5.25,5,5.66666666666667,6
26,2,"P064",2,4,"calm_relaxed exhausted_tired",0,0,1,0,0,1,0,0,1,1,0,0,0,0,4,4,3,3,0,NA,NA,0.2,0,3.5,4,4.77777777777778,5
27,1,"P064",2,4,"exhausted_tired bored_lethargic",0,0,0,0,0,1,1,0,1,2,1,0,0,0,4,3,3,4,0,NA,NA,0.6,1,3.5,4,4.55555555555556,5
28,2,"P064",1,3.5,"calm_relaxed irritated_frustrated",0,0,1,0,0,0,0,1,1,2,1,0,0,0,4,3,2,3,0,NA,NA,0.6,1,3,3,4.33333333333333,4
29,2,"P064",3,4.5,"joyful_happy accomplished_productive",1,0,0,1,0,0,0,0,0,0,0,0,1,0,6,6,6,6,0,NA,NA,0.2,0,6,6,5.88888888888889,6
30,2,"P064",2,4,"calm_relaxed accomplished_productive",0,0,1,1,0,0,0,0,0,0,0,0,0,0,4,5,5,4,0,NA,NA,0,0,4.5,5,5.33333333333333,5
2,1,"P065",3,4.5,"exhausted_tired bored_lethargic",0,0,0,0,0,1,1,0,2,4,5,5,0,6,5,4,3,4,0,NA,NA,4,4,4,4,2.88888888888889,3
3,1,"P065",4,5,"accomplished_productive bored_lethargic",0,0,0,1,0,0,1,0,1,1,1,0,0,1,5,5,5,6,0,NA,NA,0.6,1,5.25,5,5.33333333333333,5
4,1,"P065",5,5.5,"joyful_happy calm_relaxed accomplished_productive",1,0,1,1,0,0,0,0,0,0,0,0,0,0,3,4,5,6,0,NA,NA,0,0,4.5,5,5.33333333333333,5
5,1,"P065",5,5.5,"joyful_happy exhausted_tired",1,0,0,0,0,1,0,0,0,0,0,1,0,0,5,2,4,2,0,NA,NA,0.2,0,3.25,3,4.66666666666667,5
6,2,"P065",5,5.5,"joyful_happy calm_relaxed accomplished_productive",1,0,1,1,0,0,0,0,0,0,0,1,0,0,4,5,6,6,0,NA,NA,0.2,0,5.25,5,5.55555555555556,6
7,2,"P065",6,6,"joyful_happy calm_relaxed",1,0,1,0,0,0,0,0,1,2,0,0,0,0,5,6,6,6,0,NA,NA,0.4,0,5.75,6,5.66666666666667,6
8,1,"P065",5,5.5,"joyful_happy accomplished_productive",1,0,0,1,0,0,0,0,0,0,0,0,0,0,4,5,6,6,0,NA,NA,0,0,5.25,5,5.66666666666667,6
9,1,"P065",4,5,"calm_relaxed upset_angry",0,0,1,0,1,0,0,0,0,0,1,1,0,1,3,4,4,4,0,NA,NA,0.6,1,3.75,4,4.66666666666667,5
10,1,"P065",5,5.5,"joyful_happy thrilled_enthusiastic",1,1,0,0,0,0,0,0,0,0,0,1,0,0,5,5,6,6,0,NA,NA,0.2,0,5.5,6,5.66666666666667,6
11,1,"P065",6,6,"joyful_happy thrilled_enthusiastic calm_relaxed",1,1,1,0,0,0,0,0,0,0,0,0,0,0,6,5,6,6,0,NA,NA,0,0,5.75,6,5.88888888888889,6
12,1,"P065",5,5.5,"joyful_happy upset_angry",1,0,0,0,1,0,0,0,0,0,1,1,0,0,3,5,5,5,0,NA,NA,0.4,0,4.5,5,5.11111111111111,5
13,2,"P065",5,5.5,"joyful_happy exhausted_tired",1,0,0,0,0,1,0,0,2,3,4,1,0,1,5,4,5,6,0,NA,NA,1.8,2,5,5,4.55555555555556,5
14,1,"P065",3,4.5,"joyful_happy exhausted_tired",1,0,0,0,0,1,0,0,1,1,0,0,0,0,5,4,5,5,0,NA,NA,0.2,0,4.75,5,5.33333333333333,5
15,1,"P065",5,5.5,"joyful_happy accomplished_productive",1,0,0,1,0,0,0,0,1,1,0,0,0,0,5,6,5,6,0,NA,NA,0.2,0,5.5,6,5.66666666666667,6
16,1,"P065",5,5.5,"joyful_happy exhausted_tired",1,0,0,0,0,1,0,0,0,0,0,0,0,0,4,5,5,5,0,NA,NA,0,0,4.75,5,5.44444444444444,5
17,1,"P065",5,5.5,"joyful_happy exhausted_tired bored_lethargic",1,0,0,0,0,1,1,0,1,1,4,2,0,1,4,2,3,3,0,NA,NA,1.6,2,3,3,3.77777777777778,4
18,1,"P065",5,5.5,"joyful_happy accomplished_productive bored_lethargic",1,0,0,1,0,0,1,0,1,1,1,0,0,0,5,6,6,6,0,NA,NA,0.4,0,5.75,6,5.66666666666667,6
19,2,"P065",1,3.5,"upset_angry exhausted_tired bored_lethargic irritated_frustrated",0,0,0,0,1,1,1,1,2,4,5,4,0,0,4,1,3,2,0,NA,NA,2.6,3,2.5,3,3,3
20,2,"P065",5,5.5,"accomplished_productive exhausted_tired",0,0,0,1,0,1,0,0,2,3,0,1,0,0,4,5,5,5,0,NA,NA,0.8,1,4.75,5,5,5
21,1,"P065",5,5.5,"joyful_happy exhausted_tired bored_lethargic",1,0,0,0,0,1,1,0,1,1,1,1,0,1,2,4,4,6,0,NA,NA,0.8,1,4,4,4.66666666666667,5
22,2,"P065",5,5.5,"joyful_happy calm_relaxed exhausted_tired",1,0,1,0,0,1,0,0,0,0,0,0,0,0,6,4,6,6,0,NA,NA,0,0,5.5,6,5.77777777777778,6
23,2,"P065",5,5.5,"joyful_happy exhausted_tired bored_lethargic irritated_frustrated",1,0,0,0,0,1,1,1,2,3,1,0,0,0,4,5,5,5,0,NA,NA,0.8,1,4.75,5,5,5
24,1,"P065",4,5,"exhausted_tired bored_lethargic irritated_frustrated",0,0,0,0,0,1,1,1,1,2,1,3,0,4,2,3,3,3,0,NA,NA,2,2,2.75,3,3.44444444444444,3
25,1,"P065",5,5.5,"joyful_happy thrilled_enthusiastic exhausted_tired",1,1,0,0,0,1,0,0,0,0,0,0,0,0,4,3,6,3,0,NA,NA,0,0,4,4,5.11111111111111,5
26,2,"P065",3,4.5,"accomplished_productive exhausted_tired irritated_frustrated",0,0,0,1,0,1,0,1,3,5,5,2,0,0,3,5,4,4,0,NA,NA,2.4,2,4,4,3.77777777777778,4
27,2,"P065",4,5,"exhausted_tired bored_lethargic",0,0,0,0,0,1,1,0,2,3,3,3,0,1,4,5,5,3,0,NA,NA,2,2,4.25,4,4.11111111111111,4
28,1,"P065",4,5,"exhausted_tired",0,0,0,0,0,1,0,0,3,5,1,1,0,0,0,3,4,2,0,NA,NA,1.4,1,2.25,2,3.55555555555556,4
29,2,"P065",5,5.5,"joyful_happy calm_relaxed upset_angry bored_lethargic",1,0,1,0,1,0,1,0,1,1,1,0,0,0,4,4,4,6,0,NA,NA,0.4,0,4.5,5,5.11111111111111,5
30,2,"P065",4,5,"exhausted_tired",0,0,0,0,0,1,0,0,1,1,1,1,0,4,4,2,3,2,0,NA,NA,1.4,1,2.75,3,3.77777777777778,4
1,1,"P066",1,3.5,"upset_angry exhausted_tired bored_lethargic irritated_frustrated",0,0,0,0,1,1,1,1,2,4,4,5,6,5,5,5,1,2,1,"other",2,4.8,5,3.25,3,2.11111111111111,2
2,1,"P066",1,3.5,"exhausted_tired bored_lethargic irritated_frustrated",0,0,0,0,0,1,1,1,1,2,2,4,3,6,1,1,1,4,1,"other",2,3.4,3,1.75,2,2.22222222222222,2
3,1,"P066",5,5.5,"accomplished_productive exhausted_tired bored_lethargic irritated_frustrated",0,0,0,1,0,1,1,1,2,4,5,4,6,4,5,4,4,5,1,"friends",5,4.6,5,4.5,5,2.77777777777778,3
4,2,"P066",1,3.5,"upset_angry exhausted_tired irritated_frustrated",0,0,0,0,1,1,0,1,2,3,4,5,5,5,4,3,4,1,0,NA,NA,4.4,4,3,3,2.22222222222222,2
5,1,"P066",2,4,"exhausted_tired",0,0,0,0,0,1,0,0,2,4,4,5,6,5,2,2,2,1,0,NA,NA,4.8,5,1.75,2,1.44444444444444,1
6,1,"P066",2,4,"exhausted_tired",0,0,0,0,0,1,0,0,2,4,4,5,6,4,2,4,4,4,0,NA,NA,4.6,5,3.5,4,2.33333333333333,2
7,1,"P066",2,4,"exhausted_tired irritated_frustrated",0,0,0,0,0,1,0,1,2,4,4,6,6,4,4,4,4,4,0,NA,NA,4.8,5,4,4,2.44444444444444,2
8,1,"P066",2,4,"exhausted_tired",0,0,0,0,0,1,0,0,2,4,4,5,6,5,5,5,5,5,0,NA,NA,4.8,5,5,5,2.88888888888889,3
9,1,"P066",2,4,"upset_angry exhausted_tired bored_lethargic irritated_frustrated",0,0,0,0,1,1,1,1,2,4,5,6,6,5,5,4,0,2,0,NA,NA,5.2,5,2.75,3,1.66666666666667,2
10,2,"P066",3,4.5,"upset_angry exhausted_tired",0,0,0,0,1,1,0,0,2,4,4,5,6,4,4,4,4,5,0,NA,NA,4.6,5,4.25,4,2.66666666666667,3
11,2,"P066",2,4,"exhausted_tired",0,0,0,0,0,1,0,0,2,4,4,6,6,6,0,0,0,0,0,NA,NA,5.2,5,0,0,0.444444444444444,0
12,1,"P066",3,4.5,"exhausted_tired",0,0,0,0,0,1,0,0,2,4,4,5,6,5,4,2,4,4,0,NA,NA,4.8,5,3.5,4,2.22222222222222,2
13,2,"P066",3,4.5,"calm_relaxed exhausted_tired",0,0,1,0,0,1,0,0,2,4,4,4,6,5,5,1,2,4,0,NA,NA,4.6,5,3,3,2.11111111111111,2
14,2,"P066",3,4.5,"upset_angry bored_lethargic",0,0,0,0,1,0,1,0,3,5,4,5,6,5,5,4,4,4,0,NA,NA,5,5,4.25,4,2.44444444444444,2
15,1,"P066",2,4,"upset_angry exhausted_tired",0,0,0,0,1,1,0,0,2,4,5,4,6,4,5,5,4,4,0,NA,NA,4.6,5,4.5,5,2.77777777777778,3
16,1,"P066",3,4.5,"exhausted_tired irritated_frustrated",0,0,0,0,0,1,0,1,2,4,5,5,6,5,5,5,5,5,0,NA,NA,5,5,5,5,2.77777777777778,3
17,1,"P066",3,4.5,"joyful_happy upset_angry exhausted_tired bored_lethargic irritated_frustrated",1,0,0,0,1,1,1,1,2,4,5,5,6,4,4,5,4,5,0,NA,NA,4.8,5,4.5,5,2.66666666666667,3
18,1,"P066",4,5,"calm_relaxed exhausted_tired",0,0,1,0,0,1,0,0,2,4,4,5,6,4,4,4,4,4,1,"home",4,4.6,5,4,4,2.55555555555556,3
19,1,"P066",2,4,"upset_angry exhausted_tired",0,0,0,0,1,1,0,0,2,4,4,6,6,5,2,2,2,2,0,NA,NA,5,5,2,2,1.44444444444444,1
20,2,"P066",3,4.5,"exhausted_tired bored_lethargic",0,0,0,0,0,1,1,0,2,4,4,5,6,5,4,4,4,4,0,NA,NA,4.8,5,4,4,2.44444444444444,2
21,2,"P066",3,4.5,"upset_angry bored_lethargic",0,0,0,0,1,0,1,0,2,4,4,5,6,5,5,5,5,5,0,NA,NA,4.8,5,5,5,2.88888888888889,3
22,2,"P066",2,4,"upset_angry bored_lethargic",0,0,0,0,1,0,1,0,2,4,5,4,6,5,4,5,4,4,0,NA,NA,4.8,5,4.25,4,2.55555555555556,3
23,1,"P066",3,4.5,"exhausted_tired",0,0,0,0,0,1,0,0,2,4,4,5,6,4,4,4,5,5,0,NA,NA,4.6,5,4.5,5,2.77777777777778,3
24,1,"P066",2,4,"exhausted_tired",0,0,0,0,0,1,0,0,2,4,5,5,6,5,5,4,4,4,0,NA,NA,5,5,4.25,4,2.44444444444444,2
25,2,"P066",3,4.5,"upset_angry",0,0,0,0,1,0,0,0,2,4,5,4,5,1,5,5,5,6,1,"home",4,3.8,4,5.25,5,3.55555555555556,4
26,2,"P066",1,3.5,"upset_angry exhausted_tired bored_lethargic irritated_frustrated",0,0,0,0,1,1,1,1,2,4,5,6,6,5,5,1,1,1,0,NA,NA,5.2,5,2,2,1.33333333333333,1
27,2,"P066",1,3.5,"upset_angry exhausted_tired bored_lethargic",0,0,0,0,1,1,1,0,2,4,4,4,6,5,4,4,4,4,0,NA,NA,4.6,5,4,4,2.55555555555556,3
28,2,"P066",3,4.5,"calm_relaxed upset_angry exhausted_tired bored_lethargic irritated_frustrated",0,0,1,0,1,1,1,1,2,4,5,5,6,5,5,4,4,4,0,NA,NA,5,5,4.25,4,2.44444444444444,2
29,2,"P066",3,4.5,"accomplished_productive upset_angry exhausted_tired bored_lethargic irritated_frustrated",0,0,0,1,1,1,1,1,2,4,5,5,6,5,5,4,4,5,0,NA,NA,5,5,4.5,5,2.55555555555556,3
30,2,"P066",2,4,"upset_angry exhausted_tired",0,0,0,0,1,1,0,0,2,4,5,4,6,5,4,4,4,4,0,NA,NA,4.8,5,4,4,2.44444444444444,2
1,2,"P067",4,5,"joyful_happy calm_relaxed accomplished_productive",1,0,1,1,0,0,0,0,1,1,0,0,3,0,6,6,6,6,0,NA,NA,0.8,1,6,6,5.55555555555556,6
2,1,"P067",-1,2.5,"accomplished_productive upset_angry exhausted_tired",0,0,0,1,1,1,0,0,2,4,1,5,6,0,3,6,4,6,1,"other",-2,3.2,3,4.75,5,3.66666666666667,4
3,2,"P067",1,3.5,"upset_angry irritated_frustrated",0,0,0,0,1,0,0,1,2,4,4,4,6,1,3,4,2,3,0,NA,NA,3.8,4,3,3,2.55555555555556,3
4,2,"P067",2,4,"joyful_happy upset_angry bored_lethargic irritated_frustrated",1,0,0,0,1,0,1,1,2,4,1,0,6,0,6,2,1,1,0,NA,NA,2.2,2,2.5,3,3.22222222222222,3
5,1,"P067",-3,1.5,"upset_angry exhausted_tired irritated_frustrated",0,0,0,0,1,1,0,1,2,4,4,5,6,0,4,2,4,4,0,NA,NA,3.8,4,3.5,4,2.77777777777778,3
6,2,"P067",2,4,"joyful_happy calm_relaxed accomplished_productive",1,0,1,1,0,0,0,0,1,1,0,0,6,0,4,2,6,6,0,NA,NA,1.4,1,4.5,5,4.55555555555556,5
7,2,"P067",-4,1,"upset_angry exhausted_tired irritated_frustrated",0,0,0,0,1,1,0,1,3,6,5,6,6,0,4,0,0,0,0,NA,NA,4.6,5,1,1,1.22222222222222,1
8,1,"P067",-6,0,"upset_angry exhausted_tired bored_lethargic irritated_frustrated",0,0,0,0,1,1,1,1,3,6,6,6,6,6,0,0,0,0,1,"other",-6,6,6,0,0,0,0
9,2,"P067",-1,2.5,"upset_angry irritated_frustrated",0,0,0,0,1,0,0,1,3,6,5,4,4,0,3,1,0,0,0,NA,NA,3.8,4,1,1,1.66666666666667,2
10,2,"P067",5,5.5,"joyful_happy thrilled_enthusiastic accomplished_productive upset_angry",1,1,0,1,1,0,0,0,1,1,0,0,4,0,6,6,6,6,0,NA,NA,1,1,6,6,5.44444444444444,5
11,1,"P067",4,5,"joyful_happy calm_relaxed accomplished_productive",1,0,1,1,0,0,0,0,0,0,0,0,6,0,6,6,6,6,0,NA,NA,1.2,1,6,6,5.33333333333333,5
12,1,"P067",2,4,"calm_relaxed exhausted_tired bored_lethargic",0,0,1,0,0,1,1,0,0,0,0,0,6,0,3,6,6,3,0,NA,NA,1.2,1,4.5,5,4.66666666666667,5
13,1,"P067",-5,0.5,"upset_angry exhausted_tired irritated_frustrated",0,0,0,0,1,1,0,1,3,6,6,2,6,0,3,0,0,0,1,"work",-5,4,4,0.75,1,1.44444444444444,1
14,2,"P067",1,3.5,"exhausted_tired irritated_frustrated",0,0,0,0,0,1,0,1,3,6,6,4,6,0,6,6,3,2,0,NA,NA,4.4,4,4.25,4,2.77777777777778,3
15,2,"P067",2,4,"calm_relaxed bored_lethargic",0,0,1,0,0,0,1,0,2,3,3,1,6,0,0,3,3,3,0,NA,NA,2.6,3,2.25,2,2.88888888888889,3
16,1,"P067",1,3.5,"calm_relaxed",0,0,1,0,0,0,0,0,0,0,0,0,6,0,6,6,6,6,0,NA,NA,1.2,1,6,6,5.33333333333333,5
17,1,"P067",4,5,"joyful_happy accomplished_productive",1,0,0,1,0,0,0,0,1,1,0,0,6,0,6,6,6,6,0,NA,NA,1.4,1,6,6,5.22222222222222,5
18,2,"P067",4,5,"joyful_happy thrilled_enthusiastic irritated_frustrated",1,1,0,0,0,0,0,1,1,1,1,0,6,0,6,6,5,6,0,NA,NA,1.6,2,5.75,6,5,5
19,2,"P067",6,6,"joyful_happy accomplished_productive",1,0,0,1,0,0,0,0,1,1,1,0,4,0,6,6,6,6,0,NA,NA,1.2,1,6,6,5.33333333333333,5
20,2,"P067",1,3.5,"bored_lethargic irritated_frustrated",0,0,0,0,0,0,1,1,3,6,6,4,0,0,6,3,3,3,0,NA,NA,3.2,3,3.75,4,3.22222222222222,3
21,2,"P067",1,3.5,"upset_angry exhausted_tired irritated_frustrated",0,0,0,0,1,1,0,1,2,4,4,0,0,0,3,2,2,2,0,NA,NA,1.6,2,2.25,2,3.44444444444444,3
22,1,"P067",3,4.5,"accomplished_productive exhausted_tired",0,0,0,1,0,1,0,0,2,4,4,0,6,0,4,4,4,0,0,NA,NA,2.8,3,3,3,3.11111111111111,3
23,2,"P067",2,4,"upset_angry exhausted_tired irritated_frustrated",0,0,0,0,1,1,0,1,2,4,4,2,6,0,0,4,3,4,0,NA,NA,3.2,3,2.75,3,2.77777777777778,3
24,2,"P067",3,4.5,"calm_relaxed bored_lethargic",0,0,1,0,0,0,1,0,1,2,1,0,6,0,6,3,3,3,0,NA,NA,1.8,2,3.75,4,4,4
25,1,"P067",4,5,"joyful_happy thrilled_enthusiastic exhausted_tired",1,1,0,0,0,1,0,0,1,2,0,0,6,0,6,6,6,6,0,NA,NA,1.6,2,6,6,5.11111111111111,5
26,2,"P067",1,3.5,"upset_angry exhausted_tired irritated_frustrated",0,0,0,0,1,1,0,1,3,6,6,1,6,0,6,3,3,0,0,NA,NA,3.8,4,3,3,2.55555555555556,3
27,1,"P067",5,5.5,"joyful_happy accomplished_productive exhausted_tired",1,0,0,1,0,1,0,0,1,2,2,0,5,0,6,6,6,4,0,NA,NA,1.8,2,5.5,6,4.77777777777778,5
28,1,"P067",-4,1,"thrilled_enthusiastic exhausted_tired",0,1,0,0,0,1,0,0,1,2,6,6,4,0,6,6,6,6,0,NA,NA,3.6,4,6,6,4,4
29,2,"P067",3,4.5,"calm_relaxed bored_lethargic",0,0,1,0,0,0,1,0,1,2,1,0,2,0,6,6,6,6,0,NA,NA,1,1,6,6,5.44444444444444,5
30,2,"P067",-6,0,"upset_angry exhausted_tired irritated_frustrated",0,0,0,0,1,1,0,1,3,6,6,6,2,2,0,1,1,1,1,"work",6,4.4,4,0.75,1,1.22222222222222,1
1,1,"P068",0,3,"joyful_happy",1,0,0,0,0,0,0,0,0,0,0,0,0,5,4,3,4,4,0,NA,NA,1,1,3.75,4,4.44444444444444,4
2,1,"P068",0,3,"joyful_happy calm_relaxed",1,0,1,0,0,0,0,0,1,1,1,1,0,1,4,5,5,4,0,NA,NA,0.8,1,4.5,5,4.88888888888889,5
3,2,"P068",0,3,"calm_relaxed irritated_frustrated",0,0,1,0,0,0,0,1,3,5,4,4,2,5,5,5,3,3,1,"friends",0,4,4,4,4,2.88888888888889,3
4,2,"P068",0,3,"upset_angry",0,0,0,0,1,0,0,0,3,6,6,6,6,6,6,6,6,6,0,NA,NA,6,6,6,6,2.66666666666667,3
5,2,"P068",0,3,"joyful_happy",1,0,0,0,0,0,0,0,0,0,0,0,0,0,0,0,0,0,0,NA,NA,0,0,0,0,3.33333333333333,3
6,2,"P068",0,3,"joyful_happy",1,0,0,0,0,0,0,0,0,0,0,0,0,0,0,0,0,0,0,NA,NA,0,0,0,0,3.33333333333333,3
7,2,"P068",0,3,"joyful_happy",1,0,0,0,0,0,0,0,0,0,0,0,0,0,6,0,6,6,0,NA,NA,0,0,4.5,5,5.33333333333333,5
8,2,"P068",0,3,"joyful_happy",1,0,0,0,0,0,0,0,0,0,0,2,1,1,1,2,2,3,0,NA,NA,0.8,1,2,2,3.77777777777778,4
9,2,"P068",0,3,"joyful_happy",1,0,0,0,0,0,0,0,0,0,0,0,0,0,0,0,5,4,0,NA,NA,0,0,2.25,2,4.33333333333333,4
10,1,"P068",0,3,"joyful_happy",1,0,0,0,0,0,0,0,0,0,0,0,0,0,0,0,0,5,0,NA,NA,0,0,1.25,1,3.88888888888889,4
11,1,"P068",0,3,"joyful_happy",1,0,0,0,0,0,0,0,0,0,0,0,0,1,1,1,1,1,0,NA,NA,0.2,0,1,1,3.66666666666667,4
12,1,"P068",0,3,"joyful_happy",1,0,0,0,0,0,0,0,0,0,0,0,0,0,0,0,0,0,0,NA,NA,0,0,0,0,3.33333333333333,3
13,2,"P068",0,3,"joyful_happy",1,0,0,0,0,0,0,0,0,0,0,0,0,0,0,0,0,0,0,NA,NA,0,0,0,0,3.33333333333333,3
14,2,"P068",0,3,"joyful_happy",1,0,0,0,0,0,0,0,0,0,0,0,0,0,0,0,0,0,0,NA,NA,0,0,0,0,3.33333333333333,3
15,1,"P068",0,3,"joyful_happy calm_relaxed",1,0,1,0,0,0,0,0,0,0,0,0,0,0,0,6,6,4,0,NA,NA,0,0,4,4,5.11111111111111,5
16,2,"P068",0,3,"joyful_happy calm_relaxed",1,0,1,0,0,0,0,0,0,0,0,0,0,0,0,6,6,6,0,NA,NA,0,0,4.5,5,5.33333333333333,5
17,1,"P068",0,3,"joyful_happy calm_relaxed",1,0,1,0,0,0,0,0,0,0,0,0,0,0,0,6,6,6,0,NA,NA,0,0,4.5,5,5.33333333333333,5
18,1,"P068",-6,0,"joyful_happy calm_relaxed",1,0,1,0,0,0,0,0,0,0,0,0,0,0,6,6,6,6,0,NA,NA,0,0,6,6,6,6
19,2,"P068",0,3,"joyful_happy calm_relaxed",1,0,1,0,0,0,0,0,0,0,0,0,0,0,6,6,6,6,0,NA,NA,0,0,6,6,6,6
20,1,"P068",0,3,"joyful_happy calm_relaxed",1,0,1,0,0,0,0,0,0,0,0,0,0,0,0,6,6,6,0,NA,NA,0,0,4.5,5,5.33333333333333,5
21,1,"P068",0,3,"joyful_happy calm_relaxed",1,0,1,0,0,0,0,0,0,0,0,0,0,0,6,6,6,6,0,NA,NA,0,0,6,6,6,6
22,2,"P068",0,3,"calm_relaxed",0,0,1,0,0,0,0,0,1,1,1,1,1,2,1,2,1,1,0,NA,NA,1.2,1,1.25,1,3.22222222222222,3
23,2,"P068",0,3,"joyful_happy calm_relaxed",1,0,1,0,0,0,0,0,0,0,0,0,0,0,6,6,6,6,0,NA,NA,0,0,6,6,6,6
24,1,"P068",-6,0,"joyful_happy calm_relaxed",1,0,1,0,0,0,0,0,0,0,0,0,0,0,6,6,6,6,0,NA,NA,0,0,6,6,6,6
25,2,"P068",-6,0,"joyful_happy calm_relaxed",1,0,1,0,0,0,0,0,0,0,0,0,0,0,6,6,6,6,0,NA,NA,0,0,6,6,6,6
26,1,"P068",-6,0,"joyful_happy calm_relaxed",1,0,1,0,0,0,0,0,0,0,0,0,0,0,6,6,6,6,0,NA,NA,0,0,6,6,6,6
28,2,"P068",0,3,"joyful_happy calm_relaxed",1,0,1,0,0,0,0,0,0,0,0,0,0,0,6,6,6,6,0,NA,NA,0,0,6,6,6,6
29,1,"P068",-6,0,"joyful_happy calm_relaxed",1,0,1,0,0,0,0,0,0,0,0,0,0,0,6,6,6,6,0,NA,NA,0,0,6,6,6,6
30,1,"P068",-6,0,"joyful_happy calm_relaxed",1,0,1,0,0,0,0,0,0,0,0,0,0,0,6,6,6,6,0,NA,NA,0,0,6,6,6,6
1,1,"P069",4,5,"joyful_happy thrilled_enthusiastic calm_relaxed accomplished_productive exhausted_tired bored_lethargic",1,1,1,1,0,1,1,0,0,0,1,1,0,0,6,6,6,6,1,"work",4,0.4,0,6,6,5.77777777777778,6
2,2,"P069",5,5.5,"joyful_happy calm_relaxed accomplished_productive exhausted_tired irritated_frustrated",1,0,1,1,0,1,0,1,2,3,4,0,0,0,6,4,4,4,1,"home",3,1.4,1,4.5,5,4.55555555555556,5
3,1,"P069",4,5,"joyful_happy calm_relaxed exhausted_tired",1,0,1,0,0,1,0,0,0,0,1,0,0,0,6,6,6,6,0,NA,NA,0.2,0,6,6,5.88888888888889,6
4,1,"P069",6,6,"joyful_happy calm_relaxed exhausted_tired bored_lethargic irritated_frustrated",1,0,1,0,0,1,1,1,0,0,1,0,0,0,6,0,4,6,0,NA,NA,0.2,0,4,4,5,5
5,1,"P069",5,5.5,"joyful_happy exhausted_tired bored_lethargic",1,0,0,0,0,1,1,0,0,0,0,2,0,0,6,4,4,6,0,NA,NA,0.4,0,5,5,5.33333333333333,5
6,2,"P069",6,6,"joyful_happy calm_relaxed accomplished_productive",1,0,1,1,0,0,0,0,0,0,0,0,0,0,6,6,6,6,0,NA,NA,0,0,6,6,6,6
7,1,"P069",4,5,"joyful_happy calm_relaxed accomplished_productive exhausted_tired bored_lethargic irritated_frustrated",1,0,1,1,0,1,1,1,3,5,5,0,4,0,4,4,4,5,1,"work",4,2.8,3,4.25,4,3.66666666666667,4
8,2,"P069",5,5.5,"joyful_happy thrilled_enthusiastic calm_relaxed accomplished_productive exhausted_tired",1,1,1,1,0,1,0,0,0,0,0,0,0,0,6,6,6,6,0,NA,NA,0,0,6,6,6,6
9,1,"P069",4,5,"joyful_happy thrilled_enthusiastic calm_relaxed accomplished_productive exhausted_tired irritated_frustrated",1,1,1,1,0,1,0,1,2,4,4,0,6,0,6,6,6,6,0,NA,NA,2.8,3,6,6,4.44444444444444,4
10,1,"P069",6,6,"joyful_happy calm_relaxed accomplished_productive exhausted_tired",1,0,1,1,0,1,0,0,0,0,0,0,0,0,6,6,6,6,0,NA,NA,0,0,6,6,6,6
11,2,"P069",3,4.5,"upset_angry exhausted_tired bored_lethargic irritated_frustrated",0,0,0,0,1,1,1,1,1,2,4,4,0,0,4,4,0,0,1,"friends",6,2,2,2,2,3.11111111111111,3
12,1,"P069",4,5,"joyful_happy calm_relaxed",1,0,1,0,0,0,0,0,0,0,0,0,0,0,4,6,6,6,0,NA,NA,0,0,5.5,6,5.77777777777778,6
13,1,"P069",3,4.5,"joyful_happy calm_relaxed exhausted_tired",1,0,1,0,0,1,0,0,0,0,1,1,0,2,6,6,5,6,0,NA,NA,0.8,1,5.75,6,5.44444444444444,5
14,1,"P069",5,5.5,"joyful_happy calm_relaxed accomplished_productive exhausted_tired",1,0,1,1,0,1,0,0,0,0,4,4,0,0,6,6,6,6,0,NA,NA,1.6,2,6,6,5.11111111111111,5
15,2,"P069",5,5.5,"joyful_happy calm_relaxed accomplished_productive exhausted_tired",1,0,1,1,0,1,0,0,2,4,4,0,0,0,6,6,6,6,0,NA,NA,1.6,2,6,6,5.11111111111111,5
16,2,"P069",3,4.5,"joyful_happy thrilled_enthusiastic accomplished_productive exhausted_tired irritated_frustrated",1,1,0,1,0,1,0,1,3,6,6,4,4,5,6,5,3,2,1,"work",6,5,5,4,4,2.33333333333333,2
17,1,"P069",5,5.5,"joyful_happy calm_relaxed exhausted_tired",1,0,1,0,0,1,0,0,0,0,0,0,0,0,6,6,6,6,0,NA,NA,0,0,6,6,6,6
18,1,"P069",6,6,"joyful_happy thrilled_enthusiastic calm_relaxed accomplished_productive irritated_frustrated",1,1,1,1,0,0,0,1,0,0,0,0,6,4,6,6,6,6,0,NA,NA,2,2,6,6,4.88888888888889,5
19,1,"P069",6,6,"joyful_happy calm_relaxed accomplished_productive exhausted_tired",1,0,1,1,0,1,0,0,1,1,1,2,1,0,6,6,6,6,0,NA,NA,1,1,6,6,5.44444444444444,5
20,1,"P069",4,5,"calm_relaxed accomplished_productive exhausted_tired",0,0,1,1,0,1,0,0,1,2,0,0,0,0,6,6,6,6,0,NA,NA,0.4,0,6,6,5.77777777777778,6
21,2,"P069",5,5.5,"joyful_happy thrilled_enthusiastic calm_relaxed accomplished_productive",1,1,1,1,0,0,0,0,0,0,0,0,0,0,6,6,6,6,0,NA,NA,0,0,6,6,6,6
22,1,"P069",6,6,"joyful_happy thrilled_enthusiastic calm_relaxed accomplished_productive",1,1,1,1,0,0,0,0,0,0,0,0,0,0,6,6,6,6,0,NA,NA,0,0,6,6,6,6
23,2,"P069",5,5.5,"joyful_happy calm_relaxed exhausted_tired",1,0,1,0,0,1,0,0,1,2,0,0,0,0,6,6,6,6,0,NA,NA,0.4,0,6,6,5.77777777777778,6
24,1,"P069",4,5,"joyful_happy exhausted_tired bored_lethargic",1,0,0,0,0,1,1,0,0,0,3,3,0,4,6,0,4,4,0,NA,NA,2,2,3.5,4,3.77777777777778,4
25,1,"P069",4,5,"calm_relaxed exhausted_tired",0,0,1,0,0,1,0,0,0,0,0,4,0,0,5,6,6,6,0,NA,NA,0.8,1,5.75,6,5.44444444444444,5
26,2,"P069",5,5.5,"calm_relaxed accomplished_productive exhausted_tired",0,0,1,1,0,1,0,0,0,0,0,4,0,3,6,6,6,6,0,NA,NA,1.4,1,6,6,5.22222222222222,5
27,1,"P069",5,5.5,"joyful_happy thrilled_enthusiastic calm_relaxed accomplished_productive",1,1,1,1,0,0,0,0,2,3,3,2,0,0,6,6,6,6,0,NA,NA,1.6,2,6,6,5.11111111111111,5
28,2,"P069",4,5,"joyful_happy thrilled_enthusiastic calm_relaxed accomplished_productive exhausted_tired",1,1,1,1,0,1,0,0,2,4,4,0,0,0,6,6,6,6,0,NA,NA,1.6,2,6,6,5.11111111111111,5
29,1,"P069",5,5.5,"thrilled_enthusiastic exhausted_tired",0,1,0,0,0,1,0,0,0,0,0,0,0,0,6,6,6,6,0,NA,NA,0,0,6,6,6,6
30,2,"P069",6,6,"joyful_happy calm_relaxed accomplished_productive",1,0,1,1,0,0,0,0,0,0,0,0,0,0,6,6,6,6,0,NA,NA,0,0,6,6,6,6
1,2,"P070",4,5,"thrilled_enthusiastic calm_relaxed accomplished_productive bored_lethargic",0,1,1,1,0,0,1,0,2,4,0,1,0,0,5,4,4,4,0,NA,NA,1,1,4.25,4,4.66666666666667,5
2,2,"P070",-3,1.5,"upset_angry exhausted_tired bored_lethargic",0,0,0,0,1,1,1,0,2,4,3,3,4,2,3,2,2,2,1,"work",-3,3.2,3,2.25,2,2.55555555555556,3
3,2,"P070",2,4,"joyful_happy thrilled_enthusiastic calm_relaxed",1,1,1,0,0,0,0,0,1,1,0,0,0,0,6,4,4,5,0,NA,NA,0.2,0,4.75,5,5.33333333333333,5
4,2,"P070",1,3.5,"calm_relaxed exhausted_tired",0,0,1,0,0,1,0,0,2,4,4,2,0,0,6,6,4,4,0,NA,NA,2,2,5,5,4.44444444444444,4
5,1,"P070",3,4.5,"thrilled_enthusiastic calm_relaxed",0,1,1,0,0,0,0,0,1,1,1,0,0,0,6,6,6,6,0,NA,NA,0.4,0,6,6,5.77777777777778,6
6,2,"P070",4,5,"joyful_happy thrilled_enthusiastic calm_relaxed accomplished_productive",1,1,1,1,0,0,0,0,0,0,0,0,0,0,6,6,6,6,0,NA,NA,0,0,6,6,6,6
7,1,"P070",5,5.5,"joyful_happy calm_relaxed",1,0,1,0,0,0,0,0,0,0,0,0,2,0,6,5,5,5,0,NA,NA,0.4,0,5.25,5,5.44444444444444,5
8,1,"P070",4,5,"thrilled_enthusiastic calm_relaxed",0,1,1,0,0,0,0,0,0,0,0,0,0,0,5,5,5,5,0,NA,NA,0,0,5,5,5.55555555555556,6
9,1,"P070",3,4.5,"joyful_happy thrilled_enthusiastic",1,1,0,0,0,0,0,0,0,0,0,0,0,0,5,5,5,5,0,NA,NA,0,0,5,5,5.55555555555556,6
10,2,"P070",4,5,"joyful_happy thrilled_enthusiastic calm_relaxed",1,1,1,0,0,0,0,0,0,0,0,0,0,0,5,5,5,5,0,NA,NA,0,0,5,5,5.55555555555556,6
11,2,"P070",3,4.5,"joyful_happy thrilled_enthusiastic",1,1,0,0,0,0,0,0,0,0,0,0,0,0,6,6,6,6,0,NA,NA,0,0,6,6,6,6
12,2,"P070",3,4.5,"joyful_happy thrilled_enthusiastic calm_relaxed",1,1,1,0,0,0,0,0,0,0,0,0,0,0,6,6,6,6,0,NA,NA,0,0,6,6,6,6
13,2,"P070",5,5.5,"joyful_happy thrilled_enthusiastic calm_relaxed",1,1,1,0,0,0,0,0,0,0,0,0,0,0,6,5,6,6,0,NA,NA,0,0,5.75,6,5.88888888888889,6
14,2,"P070",3,4.5,"joyful_happy thrilled_enthusiastic calm_relaxed",1,1,1,0,0,0,0,0,0,0,0,0,0,0,5,5,5,5,0,NA,NA,0,0,5,5,5.55555555555556,6
15,2,"P070",4,5,"calm_relaxed",0,0,1,0,0,0,0,0,0,0,0,0,0,0,5,5,5,5,0,NA,NA,0,0,5,5,5.55555555555556,6
16,1,"P070",4,5,"calm_relaxed",0,0,1,0,0,0,0,0,0,0,0,0,0,0,5,5,5,5,0,NA,NA,0,0,5,5,5.55555555555556,6
17,1,"P070",4,5,"calm_relaxed",0,0,1,0,0,0,0,0,0,0,0,0,0,0,6,6,6,6,0,NA,NA,0,0,6,6,6,6
18,2,"P070",5,5.5,"joyful_happy thrilled_enthusiastic",1,1,0,0,0,0,0,0,0,0,0,0,0,0,6,6,6,6,0,NA,NA,0,0,6,6,6,6
19,2,"P070",4,5,"thrilled_enthusiastic calm_relaxed",0,1,1,0,0,0,0,0,0,0,0,0,0,0,5,5,5,5,0,NA,NA,0,0,5,5,5.55555555555556,6
20,1,"P070",5,5.5,"joyful_happy thrilled_enthusiastic",1,1,0,0,0,0,0,0,0,0,0,0,0,0,6,6,6,6,0,NA,NA,0,0,6,6,6,6
21,1,"P070",1,3.5,"calm_relaxed",0,0,1,0,0,0,0,0,0,0,0,0,0,0,5,5,5,5,0,NA,NA,0,0,5,5,5.55555555555556,6
22,1,"P070",3,4.5,"thrilled_enthusiastic calm_relaxed",0,1,1,0,0,0,0,0,0,0,0,0,0,0,5,5,5,5,0,NA,NA,0,0,5,5,5.55555555555556,6
23,2,"P070",5,5.5,"joyful_happy thrilled_enthusiastic calm_relaxed",1,1,1,0,0,0,0,0,0,0,0,0,0,0,5,5,5,5,0,NA,NA,0,0,5,5,5.55555555555556,6
24,2,"P070",4,5,"joyful_happy thrilled_enthusiastic calm_relaxed",1,1,1,0,0,0,0,0,0,0,0,0,0,0,5,5,5,5,0,NA,NA,0,0,5,5,5.55555555555556,6
25,1,"P070",4,5,"joyful_happy thrilled_enthusiastic",1,1,0,0,0,0,0,0,0,0,0,0,0,0,5,5,5,5,0,NA,NA,0,0,5,5,5.55555555555556,6
26,1,"P070",4,5,"joyful_happy thrilled_enthusiastic calm_relaxed",1,1,1,0,0,0,0,0,0,0,0,0,0,0,5,5,5,5,0,NA,NA,0,0,5,5,5.55555555555556,6
27,1,"P070",4,5,"joyful_happy thrilled_enthusiastic calm_relaxed",1,1,1,0,0,0,0,0,0,0,0,0,0,0,5,5,5,5,0,NA,NA,0,0,5,5,5.55555555555556,6
28,2,"P070",5,5.5,"joyful_happy calm_relaxed",1,0,1,0,0,0,0,0,0,0,0,0,0,0,0,4,5,5,0,NA,NA,0,0,3.5,4,4.88888888888889,5
29,1,"P070",5,5.5,"joyful_happy thrilled_enthusiastic",1,1,0,0,0,0,0,0,0,0,2,4,0,0,5,5,5,5,0,NA,NA,1.2,1,5,5,4.88888888888889,5
30,2,"P070",3,4.5,"joyful_happy thrilled_enthusiastic",1,1,0,0,0,0,0,0,0,0,0,0,0,0,5,5,5,5,0,NA,NA,0,0,5,5,5.55555555555556,6
1,2,"P071",2,4,"joyful_happy calm_relaxed exhausted_tired bored_lethargic",1,0,1,0,0,1,1,0,1,2,1,1,2,3,4,5,5,5,0,NA,NA,1.8,2,4.75,5,4.44444444444444,4
2,2,"P071",4,5,"joyful_happy calm_relaxed bored_lethargic",1,0,1,0,0,0,1,0,0,0,0,1,0,1,5,4,6,5,0,NA,NA,0.4,0,5,5,5.33333333333333,5
3,1,"P071",-3,1.5,"joyful_happy thrilled_enthusiastic calm_relaxed exhausted_tired bored_lethargic",1,1,1,0,0,1,1,0,1,2,1,0,0,0,6,5,6,6,0,NA,NA,0.6,1,5.75,6,5.55555555555556,6
4,2,"P071",3,4.5,"thrilled_enthusiastic calm_relaxed exhausted_tired bored_lethargic irritated_frustrated",0,1,1,0,0,1,1,1,2,4,2,1,1,1,1,4,4,5,0,NA,NA,1.8,2,3.5,4,3.88888888888889,4
5,2,"P071",4,5,"joyful_happy thrilled_enthusiastic calm_relaxed accomplished_productive",1,1,1,1,0,0,0,0,1,1,2,0,1,0,6,6,6,6,0,NA,NA,0.8,1,6,6,5.55555555555556,6
6,1,"P071",5,5.5,"joyful_happy calm_relaxed upset_angry",1,0,1,0,1,0,0,0,2,4,3,1,3,2,5,6,5,5,0,NA,NA,2.6,3,5.25,5,4.22222222222222,4
7,2,"P071",5,5.5,"joyful_happy thrilled_enthusiastic calm_relaxed bored_lethargic",1,1,1,0,0,0,1,0,1,1,2,0,1,4,6,5,6,6,0,NA,NA,1.6,2,5.75,6,5,5
8,1,"P071",4,5,"joyful_happy thrilled_enthusiastic calm_relaxed exhausted_tired bored_lethargic irritated_frustrated",1,1,1,0,0,1,1,1,2,3,2,1,0,3,6,6,6,6,0,NA,NA,1.8,2,6,6,5,5
9,2,"P071",5,5.5,"joyful_happy thrilled_enthusiastic calm_relaxed exhausted_tired bored_lethargic",1,1,1,0,0,1,1,0,1,2,1,0,0,1,6,5,6,6,0,NA,NA,0.8,1,5.75,6,5.44444444444444,5
10,2,"P071",5,5.5,"joyful_happy thrilled_enthusiastic calm_relaxed upset_angry exhausted_tired bored_lethargic irritated_frustrated",1,1,1,0,1,1,1,1,3,6,5,1,0,2,6,6,6,5,1,"work",2,2.8,3,5.75,6,4.33333333333333,4
11,2,"P071",5,5.5,"joyful_happy thrilled_enthusiastic calm_relaxed bored_lethargic",1,1,1,0,0,0,1,0,3,5,4,1,1,1,5,5,5,6,0,NA,NA,2.4,2,5.25,5,4.33333333333333,4
12,1,"P071",4,5,"joyful_happy calm_relaxed exhausted_tired",1,0,1,0,0,1,0,0,1,1,0,0,0,0,6,5,6,5,0,NA,NA,0.2,0,5.5,6,5.66666666666667,6
13,2,"P071",3,4.5,"joyful_happy thrilled_enthusiastic accomplished_productive exhausted_tired irritated_frustrated",1,1,0,1,0,1,0,1,3,5,4,2,0,0,6,6,5,5,1,"friends",4,2.2,2,5.5,6,4.55555555555556,5
14,2,"P071",1,3.5,"joyful_happy calm_relaxed upset_angry exhausted_tired irritated_frustrated",1,0,1,0,1,1,0,1,3,5,5,5,0,3,6,4,3,4,1,"friends",6,3.6,4,4.25,4,3.22222222222222,3
15,1,"P071",6,6,"joyful_happy calm_relaxed accomplished_productive",1,0,1,1,0,0,0,0,1,1,2,1,0,0,4,4,5,5,0,NA,NA,0.8,1,4.5,5,4.88888888888889,5
16,1,"P071",3,4.5,"joyful_happy thrilled_enthusiastic accomplished_productive upset_angry exhausted_tired irritated_frustrated",1,1,0,1,1,1,0,1,3,5,4,1,0,1,4,5,4,6,0,NA,NA,2.2,2,4.75,5,4.22222222222222,4
17,1,"P071",4,5,"joyful_happy thrilled_enthusiastic calm_relaxed accomplished_productive upset_angry exhausted_tired bored_lethargic irritated_frustrated",1,1,1,1,1,1,1,1,3,5,3,1,2,5,6,5,5,4,0,NA,NA,3.2,3,5,5,3.77777777777778,4
18,1,"P071",4,5,"calm_relaxed accomplished_productive upset_angry exhausted_tired irritated_frustrated",0,0,1,1,1,1,0,1,2,4,1,0,4,1,4,4,4,5,0,NA,NA,2,2,4.25,4,4.11111111111111,4
19,1,"P071",4,5,"calm_relaxed exhausted_tired bored_lethargic",0,0,1,0,0,1,1,0,0,0,1,0,5,0,5,5,6,6,0,NA,NA,1.2,1,5.5,6,5.11111111111111,5
20,1,"P071",4,5,"calm_relaxed accomplished_productive exhausted_tired",0,0,1,1,0,1,0,0,2,3,4,1,3,1,4,5,6,5,0,NA,NA,2.4,2,5,5,4.22222222222222,4
21,1,"P071",5,5.5,"joyful_happy calm_relaxed accomplished_productive upset_angry",1,0,1,1,1,0,0,0,2,4,4,2,1,2,4,6,5,6,0,NA,NA,2.6,3,5.25,5,4.22222222222222,4
22,2,"P071",4,5,"joyful_happy calm_relaxed accomplished_productive bored_lethargic",1,0,1,1,0,0,1,0,3,5,3,1,0,1,6,5,6,6,0,NA,NA,2,2,5.75,6,4.77777777777778,5
23,2,"P071",5,5.5,"joyful_happy calm_relaxed exhausted_tired",1,0,1,0,0,1,0,0,0,0,2,1,0,0,3,5,4,2,0,NA,NA,0.6,1,3.5,4,4.55555555555556,5
24,2,"P071",-2,2,"joyful_happy calm_relaxed accomplished_productive upset_angry irritated_frustrated",1,0,1,1,1,0,0,1,2,4,3,1,0,1,5,6,5,5,1,"home",5,1.8,2,5.25,5,4.66666666666667,5
25,2,"P071",5,5.5,"joyful_happy thrilled_enthusiastic calm_relaxed accomplished_productive upset_angry bored_lethargic irritated_frustrated",1,1,1,1,1,0,1,1,3,5,5,1,1,2,6,6,5,6,0,NA,NA,2.8,3,5.75,6,4.33333333333333,4
26,2,"P071",5,5.5,"joyful_happy thrilled_enthusiastic calm_relaxed accomplished_productive upset_angry irritated_frustrated",1,1,1,1,1,0,0,1,2,4,2,1,2,1,6,6,6,6,0,NA,NA,2,2,6,6,4.88888888888889,5
27,2,"P071",4,5,"calm_relaxed accomplished_productive bored_lethargic irritated_frustrated",0,0,1,1,0,0,1,1,2,4,1,0,1,1,6,5,6,5,0,NA,NA,1.4,1,5.5,6,5,5
28,2,"P071",4,5,"joyful_happy thrilled_enthusiastic calm_relaxed accomplished_productive",1,1,1,1,0,0,0,0,0,0,1,0,1,0,6,6,6,6,0,NA,NA,0.4,0,6,6,5.77777777777778,6
29,1,"P071",5,5.5,"joyful_happy thrilled_enthusiastic calm_relaxed accomplished_productive",1,1,1,1,0,0,0,0,1,1,1,0,0,0,6,6,6,6,0,NA,NA,0.4,0,6,6,5.77777777777778,6
30,1,"P071",5,5.5,"joyful_happy thrilled_enthusiastic accomplished_productive exhausted_tired",1,1,0,1,0,1,0,0,1,1,2,1,0,0,6,6,6,6,0,NA,NA,0.8,1,6,6,5.55555555555556,6
