latitude,longitude,elevation,location,day,time,IC1,IC2,IC3,IC4,IC1_lag1,IC1_lag2,IC1_lag3,IC2_lag1,IC2_lag2,IC2_lag3,IC3_lag1,IC3_lag2,IC3_lag3,IC4_lag1,IC4_lag2,IC4_lag3
13.1107,80.2459,15,chennai,-300,2024-06-01,0.9974695007430955,2.1027675398607686,2.0210146434999867,-0.22451374849454342,NA,NA,NA,NA,NA,NA,NA,NA,NA,NA,NA,NA
12.6889,79.9728,69,chengalpattu,-300,2024-06-01,1.0004165505382652,1.7021721835273862,1.732715627818658,-1.2542756867730056,0.9974695007430955,NA,NA,2.1027675398607686,NA,NA,2.0210146434999867,NA,NA,-0.22451374849454342,NA,NA
13.1107,80.2459,15,chennai,-299,2024-06-02,1.0825642585202528,1.2757930048121895,0.643101515542841,-1.2761318870356513,1.0004165505382652,0.9974695007430955,NA,1.7021721835273862,2.1027675398607686,NA,1.732715627818658,2.0210146434999867,NA,-1.2542756867730056,-0.22451374849454342,NA
12.6889,79.9728,69,chengalpattu,-299,2024-06-02,0.6559322082064198,1.0177463057824379,0.33263797062544936,-1.6399199707779004,1.0825642585202528,1.0004165505382652,0.9974695007430955,1.2757930048121895,1.7021721835273862,2.1027675398607686,0.643101515542841,1.732715627818658,2.0210146434999867,-1.2761318870356513,-1.2542756867730056,-0.22451374849454342
13.1107,80.2459,15,chennai,-298,2024-06-03,-0.20591532993460393,1.2490791107484238,-2.565019041339236,-0.8672416740372065,0.6559322082064198,1.0825642585202528,1.0004165505382652,1.0177463057824379,1.2757930048121895,1.7021721835273862,0.33263797062544936,0.643101515542841,1.732715627818658,-1.6399199707779004,-1.2761318870356513,-1.2542756867730056
12.6889,79.9728,69,chengalpattu,-298,2024-06-03,-0.43593459166954485,1.0799687452606435,-2.3399561684415144,-1.243202498844443,-0.20591532993460393,0.6559322082064198,1.0825642585202528,1.2490791107484238,1.0177463057824379,1.2757930048121895,-2.565019041339236,0.33263797062544936,0.643101515542841,-0.8672416740372065,-1.6399199707779004,-1.2761318870356513
13.1107,80.2459,15,chennai,-297,2024-06-04,-0.16737336923029253,1.2534590353750836,-0.6192702267943145,-1.5181335773534972,-0.43593459166954485,-0.20591532993460393,0.6559322082064198,1.0799687452606435,1.2490791107484238,1.0177463057824379,-2.3399561684415144,-2.565019041339236,0.33263797062544936,-1.243202498844443,-0.8672416740372065,-1.6399199707779004
12.6889,79.9728,69,chengalpattu,-297,2024-06-04,-0.7892929242452563,1.1047748474363126,-1.21063238043949,-1.0918296748221983,-0.16737336923029253,-0.43593459166954485,-0.20591532993460393,1.2534590353750836,1.0799687452606435,1.2490791107484238,-0.6192702267943145,-2.3399561684415144,-2.565019041339236,-1.5181335773534972,-1.243202498844443,-0.8672416740372065
13.1107,80.2459,15,chennai,-296,2024-06-05,1.4648847162332979,1.26711031841686,-0.9377864059952798,-1.472775127815729,-0.7892929242452563,-0.16737336923029253,-0.43593459166954485,1.1047748474363126,1.2534590353750836,1.0799687452606435,-1.21063238043949,-0.6192702267943145,-2.3399561684415144,-1.0918296748221983,-1.5181335773534972,-1.243202498844443
12.6889,79.9728,69,chengalpattu,-296,2024-06-05,0.8122539840342248,1.1037621538714182,-1.6423670372390462,-1.4650079865344794,1.4648847162332979,-0.7892929242452563,-0.16737336923029253,1.26711031841686,1.1047748474363126,1.2534590353750836,-0.9377864059952798,-1.21063238043949,-0.6192702267943145,-1.472775127815729,-1.0918296748221983,-1.5181335773534972
13.1107,80.2459,15,chennai,-295,2024-06-06,1.6398293016365713,1.0691876083515244,-1.083624045171625,-1.604869807285115,0.8122539840342248,1.4648847162332979,-0.7892929242452563,1.1037621538714182,1.26711031841686,1.1047748474363126,-1.6423670372390462,-0.9377864059952798,-1.21063238043949,-1.4650079865344794,-1.472775127815729,-1.0918296748221983
12.6889,79.9728,69,chengalpattu,-295,2024-06-06,1.6138178278510702,0.8702173906584343,-1.3495301788833967,-2.0335558642811877,1.6398293016365713,0.8122539840342248,1.4648847162332979,1.0691876083515244,1.1037621538714182,1.26711031841686,-1.083624045171625,-1.6423670372390462,-0.9377864059952798,-1.604869807285115,-1.4650079865344794,-1.472775127815729
13.1107,80.2459,15,chennai,-294,2024-06-07,0.42364941958992636,1.289709602796518,-2.246248162494412,-0.17767952512674232,1.6138178278510702,1.6398293016365713,0.8122539840342248,0.8702173906584343,1.0691876083515244,1.1037621538714182,-1.3495301788833967,-1.083624045171625,-1.6423670372390462,-2.0335558642811877,-1.604869807285115,-1.4650079865344794
12.6889,79.9728,69,chengalpattu,-294,2024-06-07,0.5306475073159954,0.9556902795527593,-1.6412517860385938,-0.6966009788359504,0.42364941958992636,1.6138178278510702,1.6398293016365713,1.289709602796518,0.8702173906584343,1.0691876083515244,-2.246248162494412,-1.3495301788833967,-1.083624045171625,-0.17767952512674232,-2.0335558642811877,-1.604869807285115
13.1107,80.2459,15,chennai,-293,2024-06-08,0.7596432836841831,1.5558592171415826,0.2365708429835106,0.33580450841602105,0.5306475073159954,0.42364941958992636,1.6138178278510702,0.9556902795527593,1.289709602796518,0.8702173906584343,-1.6412517860385938,-2.246248162494412,-1.3495301788833967,-0.6966009788359504,-0.17767952512674232,-2.0335558642811877
12.6889,79.9728,69,chengalpattu,-293,2024-06-08,0.0490864377240334,1.377700552034348,-0.2870358506266468,0.540724161232468,0.7596432836841831,0.5306475073159954,0.42364941958992636,1.5558592171415826,0.9556902795527593,1.289709602796518,0.2365708429835106,-1.6412517860385938,-2.246248162494412,0.33580450841602105,-0.6966009788359504,-0.17767952512674232
13.1107,80.2459,15,chennai,-292,2024-06-09,0.24943097895955868,1.639530360493323,0.5574067495260753,0.661641226033554,0.0490864377240334,0.7596432836841831,0.5306475073159954,1.377700552034348,1.5558592171415826,0.9556902795527593,-0.2870358506266468,0.2365708429835106,-1.6412517860385938,0.540724161232468,0.33580450841602105,-0.6966009788359504
12.6889,79.9728,69,chengalpattu,-292,2024-06-09,-0.12617513984907083,1.4227536371234435,0.48772334030820685,0.6268491696243046,0.24943097895955868,0.0490864377240334,0.7596432836841831,1.639530360493323,1.377700552034348,1.5558592171415826,0.5574067495260753,-0.2870358506266468,0.2365708429835106,0.661641226033554,0.540724161232468,0.33580450841602105
13.1107,80.2459,15,chennai,-291,2024-06-10,0.27860858218447876,1.4923320602952515,0.5655988977359023,0.16835242403462497,-0.12617513984907083,0.24943097895955868,0.0490864377240334,1.4227536371234435,1.639530360493323,1.377700552034348,0.48772334030820685,0.5574067495260753,-0.2870358506266468,0.6268491696243046,0.661641226033554,0.540724161232468
12.6889,79.9728,69,chengalpattu,-291,2024-06-10,-0.21889850127322544,1.322251220133687,0.6566003574521558,0.3146312229753893,0.27860858218447876,-0.12617513984907083,0.24943097895955868,1.4923320602952515,1.4227536371234435,1.639530360493323,0.5655988977359023,0.48772334030820685,0.5574067495260753,0.16835242403462497,0.6268491696243046,0.661641226033554
13.1107,80.2459,15,chennai,-290,2024-06-11,-0.07168860425521364,1.3832371019012544,0.14850278691056906,0.3845495772973216,-0.21889850127322544,0.27860858218447876,-0.12617513984907083,1.322251220133687,1.4923320602952515,1.4227536371234435,0.6566003574521558,0.5655988977359023,0.48772334030820685,0.3146312229753893,0.16835242403462497,0.6268491696243046
12.6889,79.9728,69,chengalpattu,-290,2024-06-11,-0.4814406827024364,1.2113547181816888,0.03006810712992904,0.27778314901725326,-0.07168860425521364,-0.21889850127322544,0.27860858218447876,1.3832371019012544,1.322251220133687,1.4923320602952515,0.14850278691056906,0.6566003574521558,0.5655988977359023,0.3845495772973216,0.3146312229753893,0.16835242403462497
13.1107,80.2459,15,chennai,-289,2024-06-12,-0.5077835933189188,1.4452529539033747,-1.4464310569768244,1.0757206746221302,-0.4814406827024364,-0.07168860425521364,-0.21889850127322544,1.2113547181816888,1.3832371019012544,1.322251220133687,0.03006810712992904,0.14850278691056906,0.6566003574521558,0.27778314901725326,0.3845495772973216,0.3146312229753893
12.6889,79.9728,69,chengalpattu,-289,2024-06-12,-0.8580566998257213,1.2000248887334737,-1.9120093282378419,1.1234088447743436,-0.5077835933189188,-0.4814406827024364,-0.07168860425521364,1.4452529539033747,1.2113547181816888,1.3832371019012544,-1.4464310569768244,0.03006810712992904,0.14850278691056906,1.0757206746221302,0.27778314901725326,0.3845495772973216
13.1107,80.2459,15,chennai,-288,2024-06-13,-0.7564273503154543,1.3500162203284019,-0.3829909550033288,0.7675017599733351,-0.8580566998257213,-0.5077835933189188,-0.4814406827024364,1.2000248887334737,1.4452529539033747,1.2113547181816888,-1.9120093282378419,-1.4464310569768244,0.03006810712992904,1.1234088447743436,1.0757206746221302,0.27778314901725326
12.6889,79.9728,69,chengalpattu,-288,2024-06-13,-1.1757014607419232,1.0169214508815239,-0.7624429140436818,0.437992137925246,-0.7564273503154543,-0.8580566998257213,-0.5077835933189188,1.3500162203284019,1.2000248887334737,1.4452529539033747,-0.3829909550033288,-1.9120093282378419,-1.4464310569768244,0.7675017599733351,1.1234088447743436,1.0757206746221302
13.1107,80.2459,15,chennai,-287,2024-06-14,-0.6753597460751889,1.2881959860880328,-0.4536660035905624,0.5974601277543116,-1.1757014607419232,-0.7564273503154543,-0.8580566998257213,1.0169214508815239,1.3500162203284019,1.2000248887334737,-0.7624429140436818,-0.3829909550033288,-1.9120093282378419,0.437992137925246,0.7675017599733351,1.1234088447743436
12.6889,79.9728,69,chengalpattu,-287,2024-06-14,-1.0962089293841104,1.1033946742394831,-1.0498758182913221,0.4696516194683258,-0.6753597460751889,-1.1757014607419232,-0.7564273503154543,1.2881959860880328,1.0169214508815239,1.3500162203284019,-0.4536660035905624,-0.7624429140436818,-0.3829909550033288,0.5974601277543116,0.437992137925246,0.7675017599733351
13.1107,80.2459,15,chennai,-286,2024-06-15,-0.5931045911931225,1.1647357750084637,-0.9198701125856785,0.14822837259097657,-1.0962089293841104,-0.6753597460751889,-1.1757014607419232,1.1033946742394831,1.2881959860880328,1.0169214508815239,-1.0498758182913221,-0.4536660035905624,-0.7624429140436818,0.4696516194683258,0.5974601277543116,0.437992137925246
12.6889,79.9728,69,chengalpattu,-286,2024-06-15,-1.363878474280196,1.0245741480466317,-1.6045973618706255,0.32112954586612225,-0.5931045911931225,-1.0962089293841104,-0.6753597460751889,1.1647357750084637,1.1033946742394831,1.2881959860880328,-0.9198701125856785,-1.0498758182913221,-0.4536660035905624,0.14822837259097657,0.4696516194683258,0.5974601277543116
13.1107,80.2459,15,chennai,-285,2024-06-16,-0.40715700755121975,1.373752086840894,0.4094187655203882,-0.1120794917506842,-1.363878474280196,-0.5931045911931225,-1.0962089293841104,1.0245741480466317,1.1647357750084637,1.1033946742394831,-1.6045973618706255,-0.9198701125856785,-1.0498758182913221,0.32112954586612225,0.14822837259097657,0.4696516194683258
12.6889,79.9728,69,chengalpattu,-285,2024-06-16,-1.0965978719440417,1.1401082666998523,0.07147125984039558,-0.1519274725101268,-0.40715700755121975,-1.363878474280196,-0.5931045911931225,1.373752086840894,1.0245741480466317,1.1647357750084637,0.4094187655203882,-1.6045973618706255,-0.9198701125856785,-0.1120794917506842,0.32112954586612225,0.14822837259097657
13.1107,80.2459,15,chennai,-284,2024-06-17,-0.32464602288239724,1.473812955069142,0.6927880790633091,0.3942989685217843,-1.0965978719440417,-0.40715700755121975,-1.363878474280196,1.1401082666998523,1.373752086840894,1.0245741480466317,0.07147125984039558,0.4094187655203882,-1.6045973618706255,-0.1519274725101268,-0.1120794917506842,0.32112954586612225
12.6889,79.9728,69,chengalpattu,-284,2024-06-17,-0.8652358825312588,1.221498258409993,-0.05440845784426669,-0.10882159123728155,-0.32464602288239724,-1.0965978719440417,-0.40715700755121975,1.473812955069142,1.1401082666998523,1.373752086840894,0.6927880790633091,0.07147125984039558,0.4094187655203882,0.3942989685217843,-0.1519274725101268,-0.1120794917506842
13.1107,80.2459,15,chennai,-283,2024-06-18,0.1567560252094997,1.5024941522044881,1.1481903969378202,0.3365963995287564,-0.8652358825312588,-0.32464602288239724,-1.0965978719440417,1.221498258409993,1.473812955069142,1.1401082666998523,-0.05440845784426669,0.6927880790633091,0.07147125984039558,-0.10882159123728155,0.3942989685217843,-0.1519274725101268
12.6889,79.9728,69,chengalpattu,-283,2024-06-18,-0.37993371431055317,1.2575203016964729,0.6151773163009755,0.29269793476008665,0.1567560252094997,-0.8652358825312588,-0.32464602288239724,1.5024941522044881,1.221498258409993,1.473812955069142,1.1481903969378202,-0.05440845784426669,0.6927880790633091,0.3365963995287564,-0.10882159123728155,0.3942989685217843
13.1107,80.2459,15,chennai,-282,2024-06-19,1.1039929169409533,1.116079666366215,0.8157159078106666,-0.6259603213451512,-0.37993371431055317,0.1567560252094997,-0.8652358825312588,1.2575203016964729,1.5024941522044881,1.221498258409993,0.6151773163009755,1.1481903969378202,-0.05440845784426669,0.29269793476008665,0.3365963995287564,-0.10882159123728155
12.6889,79.9728,69,chengalpattu,-282,2024-06-19,0.715792471071994,0.8813905741278433,-0.16973866495947212,-1.2006096058696523,1.1039929169409533,-0.37993371431055317,0.1567560252094997,1.116079666366215,1.2575203016964729,1.5024941522044881,0.8157159078106666,0.6151773163009755,1.1481903969378202,-0.6259603213451512,0.29269793476008665,0.3365963995287564
13.1107,80.2459,15,chennai,-281,2024-06-20,-0.04063725212935066,1.2401578666990771,0.3264919707056855,0.06616930763331756,0.715792471071994,1.1039929169409533,-0.37993371431055317,0.8813905741278433,1.116079666366215,1.2575203016964729,-0.16973866495947212,0.8157159078106666,0.6151773163009755,-1.2006096058696523,-0.6259603213451512,0.29269793476008665
12.6889,79.9728,69,chengalpattu,-281,2024-06-20,-0.2058183644109073,1.0364617000225902,0.22380406599762698,-0.19559751549236448,-0.04063725212935066,0.715792471071994,1.1039929169409533,1.2401578666990771,0.8813905741278433,1.116079666366215,0.3264919707056855,-0.16973866495947212,0.8157159078106666,0.06616930763331756,-1.2006096058696523,-0.6259603213451512
13.1107,80.2459,15,chennai,-280,2024-06-21,0.20686410125272345,1.3088563835872338,0.8275988280493262,0.5242081005330252,-0.2058183644109073,-0.04063725212935066,0.715792471071994,1.0364617000225902,1.2401578666990771,0.8813905741278433,0.22380406599762698,0.3264919707056855,-0.16973866495947212,-0.19559751549236448,0.06616930763331756,-1.2006096058696523
12.6889,79.9728,69,chengalpattu,-280,2024-06-21,-0.11777565004451537,0.9303687545204601,0.3388744461877648,-0.17958243256420636,0.20686410125272345,-0.2058183644109073,-0.04063725212935066,1.3088563835872338,1.0364617000225902,1.2401578666990771,0.8275988280493262,0.22380406599762698,0.3264919707056855,0.5242081005330252,-0.19559751549236448,0.06616930763331756
13.1107,80.2459,15,chennai,-279,2024-06-22,-0.27732469665122494,1.5428128686589249,0.7097632575209513,1.0262539997260491,-0.11777565004451537,0.20686410125272345,-0.2058183644109073,0.9303687545204601,1.3088563835872338,1.0364617000225902,0.3388744461877648,0.8275988280493262,0.22380406599762698,-0.17958243256420636,0.5242081005330252,-0.19559751549236448
12.6889,79.9728,69,chengalpattu,-279,2024-06-22,-0.4671222594105863,1.12138720276344,-0.02513281502480333,0.055622172231630955,-0.27732469665122494,-0.11777565004451537,0.20686410125272345,1.5428128686589249,0.9303687545204601,1.3088563835872338,0.7097632575209513,0.3388744461877648,0.8275988280493262,1.0262539997260491,-0.17958243256420636,0.5242081005330252
13.1107,80.2459,15,chennai,-278,2024-06-23,0.018159767239856513,1.1792370930015694,1.1202744957209643,0.19323251874443087,-0.4671222594105863,-0.27732469665122494,-0.11777565004451537,1.12138720276344,1.5428128686589249,0.9303687545204601,-0.02513281502480333,0.7097632575209513,0.3388744461877648,0.055622172231630955,1.0262539997260491,-0.17958243256420636
12.6889,79.9728,69,chengalpattu,-278,2024-06-23,-0.4869386404533727,0.8885008746860585,0.6293809233835045,-0.19797732136655224,0.018159767239856513,-0.4671222594105863,-0.27732469665122494,1.1792370930015694,1.12138720276344,1.5428128686589249,1.1202744957209643,-0.02513281502480333,0.7097632575209513,0.19323251874443087,0.055622172231630955,1.0262539997260491
13.1107,80.2459,15,chennai,-277,2024-06-24,-0.1620147185360193,1.4557406956518855,0.4971088710396704,0.7657539512197283,-0.4869386404533727,0.018159767239856513,-0.4671222594105863,0.8885008746860585,1.1792370930015694,1.12138720276344,0.6293809233835045,1.1202744957209643,-0.02513281502480333,-0.19797732136655224,0.19323251874443087,0.055622172231630955
12.6889,79.9728,69,chengalpattu,-277,2024-06-24,-0.3794852319921655,1.0963143404770224,0.07135955515016935,0.20106182581690135,-0.1620147185360193,-0.4869386404533727,0.018159767239856513,1.4557406956518855,0.8885008746860585,1.1792370930015694,0.4971088710396704,0.6293809233835045,1.1202744957209643,0.7657539512197283,-0.19797732136655224,0.19323251874443087
13.1107,80.2459,15,chennai,-276,2024-06-25,-0.1725736265997089,1.5093302105124726,0.17070296508273852,0.8778950974190038,-0.3794852319921655,-0.1620147185360193,-0.4869386404533727,1.0963143404770224,1.4557406956518855,0.8885008746860585,0.07135955515016935,0.4971088710396704,0.6293809233835045,0.20106182581690135,0.7657539512197283,-0.19797732136655224
12.6889,79.9728,69,chengalpattu,-276,2024-06-25,-0.5559687204996202,1.1230793751807386,0.08503749000632854,0.23170119530516514,-0.1725736265997089,-0.3794852319921655,-0.1620147185360193,1.5093302105124726,1.0963143404770224,1.4557406956518855,0.17070296508273852,0.07135955515016935,0.4971088710396704,0.8778950974190038,0.20106182581690135,0.7657539512197283
13.1107,80.2459,15,chennai,-275,2024-06-26,-0.19212068179975073,1.8029181129074392,-0.7685085462855538,1.50988900187797,-0.5559687204996202,-0.1725736265997089,-0.3794852319921655,1.1230793751807386,1.5093302105124726,1.0963143404770224,0.08503749000632854,0.17070296508273852,0.07135955515016935,0.23170119530516514,0.8778950974190038,0.20106182581690135
12.6889,79.9728,69,chengalpattu,-275,2024-06-26,-0.4757702497833604,1.413042516889869,-0.7831923080692336,1.4502603330341353,-0.19212068179975073,-0.5559687204996202,-0.1725736265997089,1.8029181129074392,1.1230793751807386,1.5093302105124726,-0.7685085462855538,0.08503749000632854,0.17070296508273852,1.50988900187797,0.23170119530516514,0.8778950974190038
13.1107,80.2459,15,chennai,-274,2024-06-27,-0.2904612382814573,1.6231194464460583,-0.6497805280644917,1.5320460419350417,-0.4757702497833604,-0.19212068179975073,-0.5559687204996202,1.413042516889869,1.8029181129074392,1.1230793751807386,-0.7831923080692336,-0.7685085462855538,0.08503749000632854,1.4502603330341353,1.50988900187797,0.23170119530516514
12.6889,79.9728,69,chengalpattu,-274,2024-06-27,-0.6312547919055507,1.2807716823569686,-1.2472808980482173,0.9818104365770502,-0.2904612382814573,-0.4757702497833604,-0.19212068179975073,1.6231194464460583,1.413042516889869,1.8029181129074392,-0.6497805280644917,-0.7831923080692336,-0.7685085462855538,1.5320460419350417,1.4502603330341353,1.50988900187797
13.1107,80.2459,15,chennai,-273,2024-06-28,-0.31764960067315856,1.6470877542939408,0.588343611643188,1.273470302847133,-0.6312547919055507,-0.2904612382814573,-0.4757702497833604,1.2807716823569686,1.6231194464460583,1.413042516889869,-1.2472808980482173,-0.6497805280644917,-0.7831923080692336,0.9818104365770502,1.5320460419350417,1.4502603330341353
12.6889,79.9728,69,chengalpattu,-273,2024-06-28,-0.6277229078221821,1.3453022916868427,0.07501875312075915,0.7638618089982049,-0.31764960067315856,-0.6312547919055507,-0.2904612382814573,1.6470877542939408,1.2807716823569686,1.6231194464460583,0.588343611643188,-1.2472808980482173,-0.6497805280644917,1.273470302847133,0.9818104365770502,1.5320460419350417
13.1107,80.2459,15,chennai,-272,2024-06-29,0.047170961850922635,1.7790102372445764,0.7470153156265084,0.7844040549828488,-0.6277229078221821,-0.31764960067315856,-0.6312547919055507,1.3453022916868427,1.6470877542939408,1.2807716823569686,0.07501875312075915,0.588343611643188,-1.2472808980482173,0.7638618089982049,1.273470302847133,0.9818104365770502
12.6889,79.9728,69,chengalpattu,-272,2024-06-29,-0.6733253084817672,1.3147601892071812,0.22968077738659173,0.33571336773560345,0.047170961850922635,-0.6277229078221821,-0.31764960067315856,1.7790102372445764,1.3453022916868427,1.6470877542939408,0.7470153156265084,0.07501875312075915,0.588343611643188,0.7844040549828488,0.7638618089982049,1.273470302847133
13.1107,80.2459,15,chennai,-271,2024-06-30,-0.09938793792896536,1.8074913174311502,-1.128714844322225,0.9749628347614923,-0.6733253084817672,0.047170961850922635,-0.6277229078221821,1.3147601892071812,1.7790102372445764,1.3453022916868427,0.22968077738659173,0.7470153156265084,0.07501875312075915,0.33571336773560345,0.7844040549828488,0.7638618089982049
12.6889,79.9728,69,chengalpattu,-271,2024-06-30,-0.42132380582583145,1.5064429479494377,-1.1047927111956823,0.5843113057754921,-0.09938793792896536,-0.6733253084817672,0.047170961850922635,1.8074913174311502,1.3147601892071812,1.7790102372445764,-1.128714844322225,0.22968077738659173,0.7470153156265084,0.9749628347614923,0.33571336773560345,0.7844040549828488
13.1107,80.2459,15,chennai,-270,2024-07-01,-0.25592352674137264,1.4238849703096204,-1.1247467838357963,0.3512381592070393,-0.42132380582583145,-0.09938793792896536,-0.6733253084817672,1.5064429479494377,1.8074913174311502,1.3147601892071812,-1.1047927111956823,-1.128714844322225,0.22968077738659173,0.5843113057754921,0.9749628347614923,0.33571336773560345
12.6889,79.9728,69,chengalpattu,-270,2024-07-01,-0.3153089128678975,1.2946453828082034,-1.1321335048548877,0.4884602669249845,-0.25592352674137264,-0.42132380582583145,-0.09938793792896536,1.4238849703096204,1.5064429479494377,1.8074913174311502,-1.1247467838357963,-1.1047927111956823,-1.128714844322225,0.3512381592070393,0.5843113057754921,0.9749628347614923
13.1107,80.2459,15,chennai,-269,2024-07-02,-0.5266510992085907,1.4856103303584487,-0.5321025214432108,0.9753627205588218,-0.3153089128678975,-0.25592352674137264,-0.42132380582583145,1.2946453828082034,1.4238849703096204,1.5064429479494377,-1.1321335048548877,-1.1247467838357963,-1.1047927111956823,0.4884602669249845,0.3512381592070393,0.5843113057754921
12.6889,79.9728,69,chengalpattu,-269,2024-07-02,-0.711277293980146,1.2304853898932555,-0.5708658168675099,0.8786646690273668,-0.5266510992085907,-0.3153089128678975,-0.25592352674137264,1.4856103303584487,1.2946453828082034,1.4238849703096204,-0.5321025214432108,-1.1321335048548877,-1.1247467838357963,0.9753627205588218,0.4884602669249845,0.3512381592070393
13.1107,80.2459,15,chennai,-268,2024-07-03,-0.10521393853761778,1.4335767692935029,0.6844557189076138,0.04641972854366839,-0.711277293980146,-0.5266510992085907,-0.3153089128678975,1.2304853898932555,1.4856103303584487,1.2946453828082034,-0.5708658168675099,-0.5321025214432108,-1.1321335048548877,0.8786646690273668,0.9753627205588218,0.4884602669249845
12.6889,79.9728,69,chengalpattu,-268,2024-07-03,-0.47533445315584494,1.0609779175256846,0.2500465159925765,-0.3740897578100349,-0.10521393853761778,-0.711277293980146,-0.5266510992085907,1.4335767692935029,1.2304853898932555,1.4856103303584487,0.6844557189076138,-0.5708658168675099,-0.5321025214432108,0.04641972854366839,0.8786646690273668,0.9753627205588218
13.1107,80.2459,15,chennai,-267,2024-07-04,-0.5307675907488771,1.2490678384547405,-1.2259237232375435,0.6341663674006952,-0.47533445315584494,-0.10521393853761778,-0.711277293980146,1.0609779175256846,1.4335767692935029,1.2304853898932555,0.2500465159925765,0.6844557189076138,-0.5708658168675099,-0.3740897578100349,0.04641972854366839,0.8786646690273668
12.6889,79.9728,69,chengalpattu,-267,2024-07-04,-0.7079265000172642,0.9519649192599962,-1.8848163727788185,0.3221547197211769,-0.5307675907488771,-0.47533445315584494,-0.10521393853761778,1.2490678384547405,1.0609779175256846,1.4335767692935029,-1.2259237232375435,0.2500465159925765,0.6844557189076138,0.6341663674006952,-0.3740897578100349,0.04641972854366839
13.1107,80.2459,15,chennai,-266,2024-07-05,-0.4278905219760223,1.4147483305912454,0.31499982086739153,0.5514272801971584,-0.7079265000172642,-0.5307675907488771,-0.47533445315584494,0.9519649192599962,1.2490678384547405,1.0609779175256846,-1.8848163727788185,-1.2259237232375435,0.2500465159925765,0.3221547197211769,0.6341663674006952,-0.3740897578100349
12.6889,79.9728,69,chengalpattu,-266,2024-07-05,-0.6302523080670375,1.1344998018059729,-0.1089277245860779,0.2227512217430646,-0.4278905219760223,-0.7079265000172642,-0.5307675907488771,1.4147483305912454,0.9519649192599962,1.2490678384547405,0.31499982086739153,-1.8848163727788185,-1.2259237232375435,0.5514272801971584,0.3221547197211769,0.6341663674006952
13.1107,80.2459,15,chennai,-265,2024-07-06,-0.5015032167536477,0.9799279777336792,-2.274375832180674,-0.22773403722554414,-0.6302523080670375,-0.4278905219760223,-0.7079265000172642,1.1344998018059729,1.4147483305912454,0.9519649192599962,-0.1089277245860779,0.31499982086739153,-1.8848163727788185,0.2227512217430646,0.5514272801971584,0.3221547197211769
12.6889,79.9728,69,chengalpattu,-265,2024-07-06,-0.8197875509847017,0.9139372480786194,-2.1837249004208648,0.3242959687487558,-0.5015032167536477,-0.6302523080670375,-0.4278905219760223,0.9799279777336792,1.1344998018059729,1.4147483305912454,-2.274375832180674,-0.1089277245860779,0.31499982086739153,-0.22773403722554414,0.2227512217430646,0.5514272801971584
13.1107,80.2459,15,chennai,-264,2024-07-07,-0.5912185914827361,1.1230255745431148,-0.6264837205710508,0.3080445079399281,-0.8197875509847017,-0.5015032167536477,-0.6302523080670375,0.9139372480786194,0.9799279777336792,1.1344998018059729,-2.1837249004208648,-2.274375832180674,-0.1089277245860779,0.3242959687487558,-0.22773403722554414,0.2227512217430646
12.6889,79.9728,69,chengalpattu,-264,2024-07-07,-0.9745311113038149,0.9115080039180607,-0.22126517051286584,0.0691903447143315,-0.5912185914827361,-0.8197875509847017,-0.5015032167536477,1.1230255745431148,0.9139372480786194,0.9799279777336792,-0.6264837205710508,-2.1837249004208648,-2.274375832180674,0.3080445079399281,0.3242959687487558,-0.22773403722554414
13.1107,80.2459,15,chennai,-263,2024-07-08,-0.013330920744158398,0.9783786537014731,-1.567602383674719,-0.1553848142846792,-0.9745311113038149,-0.5912185914827361,-0.8197875509847017,0.9115080039180607,1.1230255745431148,0.9139372480786194,-0.22126517051286584,-0.6264837205710508,-2.1837249004208648,0.0691903447143315,0.3080445079399281,0.3242959687487558
12.6889,79.9728,69,chengalpattu,-263,2024-07-08,-0.6568563088242811,0.9905439723870861,-2.2494163646095093,0.1988063580849125,-0.013330920744158398,-0.9745311113038149,-0.5912185914827361,0.9783786537014731,0.9115080039180607,1.1230255745431148,-1.567602383674719,-0.22126517051286584,-0.6264837205710508,-0.1553848142846792,0.0691903447143315,0.3080445079399281
13.1107,80.2459,15,chennai,-262,2024-07-09,-0.3034702276200414,0.9815424301529532,-1.1175310231290927,-0.32924487157064847,-0.6568563088242811,-0.013330920744158398,-0.9745311113038149,0.9905439723870861,0.9783786537014731,0.9115080039180607,-2.2494163646095093,-1.567602383674719,-0.22126517051286584,0.1988063580849125,-0.1553848142846792,0.0691903447143315
12.6889,79.9728,69,chengalpattu,-262,2024-07-09,-1.210710529881082,0.8253426318405268,-1.1084258198223933,0.0012873607592721625,-0.3034702276200414,-0.6568563088242811,-0.013330920744158398,0.9815424301529532,0.9905439723870861,0.9783786537014731,-1.1175310231290927,-2.2494163646095093,-1.567602383674719,-0.32924487157064847,0.1988063580849125,-0.1553848142846792
13.1107,80.2459,15,chennai,-261,2024-07-10,-0.5430598727155124,1.1909896551692436,0.33104601403151496,-0.024378519989686147,-1.210710529881082,-0.3034702276200414,-0.6568563088242811,0.8253426318405268,0.9815424301529532,0.9905439723870861,-1.1084258198223933,-1.1175310231290927,-2.2494163646095093,0.0012873607592721625,-0.32924487157064847,0.1988063580849125
12.6889,79.9728,69,chengalpattu,-261,2024-07-10,-0.8043255193842473,0.9840579007518069,0.18249922920511638,0.002494875386235285,-0.5430598727155124,-1.210710529881082,-0.3034702276200414,1.1909896551692436,0.8253426318405268,0.9815424301529532,0.33104601403151496,-1.1084258198223933,-1.1175310231290927,-0.024378519989686147,0.0012873607592721625,-0.32924487157064847
13.1107,80.2459,15,chennai,-260,2024-07-11,-0.643444684099916,1.0429040198406285,-1.1850472616832133,0.07020975767603714,-0.8043255193842473,-0.5430598727155124,-1.210710529881082,0.9840579007518069,1.1909896551692436,0.8253426318405268,0.18249922920511638,0.33104601403151496,-1.1084258198223933,0.002494875386235285,-0.024378519989686147,0.0012873607592721625
12.6889,79.9728,69,chengalpattu,-260,2024-07-11,-1.0499605224605388,0.9540539117634348,-0.5179388117170788,0.2023300519713345,-0.643444684099916,-0.8043255193842473,-0.5430598727155124,1.0429040198406285,0.9840579007518069,1.1909896551692436,-1.1850472616832133,0.18249922920511638,0.33104601403151496,0.07020975767603714,0.002494875386235285,-0.024378519989686147
13.1107,80.2459,15,chennai,-259,2024-07-12,0.48939380865778587,1.3595257559251162,0.645055228456606,0.2832778912769663,-1.0499605224605388,-0.643444684099916,-0.8043255193842473,0.9540539117634348,1.0429040198406285,0.9840579007518069,-0.5179388117170788,-1.1850472616832133,0.18249922920511638,0.2023300519713345,0.07020975767603714,0.002494875386235285
12.6889,79.9728,69,chengalpattu,-259,2024-07-12,0.6350957306550903,0.9661775011239876,0.670198592005475,-0.6141262864197209,0.48939380865778587,-1.0499605224605388,-0.643444684099916,1.3595257559251162,0.9540539117634348,1.0429040198406285,0.645055228456606,-0.5179388117170788,-1.1850472616832133,0.2832778912769663,0.2023300519713345,0.07020975767603714
13.1107,80.2459,15,chennai,-258,2024-07-13,0.32647459197551443,1.1144882635776927,-2.4905057239967396,0.23052768881708333,0.6350957306550903,0.48939380865778587,-1.0499605224605388,0.9661775011239876,1.3595257559251162,0.9540539117634348,0.670198592005475,0.645055228456606,-0.5179388117170788,-0.6141262864197209,0.2832778912769663,0.2023300519713345
12.6889,79.9728,69,chengalpattu,-258,2024-07-13,-0.30348402743627984,1.0103369836841636,-2.426347877731839,0.337240943748967,0.32647459197551443,0.6350957306550903,0.48939380865778587,1.1144882635776927,0.9661775011239876,1.3595257559251162,-2.4905057239967396,0.670198592005475,0.645055228456606,0.23052768881708333,-0.6141262864197209,0.2832778912769663
13.1107,80.2459,15,chennai,-257,2024-07-14,0.919826388542105,0.8991039625627374,-2.6084579716876104,-0.5600074699251821,-0.30348402743627984,0.32647459197551443,0.6350957306550903,1.0103369836841636,1.1144882635776927,0.9661775011239876,-2.426347877731839,-2.4905057239967396,0.670198592005475,0.337240943748967,0.23052768881708333,-0.6141262864197209
12.6889,79.9728,69,chengalpattu,-257,2024-07-14,-0.5678379975108436,0.568160583751349,-3.393859696536453,-0.6323176132926615,0.919826388542105,-0.30348402743627984,0.32647459197551443,0.8991039625627374,1.0103369836841636,1.1144882635776927,-2.6084579716876104,-2.426347877731839,-2.4905057239967396,-0.5600074699251821,0.337240943748967,0.23052768881708333
13.1107,80.2459,15,chennai,-256,2024-07-15,1.4742887686494905,1.1371799965210683,-1.6807154202218462,0.3583484042539172,-0.5678379975108436,0.919826388542105,-0.30348402743627984,0.568160583751349,0.8991039625627374,1.0103369836841636,-3.393859696536453,-2.6084579716876104,-2.426347877731839,-0.6323176132926615,-0.5600074699251821,0.337240943748967
12.6889,79.9728,69,chengalpattu,-256,2024-07-15,1.5593376211098005,0.8982505789070354,-2.0156854208793886,-0.0946775673602127,1.4742887686494905,-0.5678379975108436,0.919826388542105,1.1371799965210683,0.568160583751349,0.8991039625627374,-1.6807154202218462,-3.393859696536453,-2.6084579716876104,0.3583484042539172,-0.6323176132926615,-0.5600074699251821
13.1107,80.2459,15,chennai,-255,2024-07-16,0.7878090383575895,1.180204677483223,-1.1583073663174537,1.1800275518492345,1.5593376211098005,1.4742887686494905,-0.5678379975108436,0.8982505789070354,1.1371799965210683,0.568160583751349,-2.0156854208793886,-1.6807154202218462,-3.393859696536453,-0.0946775673602127,0.3583484042539172,-0.6323176132926615
12.6889,79.9728,69,chengalpattu,-255,2024-07-16,1.0869204136944501,0.9663885940270455,-2.0412437348106103,0.9313356644175097,0.7878090383575895,1.5593376211098005,1.4742887686494905,1.180204677483223,0.8982505789070354,1.1371799965210683,-1.1583073663174537,-2.0156854208793886,-1.6807154202218462,1.1800275518492345,-0.0946775673602127,0.3583484042539172
13.1107,80.2459,15,chennai,-254,2024-07-17,-0.1366036763882458,1.3449251974101006,-1.9598378382125414,1.729687345981214,1.0869204136944501,0.7878090383575895,1.5593376211098005,0.9663885940270455,1.180204677483223,0.8982505789070354,-2.0412437348106103,-1.1583073663174537,-2.0156854208793886,0.9313356644175097,1.1800275518492345,-0.0946775673602127
12.6889,79.9728,69,chengalpattu,-254,2024-07-17,-0.09779711601366876,1.0892480069781902,-1.6454392101811914,1.0309720337121033,-0.1366036763882458,1.0869204136944501,0.7878090383575895,1.3449251974101006,0.9663885940270455,1.180204677483223,-1.9598378382125414,-2.0412437348106103,-1.1583073663174537,1.729687345981214,0.9313356644175097,1.1800275518492345
13.1107,80.2459,15,chennai,-253,2024-07-18,0.3589627969994341,1.5833221176336496,-1.3742261072633317,2.2117056154777113,-0.09779711601366876,-0.1366036763882458,1.0869204136944501,1.0892480069781902,1.3449251974101006,0.9663885940270455,-1.6454392101811914,-1.9598378382125414,-2.0412437348106103,1.0309720337121033,1.729687345981214,0.9313356644175097
12.6889,79.9728,69,chengalpattu,-253,2024-07-18,0.3500084405338082,1.1783283112284462,-1.084718145673356,1.2877418601411277,0.3589627969994341,-0.09779711601366876,-0.1366036763882458,1.5833221176336496,1.0892480069781902,1.3449251974101006,-1.3742261072633317,-1.6454392101811914,-1.9598378382125414,2.2117056154777113,1.0309720337121033,1.729687345981214
13.1107,80.2459,15,chennai,-252,2024-07-19,0.2913381008090383,1.2191170076872335,-1.8221598084203816,2.046849842329435,0.3500084405338082,0.3589627969994341,-0.09779711601366876,1.1783283112284462,1.5833221176336496,1.0892480069781902,-1.084718145673356,-1.3742261072633317,-1.6454392101811914,1.2877418601411277,2.2117056154777113,1.0309720337121033
12.6889,79.9728,69,chengalpattu,-252,2024-07-19,0.08154507199383852,0.7551316587447512,-2.66312419341135,1.1269530103915142,0.2913381008090383,0.3500084405338082,0.3589627969994341,1.2191170076872335,1.1783283112284462,1.5833221176336496,-1.8221598084203816,-1.084718145673356,-1.3742261072633317,2.046849842329435,1.2877418601411277,2.2117056154777113
13.1107,80.2459,15,chennai,-251,2024-07-20,-0.3703603311253829,1.1278232290970343,-1.3750220280412846,1.3831066457084966,0.08154507199383852,0.2913381008090383,0.3500084405338082,0.7551316587447512,1.2191170076872335,1.1783283112284462,-2.66312419341135,-1.8221598084203816,-1.084718145673356,1.1269530103915142,2.046849842329435,1.2877418601411277
12.6889,79.9728,69,chengalpattu,-251,2024-07-20,-0.6680779138119611,0.8644028360205703,-2.1891715194863424,0.9932188142176887,-0.3703603311253829,0.08154507199383852,0.2913381008090383,1.1278232290970343,0.7551316587447512,1.2191170076872335,-1.3750220280412846,-2.66312419341135,-1.8221598084203816,1.3831066457084966,1.1269530103915142,2.046849842329435
13.1107,80.2459,15,chennai,-250,2024-07-21,-0.5819787468347798,1.0898497362942023,-0.5231221750042434,0.794766005664648,-0.6680779138119611,-0.3703603311253829,0.08154507199383852,0.8644028360205703,1.1278232290970343,0.7551316587447512,-2.1891715194863424,-1.3750220280412846,-2.66312419341135,0.9932188142176887,1.3831066457084966,1.1269530103915142
12.6889,79.9728,69,chengalpattu,-250,2024-07-21,-0.40714382420285167,1.1548939751541296,-0.06955804751858556,1.367512693371513,-0.5819787468347798,-0.6680779138119611,-0.3703603311253829,1.0898497362942023,0.8644028360205703,1.1278232290970343,-0.5231221750042434,-2.1891715194863424,-1.3750220280412846,0.794766005664648,0.9932188142176887,1.3831066457084966
13.1107,80.2459,15,chennai,-249,2024-07-22,-0.6904057988219119,1.3859965134389292,-0.9617898894188024,1.7454027990116756,-0.40714382420285167,-0.5819787468347798,-0.6680779138119611,1.1548939751541296,1.0898497362942023,0.8644028360205703,-0.06955804751858556,-0.5231221750042434,-2.1891715194863424,1.367512693371513,0.794766005664648,0.9932188142176887
12.6889,79.9728,69,chengalpattu,-249,2024-07-22,-0.5923605406896417,1.2321576948504234,-0.5029850182727077,1.9159856999928557,-0.6904057988219119,-0.40714382420285167,-0.5819787468347798,1.3859965134389292,1.1548939751541296,1.0898497362942023,-0.9617898894188024,-0.06955804751858556,-0.5231221750042434,1.7454027990116756,1.367512693371513,0.794766005664648
13.1107,80.2459,15,chennai,-248,2024-07-23,-0.10447470013805005,1.464874560038657,1.1804366491507432,1.5268987710311235,-0.5923605406896417,-0.6904057988219119,-0.40714382420285167,1.2321576948504234,1.3859965134389292,1.1548939751541296,-0.5029850182727077,-0.9617898894188024,-0.06955804751858556,1.9159856999928557,1.7454027990116756,1.367512693371513
12.6889,79.9728,69,chengalpattu,-248,2024-07-23,-0.173127619953305,1.2188998904132742,0.8551511632543293,1.088057849439463,-0.10447470013805005,-0.5923605406896417,-0.6904057988219119,1.464874560038657,1.2321576948504234,1.3859965134389292,1.1804366491507432,-0.5029850182727077,-0.9617898894188024,1.5268987710311235,1.9159856999928557,1.7454027990116756
13.1107,80.2459,15,chennai,-247,2024-07-24,-0.14862308067219052,1.6138773376460172,0.9568967572446587,2.0616930097996122,-0.173127619953305,-0.10447470013805005,-0.5923605406896417,1.2188998904132742,1.464874560038657,1.2321576948504234,0.8551511632543293,1.1804366491507432,-0.5029850182727077,1.088057849439463,1.5268987710311235,1.9159856999928557
12.6889,79.9728,69,chengalpattu,-247,2024-07-24,-0.3382863767284985,1.324501326102884,0.619373345814299,1.8010989742551662,-0.14862308067219052,-0.173127619953305,-0.10447470013805005,1.6138773376460172,1.2188998904132742,1.464874560038657,0.9568967572446587,0.8551511632543293,1.1804366491507432,2.0616930097996122,1.088057849439463,1.5268987710311235
13.1107,80.2459,15,chennai,-246,2024-07-25,0.3257423868411543,1.6719009228555246,0.9386537979148112,2.06425505279849,-0.3382863767284985,-0.14862308067219052,-0.173127619953305,1.324501326102884,1.6138773376460172,1.2188998904132742,0.619373345814299,0.9568967572446587,0.8551511632543293,1.8010989742551662,2.0616930097996122,1.088057849439463
12.6889,79.9728,69,chengalpattu,-246,2024-07-25,-0.20854167657461553,1.3121968487763385,0.2585411170793897,1.797245084643953,0.3257423868411543,-0.3382863767284985,-0.14862308067219052,1.6719009228555246,1.324501326102884,1.6138773376460172,0.9386537979148112,0.619373345814299,0.9568967572446587,2.06425505279849,1.8010989742551662,2.0616930097996122
13.1107,80.2459,15,chennai,-245,2024-07-26,0.2042635306519349,1.4825273782517068,0.6913298219510378,1.7186311730581532,-0.20854167657461553,0.3257423868411543,-0.3382863767284985,1.3121968487763385,1.6719009228555246,1.324501326102884,0.2585411170793897,0.9386537979148112,0.619373345814299,1.797245084643953,2.06425505279849,1.8010989742551662
12.6889,79.9728,69,chengalpattu,-245,2024-07-26,-0.19433926470949683,1.2790996107553996,0.186353494548624,1.6126248711592845,0.2042635306519349,-0.20854167657461553,0.3257423868411543,1.4825273782517068,1.3121968487763385,1.6719009228555246,0.6913298219510378,0.2585411170793897,0.9386537979148112,1.7186311730581532,1.797245084643953,2.06425505279849
13.1107,80.2459,15,chennai,-244,2024-07-27,0.02254333424323736,1.5048075678385076,1.0061606152901834,2.3124024787295077,-0.19433926470949683,0.2042635306519349,-0.20854167657461553,1.2790996107553996,1.4825273782517068,1.3121968487763385,0.186353494548624,0.6913298219510378,0.2585411170793897,1.6126248711592845,1.7186311730581532,1.797245084643953
12.6889,79.9728,69,chengalpattu,-244,2024-07-27,-0.2700454411141059,1.3109932746923878,0.22164232987764945,1.7969484627439165,0.02254333424323736,-0.19433926470949683,0.2042635306519349,1.5048075678385076,1.2790996107553996,1.4825273782517068,1.0061606152901834,0.186353494548624,0.6913298219510378,2.3124024787295077,1.6126248711592845,1.7186311730581532
13.1107,80.2459,15,chennai,-243,2024-07-28,-0.16466513881899184,1.3424616285228692,0.9226959087223244,2.519540208861,-0.2700454411141059,0.02254333424323736,-0.19433926470949683,1.3109932746923878,1.5048075678385076,1.2790996107553996,0.22164232987764945,1.0061606152901834,0.186353494548624,1.7969484627439165,2.3124024787295077,1.6126248711592845
12.6889,79.9728,69,chengalpattu,-243,2024-07-28,-0.6510903730158375,0.9572874355541408,-0.4992896319752207,2.422860441736627,-0.16466513881899184,-0.2700454411141059,0.02254333424323736,1.3424616285228692,1.3109932746923878,1.5048075678385076,0.9226959087223244,0.22164232987764945,1.0061606152901834,2.519540208861,1.7969484627439165,2.3124024787295077
13.1107,80.2459,15,chennai,-242,2024-07-29,0.3009644922303956,1.3342682395213004,0.5572329589758979,0.9027533234379196,-0.6510903730158375,-0.16466513881899184,-0.2700454411141059,0.9572874355541408,1.3424616285228692,1.3109932746923878,-0.4992896319752207,0.9226959087223244,0.22164232987764945,2.422860441736627,2.519540208861,1.7969484627439165
12.6889,79.9728,69,chengalpattu,-242,2024-07-29,-0.2325790752046483,0.9545714309516873,0.07746791915462534,0.7426594203219629,0.3009644922303956,-0.6510903730158375,-0.16466513881899184,1.3342682395213004,0.9572874355541408,1.3424616285228692,0.5572329589758979,-0.4992896319752207,0.9226959087223244,0.9027533234379196,2.422860441736627,2.519540208861
13.1107,80.2459,15,chennai,-241,2024-07-30,-0.1596048192553962,1.0853503778964484,0.5589264972382545,0.3111941748756067,-0.2325790752046483,0.3009644922303956,-0.6510903730158375,0.9545714309516873,1.3342682395213004,0.9572874355541408,0.07746791915462534,0.5572329589758979,-0.4992896319752207,0.7426594203219629,0.9027533234379196,2.422860441736627
12.6889,79.9728,69,chengalpattu,-241,2024-07-30,-0.023979400477686704,0.9445017186056092,0.366820823436405,0.05348630425452616,-0.1596048192553962,-0.2325790752046483,0.3009644922303956,1.0853503778964484,0.9545714309516873,1.3342682395213004,0.5589264972382545,0.07746791915462534,0.5572329589758979,0.3111941748756067,0.7426594203219629,0.9027533234379196
13.1107,80.2459,15,chennai,-240,2024-07-31,-0.74598798465152,0.8818960188123363,-0.41017156244372743,0.31863383322467786,-0.023979400477686704,-0.1596048192553962,-0.2325790752046483,0.9445017186056092,1.0853503778964484,0.9545714309516873,0.366820823436405,0.5589264972382545,0.07746791915462534,0.05348630425452616,0.3111941748756067,0.7426594203219629
12.6889,79.9728,69,chengalpattu,-240,2024-07-31,-0.6648333680264883,0.8822434547443249,-0.006047042628131516,0.8698663682566613,-0.74598798465152,-0.023979400477686704,-0.1596048192553962,0.8818960188123363,0.9445017186056092,1.0853503778964484,-0.41017156244372743,0.366820823436405,0.5589264972382545,0.31863383322467786,0.05348630425452616,0.3111941748756067
13.1107,80.2459,15,chennai,-239,2024-08-01,-0.5612090281952385,1.1824100567750104,-0.6208386566771235,0.8833190482318755,-0.6648333680264883,-0.74598798465152,-0.023979400477686704,0.8822434547443249,0.8818960188123363,0.9445017186056092,-0.006047042628131516,-0.41017156244372743,0.366820823436405,0.8698663682566613,0.31863383322467786,0.05348630425452616
12.6889,79.9728,69,chengalpattu,-239,2024-08-01,-0.995408275410139,0.9157324948622372,-1.7378006226626395,0.9673943130672622,-0.5612090281952385,-0.6648333680264883,-0.74598798465152,1.1824100567750104,0.8822434547443249,0.8818960188123363,-0.6208386566771235,-0.006047042628131516,-0.41017156244372743,0.8833190482318755,0.8698663682566613,0.31863383322467786
13.1107,80.2459,15,chennai,-238,2024-08-02,-0.3732191279232708,0.9384489211648569,-0.4544394689923073,-0.022186928316621835,-0.995408275410139,-0.5612090281952385,-0.6648333680264883,0.9157324948622372,1.1824100567750104,0.8822434547443249,-1.7378006226626395,-0.6208386566771235,-0.006047042628131516,0.9673943130672622,0.8833190482318755,0.8698663682566613
12.6889,79.9728,69,chengalpattu,-238,2024-08-02,-0.824110913759467,0.9371634837457085,-0.29503760241884086,0.1589647755092437,-0.3732191279232708,-0.995408275410139,-0.5612090281952385,0.9384489211648569,0.9157324948622372,1.1824100567750104,-0.4544394689923073,-1.7378006226626395,-0.6208386566771235,-0.022186928316621835,0.9673943130672622,0.8833190482318755
13.1107,80.2459,15,chennai,-237,2024-08-03,-0.690724749680853,0.7429144989811324,-0.17330589698778803,-0.8394782783971019,-0.824110913759467,-0.3732191279232708,-0.995408275410139,0.9371634837457085,0.9384489211648569,0.9157324948622372,-0.29503760241884086,-0.4544394689923073,-1.7378006226626395,0.1589647755092437,-0.022186928316621835,0.9673943130672622
12.6889,79.9728,69,chengalpattu,-237,2024-08-03,-1.0634251105476946,0.6292904673672783,-0.2735335260671417,-0.28725250559951565,-0.690724749680853,-0.824110913759467,-0.3732191279232708,0.7429144989811324,0.9371634837457085,0.9384489211648569,-0.17330589698778803,-0.29503760241884086,-0.4544394689923073,-0.8394782783971019,0.1589647755092437,-0.022186928316621835
13.1107,80.2459,15,chennai,-236,2024-08-04,-0.7917903168944047,0.6434088089086045,0.16412300837134053,-0.7378247748094784,-1.0634251105476946,-0.690724749680853,-0.824110913759467,0.6292904673672783,0.7429144989811324,0.9371634837457085,-0.2735335260671417,-0.17330589698778803,-0.29503760241884086,-0.28725250559951565,-0.8394782783971019,0.1589647755092437
12.6889,79.9728,69,chengalpattu,-236,2024-08-04,-1.1434592448102259,0.44599767689528685,-0.5587488805705002,-1.0133745142967996,-0.7917903168944047,-1.0634251105476946,-0.690724749680853,0.6434088089086045,0.6292904673672783,0.7429144989811324,0.16412300837134053,-0.2735335260671417,-0.17330589698778803,-0.7378247748094784,-0.28725250559951565,-0.8394782783971019
13.1107,80.2459,15,chennai,-235,2024-08-05,-0.5244523323038388,0.7319822676467053,-0.9198042238549301,-0.3417281815242979,-1.1434592448102259,-0.7917903168944047,-1.0634251105476946,0.44599767689528685,0.6434088089086045,0.6292904673672783,-0.5587488805705002,0.16412300837134053,-0.2735335260671417,-1.0133745142967996,-0.7378247748094784,-0.28725250559951565
12.6889,79.9728,69,chengalpattu,-235,2024-08-05,-0.4555139718224499,0.5137818246351699,-1.2022251698819262,-1.132761347722685,-0.5244523323038388,-1.1434592448102259,-0.7917903168944047,0.7319822676467053,0.44599767689528685,0.6434088089086045,-0.9198042238549301,-0.5587488805705002,0.16412300837134053,-0.3417281815242979,-1.0133745142967996,-0.7378247748094784
13.1107,80.2459,15,chennai,-234,2024-08-06,0.3888731012897908,0.6961096667455726,-0.19593788417659944,-1.1610931395552697,-0.4555139718224499,-0.5244523323038388,-1.1434592448102259,0.5137818246351699,0.7319822676467053,0.44599767689528685,-1.2022251698819262,-0.9198042238549301,-0.5587488805705002,-1.132761347722685,-0.3417281815242979,-1.0133745142967996
12.6889,79.9728,69,chengalpattu,-234,2024-08-06,0.6173107230618475,0.49700135055576505,-0.19305912194176797,-1.827393861710456,0.3888731012897908,-0.4555139718224499,-0.5244523323038388,0.6961096667455726,0.5137818246351699,0.7319822676467053,-0.19593788417659944,-1.2022251698819262,-0.9198042238549301,-1.1610931395552697,-1.132761347722685,-0.3417281815242979
13.1107,80.2459,15,chennai,-233,2024-08-07,-0.23061038084544325,0.4996986342975829,-1.2567108192451273,-1.2430319295913055,0.6173107230618475,0.3888731012897908,-0.4555139718224499,0.49700135055576505,0.6961096667455726,0.5137818246351699,-0.19305912194176797,-0.19593788417659944,-1.2022251698819262,-1.827393861710456,-1.1610931395552697,-1.132761347722685
12.6889,79.9728,69,chengalpattu,-233,2024-08-07,-0.9531822361621906,0.44869270934208977,-1.9443971660120638,-0.981620779078281,-0.23061038084544325,0.6173107230618475,0.3888731012897908,0.4996986342975829,0.49700135055576505,0.6961096667455726,-1.2567108192451273,-0.19305912194176797,-0.19593788417659944,-1.2430319295913055,-1.827393861710456,-1.1610931395552697
13.1107,80.2459,15,chennai,-232,2024-08-08,0.02504064928460906,0.41765388127431774,0.08655784809653708,-1.1935381182674647,-0.9531822361621906,-0.23061038084544325,0.6173107230618475,0.44869270934208977,0.4996986342975829,0.49700135055576505,-1.9443971660120638,-1.2567108192451273,-0.19305912194176797,-0.981620779078281,-1.2430319295913055,-1.827393861710456
12.6889,79.9728,69,chengalpattu,-232,2024-08-08,0.2871871342156082,0.2351928187874951,0.05348383441326598,-1.479263954139704,0.02504064928460906,-0.9531822361621906,-0.23061038084544325,0.41765388127431774,0.44869270934208977,0.4996986342975829,0.08655784809653708,-1.9443971660120638,-1.2567108192451273,-1.1935381182674647,-0.981620779078281,-1.2430319295913055
13.1107,80.2459,15,chennai,-231,2024-08-09,1.2889109504150977,0.3495066538169029,1.1196031156315136,-1.8186422701170861,0.2871871342156082,0.02504064928460906,-0.9531822361621906,0.2351928187874951,0.41765388127431774,0.44869270934208977,0.05348383441326598,0.08655784809653708,-1.9443971660120638,-1.479263954139704,-1.1935381182674647,-0.981620779078281
12.6889,79.9728,69,chengalpattu,-231,2024-08-09,0.9830574810010545,0.17003396076323446,0.644975792155387,-2.2017692623464367,1.2889109504150977,0.2871871342156082,0.02504064928460906,0.3495066538169029,0.2351928187874951,0.41765388127431774,1.1196031156315136,0.05348383441326598,0.08655784809653708,-1.8186422701170861,-1.479263954139704,-1.1935381182674647
13.1107,80.2459,15,chennai,-230,2024-08-10,-0.058091664579743005,0.513654961819004,-0.22945934301045767,-1.558847095494534,0.9830574810010545,1.2889109504150977,0.2871871342156082,0.17003396076323446,0.3495066538169029,0.2351928187874951,0.644975792155387,1.1196031156315136,0.05348383441326598,-2.2017692623464367,-1.8186422701170861,-1.479263954139704
12.6889,79.9728,69,chengalpattu,-230,2024-08-10,0.4566893867217642,0.3340178584194673,-0.016879572713036615,-1.9552841421528386,-0.058091664579743005,0.9830574810010545,1.2889109504150977,0.513654961819004,0.17003396076323446,0.3495066538169029,-0.22945934301045767,0.644975792155387,1.1196031156315136,-1.558847095494534,-2.2017692623464367,-1.8186422701170861
13.1107,80.2459,15,chennai,-229,2024-08-11,0.38883192446974874,0.38272828382233465,0.7094957093722295,-1.6716911026389727,0.4566893867217642,-0.058091664579743005,0.9830574810010545,0.3340178584194673,0.513654961819004,0.17003396076323446,-0.016879572713036615,-0.22945934301045767,0.644975792155387,-1.9552841421528386,-1.558847095494534,-2.2017692623464367
12.6889,79.9728,69,chengalpattu,-229,2024-08-11,0.26132693842375165,0.24077579079029565,0.6046274309490304,-1.7473408758011166,0.38883192446974874,0.4566893867217642,-0.058091664579743005,0.38272828382233465,0.3340178584194673,0.513654961819004,0.7094957093722295,-0.016879572713036615,-0.22945934301045767,-1.6716911026389727,-1.9552841421528386,-1.558847095494534
13.1107,80.2459,15,chennai,-228,2024-08-12,0.29561114503306973,0.6293710762504965,0.5299259217296908,-1.3010985476903163,0.26132693842375165,0.38883192446974874,0.4566893867217642,0.24077579079029565,0.38272828382233465,0.3340178584194673,0.6046274309490304,0.7094957093722295,-0.016879572713036615,-1.7473408758011166,-1.6716911026389727,-1.9552841421528386
12.6889,79.9728,69,chengalpattu,-228,2024-08-12,0.059965497035305154,0.5048882036422048,0.1263611101069573,-1.7023558757455433,0.29561114503306973,0.26132693842375165,0.38883192446974874,0.6293710762504965,0.24077579079029565,0.38272828382233465,0.5299259217296908,0.6046274309490304,0.7094957093722295,-1.3010985476903163,-1.7473408758011166,-1.6716911026389727
13.1107,80.2459,15,chennai,-227,2024-08-13,-0.06453866286389988,0.4663804542653823,0.8234936890947901,-0.680290811085008,0.059965497035305154,0.29561114503306973,0.26132693842375165,0.5048882036422048,0.6293710762504965,0.24077579079029565,0.1263611101069573,0.5299259217296908,0.6046274309490304,-1.7023558757455433,-1.3010985476903163,-1.7473408758011166
12.6889,79.9728,69,chengalpattu,-227,2024-08-13,-0.42800775334990243,0.1839900917424857,0.4616184294688092,-0.9836157436934638,-0.06453866286389988,0.059965497035305154,0.29561114503306973,0.4663804542653823,0.5048882036422048,0.6293710762504965,0.8234936890947901,0.1263611101069573,0.5299259217296908,-0.680290811085008,-1.7023558757455433,-1.3010985476903163
13.1107,80.2459,15,chennai,-226,2024-08-14,-0.22669748258456507,0.4422478973398442,0.22181565569541137,-1.6573177545580249,-0.42800775334990243,-0.06453866286389988,0.059965497035305154,0.1839900917424857,0.4663804542653823,0.5048882036422048,0.4616184294688092,0.8234936890947901,0.1263611101069573,-0.9836157436934638,-0.680290811085008,-1.7023558757455433
12.6889,79.9728,69,chengalpattu,-226,2024-08-14,-0.3422937258937641,0.1537779463255091,-0.4016415477804561,-1.8850335441256505,-0.22669748258456507,-0.42800775334990243,-0.06453866286389988,0.4422478973398442,0.1839900917424857,0.4663804542653823,0.22181565569541137,0.4616184294688092,0.8234936890947901,-1.6573177545580249,-0.9836157436934638,-0.680290811085008
13.1107,80.2459,15,chennai,-225,2024-08-15,0.25967217965320205,0.8835527644648137,0.3019396499395604,-0.8455068166289856,-0.3422937258937641,-0.22669748258456507,-0.42800775334990243,0.1537779463255091,0.4422478973398442,0.1839900917424857,-0.4016415477804561,0.22181565569541137,0.4616184294688092,-1.8850335441256505,-1.6573177545580249,-0.9836157436934638
12.6889,79.9728,69,chengalpattu,-225,2024-08-15,-0.230228608416514,0.6251781101355642,-0.04731635814914628,-1.058081699282967,0.25967217965320205,-0.3422937258937641,-0.22669748258456507,0.8835527644648137,0.1537779463255091,0.4422478973398442,0.3019396499395604,-0.4016415477804561,0.22181565569541137,-0.8455068166289856,-1.8850335441256505,-1.6573177545580249
13.1107,80.2459,15,chennai,-224,2024-08-16,0.40135684869647414,1.1470508195162847,0.7037318754427179,0.049289409756519575,-0.230228608416514,0.25967217965320205,-0.3422937258937641,0.6251781101355642,0.8835527644648137,0.1537779463255091,-0.04731635814914628,0.3019396499395604,-0.4016415477804561,-1.058081699282967,-0.8455068166289856,-1.8850335441256505
12.6889,79.9728,69,chengalpattu,-224,2024-08-16,-0.036287413837373314,0.8849630631627744,0.33459081350868436,-0.22648183481377246,0.40135684869647414,-0.230228608416514,0.25967217965320205,1.1470508195162847,0.6251781101355642,0.8835527644648137,0.7037318754427179,-0.04731635814914628,0.3019396499395604,0.049289409756519575,-1.058081699282967,-0.8455068166289856
13.1107,80.2459,15,chennai,-223,2024-08-17,-0.45524658937302254,0.8732601568513553,0.2514104579073433,-0.5634347814345122,-0.036287413837373314,0.40135684869647414,-0.230228608416514,0.8849630631627744,1.1470508195162847,0.6251781101355642,0.33459081350868436,0.7037318754427179,-0.04731635814914628,-0.22648183481377246,0.049289409756519575,-1.058081699282967
12.6889,79.9728,69,chengalpattu,-223,2024-08-17,-0.5000467246901645,0.5354828408093376,-0.3132502535521169,-1.3441612835110939,-0.45524658937302254,-0.036287413837373314,0.40135684869647414,0.8732601568513553,0.8849630631627744,1.1470508195162847,0.2514104579073433,0.33459081350868436,0.7037318754427179,-0.5634347814345122,-0.22648183481377246,0.049289409756519575
13.1107,80.2459,15,chennai,-222,2024-08-18,-0.235107747964636,0.528010237436175,0.41106354458906985,-1.3281034052767409,-0.5000467246901645,-0.45524658937302254,-0.036287413837373314,0.5354828408093376,0.8732601568513553,0.8849630631627744,-0.3132502535521169,0.2514104579073433,0.33459081350868436,-1.3441612835110939,-0.5634347814345122,-0.22648183481377246
12.6889,79.9728,69,chengalpattu,-222,2024-08-18,-0.7735439412583219,0.24588778257024665,0.08172010301388519,-1.4174786961830308,-0.235107747964636,-0.5000467246901645,-0.45524658937302254,0.528010237436175,0.5354828408093376,0.8732601568513553,0.41106354458906985,-0.3132502535521169,0.2514104579073433,-1.3281034052767409,-1.3441612835110939,-0.5634347814345122
13.1107,80.2459,15,chennai,-221,2024-08-19,0.5084722218035685,0.9057481107018489,0.9843681398056061,-0.3558781838195397,-0.7735439412583219,-0.235107747964636,-0.5000467246901645,0.24588778257024665,0.528010237436175,0.5354828408093376,0.08172010301388519,0.41106354458906985,-0.3132502535521169,-1.4174786961830308,-1.3281034052767409,-1.3441612835110939
12.6889,79.9728,69,chengalpattu,-221,2024-08-19,-0.02825795402281509,0.6036697554721207,0.24647178295283365,-0.7754951705218123,0.5084722218035685,-0.7735439412583219,-0.235107747964636,0.9057481107018489,0.24588778257024665,0.528010237436175,0.9843681398056061,0.08172010301388519,0.41106354458906985,-0.3558781838195397,-1.4174786961830308,-1.3281034052767409
13.1107,80.2459,15,chennai,-220,2024-08-20,0.6586906178540993,0.7606529913304222,0.645113372034189,-0.6529483984678006,-0.02825795402281509,0.5084722218035685,-0.7735439412583219,0.6036697554721207,0.9057481107018489,0.24588778257024665,0.24647178295283365,0.9843681398056061,0.08172010301388519,-0.7754951705218123,-0.3558781838195397,-1.4174786961830308
12.6889,79.9728,69,chengalpattu,-220,2024-08-20,0.296472946940481,0.6241499862006368,0.14286856392930064,-0.9054855174012365,0.6586906178540993,-0.02825795402281509,0.5084722218035685,0.7606529913304222,0.6036697554721207,0.9057481107018489,0.645113372034189,0.24647178295283365,0.9843681398056061,-0.6529483984678006,-0.7754951705218123,-0.3558781838195397
13.1107,80.2459,15,chennai,-219,2024-08-21,1.0647982943225494,1.0550711188171311,0.8752350431492836,0.7412696410528563,0.296472946940481,0.6586906178540993,-0.02825795402281509,0.6241499862006368,0.7606529913304222,0.6036697554721207,0.14286856392930064,0.645113372034189,0.24647178295283365,-0.9054855174012365,-0.6529483984678006,-0.7754951705218123
12.6889,79.9728,69,chengalpattu,-219,2024-08-21,0.4518662712804134,0.8367460238636182,0.4734609572054399,0.4419570339439384,1.0647982943225494,0.296472946940481,0.6586906178540993,1.0550711188171311,0.6241499862006368,0.7606529913304222,0.8752350431492836,0.14286856392930064,0.645113372034189,0.7412696410528563,-0.9054855174012365,-0.6529483984678006
13.1107,80.2459,15,chennai,-218,2024-08-22,0.1418614509507215,0.9515594764610312,0.4693055634074362,1.173793944264561,0.4518662712804134,1.0647982943225494,0.296472946940481,0.8367460238636182,1.0550711188171311,0.6241499862006368,0.4734609572054399,0.8752350431492836,0.14286856392930064,0.4419570339439384,0.7412696410528563,-0.9054855174012365
12.6889,79.9728,69,chengalpattu,-218,2024-08-22,-0.3562917000872128,0.7368759068509952,-0.24528003721701716,0.9945004337037985,0.1418614509507215,0.4518662712804134,1.0647982943225494,0.9515594764610312,0.8367460238636182,1.0550711188171311,0.4693055634074362,0.4734609572054399,0.8752350431492836,1.173793944264561,0.4419570339439384,0.7412696410528563
13.1107,80.2459,15,chennai,-217,2024-08-23,0.49986545997175685,1.221407975030952,1.1764845306530447,0.7114835292462118,-0.3562917000872128,0.1418614509507215,0.4518662712804134,0.7368759068509952,0.9515594764610312,0.8367460238636182,-0.24528003721701716,0.4693055634074362,0.4734609572054399,0.9945004337037985,1.173793944264561,0.4419570339439384
12.6889,79.9728,69,chengalpattu,-217,2024-08-23,0.01103225415598187,0.9638670254781077,0.9011861770599849,0.6451309487074991,0.49986545997175685,-0.3562917000872128,0.1418614509507215,1.221407975030952,0.7368759068509952,0.9515594764610312,1.1764845306530447,-0.24528003721701716,0.4693055634074362,0.7114835292462118,0.9945004337037985,1.173793944264561
13.1107,80.2459,15,chennai,-216,2024-08-24,0.16275226237639545,1.3053654014565523,0.5523928656046682,0.8661298252366482,0.01103225415598187,0.49986545997175685,-0.3562917000872128,0.9638670254781077,1.221407975030952,0.7368759068509952,0.9011861770599849,1.1764845306530447,-0.24528003721701716,0.6451309487074991,0.7114835292462118,0.9945004337037985
12.6889,79.9728,69,chengalpattu,-216,2024-08-24,-0.2296366807768904,1.0526781708351713,0.48501702817472436,1.1564076018488267,0.16275226237639545,0.01103225415598187,0.49986545997175685,1.3053654014565523,0.9638670254781077,1.221407975030952,0.5523928656046682,0.9011861770599849,1.1764845306530447,0.8661298252366482,0.6451309487074991,0.7114835292462118
13.1107,80.2459,15,chennai,-215,2024-08-25,-0.1856450546714066,0.9883833996206441,0.68952629208237,0.7447293156828313,-0.2296366807768904,0.16275226237639545,0.01103225415598187,1.0526781708351713,1.3053654014565523,0.9638670254781077,0.48501702817472436,0.5523928656046682,0.9011861770599849,1.1564076018488267,0.8661298252366482,0.6451309487074991
12.6889,79.9728,69,chengalpattu,-215,2024-08-25,-0.978710565909049,0.6037255046387423,0.1406348897256124,0.5417066201897366,-0.1856450546714066,-0.2296366807768904,0.16275226237639545,0.9883833996206441,1.0526781708351713,1.3053654014565523,0.68952629208237,0.48501702817472436,0.5523928656046682,0.7447293156828313,1.1564076018488267,0.8661298252366482
13.1107,80.2459,15,chennai,-214,2024-08-26,0.056457814826784525,1.0027544982080376,1.1003758817202032,1.2426685728671902,-0.978710565909049,-0.1856450546714066,-0.2296366807768904,0.6037255046387423,0.9883833996206441,1.0526781708351713,0.1406348897256124,0.68952629208237,0.48501702817472436,0.5417066201897366,0.7447293156828313,1.1564076018488267
12.6889,79.9728,69,chengalpattu,-214,2024-08-26,-0.819460761886595,0.6492348419934245,0.5754958640969298,1.024191319422967,0.056457814826784525,-0.978710565909049,-0.1856450546714066,1.0027544982080376,0.6037255046387423,0.9883833996206441,1.1003758817202032,0.1406348897256124,0.68952629208237,1.2426685728671902,0.5417066201897366,0.7447293156828313
13.1107,80.2459,15,chennai,-213,2024-08-27,-0.4684513844288105,0.8687530001952477,-1.4704428361538844,0.4468795680320428,-0.819460761886595,0.056457814826784525,-0.978710565909049,0.6492348419934245,1.0027544982080376,0.6037255046387423,0.5754958640969298,1.1003758817202032,0.1406348897256124,1.024191319422967,1.2426685728671902,0.5417066201897366
12.6889,79.9728,69,chengalpattu,-213,2024-08-27,-1.2153885285539616,0.5558006290432779,-1.2706141458822349,0.4003311643535858,-0.4684513844288105,-0.819460761886595,0.056457814826784525,0.8687530001952477,0.6492348419934245,1.0027544982080376,-1.4704428361538844,0.5754958640969298,1.1003758817202032,0.4468795680320428,1.024191319422967,1.2426685728671902
13.1107,80.2459,15,chennai,-212,2024-08-28,0.01511843265372662,0.4087655490409292,-2.980290305240381,-0.20508017425742286,-1.2153885285539616,-0.4684513844288105,-0.819460761886595,0.5558006290432779,0.8687530001952477,0.6492348419934245,-1.2706141458822349,-1.4704428361538844,0.5754958640969298,0.4003311643535858,0.4468795680320428,1.024191319422967
12.6889,79.9728,69,chengalpattu,-212,2024-08-28,-0.5871141972492014,0.13223247257142492,-3.55198652354263,-0.6115001658081997,0.01511843265372662,-1.2153885285539616,-0.4684513844288105,0.4087655490409292,0.5558006290432779,0.8687530001952477,-2.980290305240381,-1.2706141458822349,-1.4704428361538844,-0.20508017425742286,0.4003311643535858,0.4468795680320428
13.1107,80.2459,15,chennai,-211,2024-08-29,0.41191598551334846,0.7245681899504455,-1.8592560971574867,0.5749483109407113,-0.5871141972492014,0.01511843265372662,-1.2153885285539616,0.13223247257142492,0.4087655490409292,0.5558006290432779,-3.55198652354263,-2.980290305240381,-1.2706141458822349,-0.6115001658081997,-0.20508017425742286,0.4003311643535858
12.6889,79.9728,69,chengalpattu,-211,2024-08-29,0.43327359279652217,0.566819451900673,-1.5317193142635734,0.26714699172132395,0.41191598551334846,-0.5871141972492014,0.01511843265372662,0.7245681899504455,0.13223247257142492,0.4087655490409292,-1.8592560971574867,-3.55198652354263,-2.980290305240381,0.5749483109407113,-0.6115001658081997,-0.20508017425742286
13.1107,80.2459,15,chennai,-210,2024-08-30,-0.059956896481627144,0.5893502735744226,-2.081056964752229,0.2754015789701198,0.43327359279652217,0.41191598551334846,-0.5871141972492014,0.566819451900673,0.7245681899504455,0.13223247257142492,-1.5317193142635734,-1.8592560971574867,-3.55198652354263,0.26714699172132395,0.5749483109407113,-0.6115001658081997
12.6889,79.9728,69,chengalpattu,-210,2024-08-30,-0.05660645459470531,0.5028055039368248,-2.041779315543633,0.6311674064885942,-0.059956896481627144,0.43327359279652217,0.41191598551334846,0.5893502735744226,0.566819451900673,0.7245681899504455,-2.081056964752229,-1.5317193142635734,-1.8592560971574867,0.2754015789701198,0.26714699172132395,0.5749483109407113
13.1107,80.2459,15,chennai,-209,2024-08-31,-0.19636984249426565,0.8471992138288759,-1.5904164263830383,1.3429662972663883,-0.05660645459470531,-0.059956896481627144,0.43327359279652217,0.5028055039368248,0.5893502735744226,0.566819451900673,-2.041779315543633,-2.081056964752229,-1.5317193142635734,0.6311674064885942,0.2754015789701198,0.26714699172132395
12.6889,79.9728,69,chengalpattu,-209,2024-08-31,-0.6300718932325603,0.5764020965003843,-1.3684865763765717,0.8593119108783566,-0.19636984249426565,-0.05660645459470531,-0.059956896481627144,0.8471992138288759,0.5028055039368248,0.5893502735744226,-1.5904164263830383,-2.041779315543633,-2.081056964752229,1.3429662972663883,0.6311674064885942,0.2754015789701198
13.1107,80.2459,15,chennai,-208,2024-09-01,-0.2761018189857363,0.7182677155991124,0.3262501767434203,0.9212289167747192,-0.6300718932325603,-0.19636984249426565,-0.05660645459470531,0.5764020965003843,0.8471992138288759,0.5028055039368248,-1.3684865763765717,-1.5904164263830383,-2.041779315543633,0.8593119108783566,1.3429662972663883,0.6311674064885942
12.6889,79.9728,69,chengalpattu,-208,2024-09-01,-0.3682434344795049,0.42768968566602195,0.24616938345669054,0.4659197410920757,-0.2761018189857363,-0.6300718932325603,-0.19636984249426565,0.7182677155991124,0.5764020965003843,0.8471992138288759,0.3262501767434203,-1.3684865763765717,-1.5904164263830383,0.9212289167747192,0.8593119108783566,1.3429662972663883
13.1107,80.2459,15,chennai,-207,2024-09-02,0.085499948843532,0.6451589205473675,0.7804144344088051,0.026154356742059313,-0.3682434344795049,-0.2761018189857363,-0.6300718932325603,0.42768968566602195,0.7182677155991124,0.5764020965003843,0.24616938345669054,0.3262501767434203,-1.3684865763765717,0.4659197410920757,0.9212289167747192,0.8593119108783566
12.6889,79.9728,69,chengalpattu,-207,2024-09-02,-0.40534390734221204,0.4056850652284239,0.5092090348981764,0.11237846761916842,0.085499948843532,-0.3682434344795049,-0.2761018189857363,0.6451589205473675,0.42768968566602195,0.7182677155991124,0.7804144344088051,0.24616938345669054,0.3262501767434203,0.026154356742059313,0.4659197410920757,0.9212289167747192
13.1107,80.2459,15,chennai,-206,2024-09-03,-0.22724074755674306,0.48342847138755485,-0.4184058459182293,-0.9107479871416533,-0.40534390734221204,0.085499948843532,-0.3682434344795049,0.4056850652284239,0.6451589205473675,0.42768968566602195,0.5092090348981764,0.7804144344088051,0.24616938345669054,0.11237846761916842,0.026154356742059313,0.4659197410920757
12.6889,79.9728,69,chengalpattu,-206,2024-09-03,-0.36969464485946946,0.4065310934981339,-0.9520722666570575,-0.6632162739777518,-0.22724074755674306,-0.40534390734221204,0.085499948843532,0.48342847138755485,0.4056850652284239,0.6451589205473675,-0.4184058459182293,0.5092090348981764,0.7804144344088051,-0.9107479871416533,0.11237846761916842,0.026154356742059313
13.1107,80.2459,15,chennai,-205,2024-09-04,-0.8347153310590246,0.7022914437919426,-1.8785744857600104,0.4090869854080373,-0.36969464485946946,-0.22724074755674306,-0.40534390734221204,0.4065310934981339,0.48342847138755485,0.4056850652284239,-0.9520722666570575,-0.4184058459182293,0.5092090348981764,-0.6632162739777518,-0.9107479871416533,0.11237846761916842
12.6889,79.9728,69,chengalpattu,-205,2024-09-04,-0.8166140886844859,0.61692471095684,-1.567912576532994,0.5100459443969961,-0.8347153310590246,-0.36969464485946946,-0.22724074755674306,0.7022914437919426,0.4065310934981339,0.48342847138755485,-1.8785744857600104,-0.9520722666570575,-0.4184058459182293,0.4090869854080373,-0.6632162739777518,-0.9107479871416533
13.1107,80.2459,15,chennai,-204,2024-09-05,-0.4228648113411017,0.6806716532221102,-0.05550620140100872,0.02873243890694593,-0.8166140886844859,-0.8347153310590246,-0.36969464485946946,0.61692471095684,0.7022914437919426,0.4065310934981339,-1.567912576532994,-1.8785744857600104,-0.9520722666570575,0.5100459443969961,0.4090869854080373,-0.6632162739777518
12.6889,79.9728,69,chengalpattu,-204,2024-09-05,-0.23193625267452064,0.5965581101071997,0.10198690639046733,-0.21691739756669376,-0.4228648113411017,-0.8166140886844859,-0.8347153310590246,0.6806716532221102,0.61692471095684,0.7022914437919426,-0.05550620140100872,-1.567912576532994,-1.8785744857600104,0.02873243890694593,0.5100459443969961,0.4090869854080373
13.1107,80.2459,15,chennai,-203,2024-09-06,0.3080965428873419,0.5861864044047141,-1.6821655313440609,-0.6149089405630771,-0.23193625267452064,-0.4228648113411017,-0.8166140886844859,0.5965581101071997,0.6806716532221102,0.61692471095684,0.10198690639046733,-0.05550620140100872,-1.567912576532994,-0.21691739756669376,0.02873243890694593,0.5100459443969961
12.6889,79.9728,69,chengalpattu,-203,2024-09-06,-0.7107798941348336,0.5673937353506852,-2.0196874005924768,0.18036898864491274,0.3080965428873419,-0.23193625267452064,-0.4228648113411017,0.5861864044047141,0.5965581101071997,0.6806716532221102,-1.6821655313440609,0.10198690639046733,-0.05550620140100872,-0.6149089405630771,-0.21691739756669376,0.02873243890694593
13.1107,80.2459,15,chennai,-202,2024-09-07,-0.5545020075557083,0.6819715438497896,-2.1049519638486163,0.2038054155267366,-0.7107798941348336,0.3080965428873419,-0.23193625267452064,0.5673937353506852,0.5861864044047141,0.5965581101071997,-2.0196874005924768,-1.6821655313440609,0.10198690639046733,0.18036898864491274,-0.6149089405630771,-0.21691739756669376
12.6889,79.9728,69,chengalpattu,-202,2024-09-07,-0.42068349165381114,0.5216672481288878,-1.6093631751160722,0.05758149359088337,-0.5545020075557083,-0.7107798941348336,0.3080965428873419,0.6819715438497896,0.5673937353506852,0.5861864044047141,-2.1049519638486163,-2.0196874005924768,-1.6821655313440609,0.2038054155267366,0.18036898864491274,-0.6149089405630771
13.1107,80.2459,15,chennai,-201,2024-09-08,-0.4532521502922839,0.7861485912015624,-0.3917081759126362,1.0516043665170658,-0.42068349165381114,-0.5545020075557083,-0.7107798941348336,0.5216672481288878,0.6819715438497896,0.5673937353506852,-1.6093631751160722,-2.1049519638486163,-2.0196874005924768,0.05758149359088337,0.2038054155267366,0.18036898864491274
12.6889,79.9728,69,chengalpattu,-201,2024-09-08,-0.5025567651876475,0.6782618311745696,-0.36753297149118835,0.8694505425939546,-0.4532521502922839,-0.42068349165381114,-0.5545020075557083,0.7861485912015624,0.5216672481288878,0.6819715438497896,-0.3917081759126362,-1.6093631751160722,-2.1049519638486163,1.0516043665170658,0.05758149359088337,0.2038054155267366
13.1107,80.2459,15,chennai,-200,2024-09-09,-0.08048040873999734,0.8912354865535134,0.20334542053969065,1.2338280944490763,-0.5025567651876475,-0.4532521502922839,-0.42068349165381114,0.6782618311745696,0.7861485912015624,0.5216672481288878,-0.36753297149118835,-0.3917081759126362,-1.6093631751160722,0.8694505425939546,1.0516043665170658,0.05758149359088337
12.6889,79.9728,69,chengalpattu,-200,2024-09-09,-0.37823455506398473,0.7511583307594596,-0.3047527622604589,1.0668148151468904,-0.08048040873999734,-0.5025567651876475,-0.4532521502922839,0.8912354865535134,0.6782618311745696,0.7861485912015624,0.20334542053969065,-0.36753297149118835,-0.3917081759126362,1.2338280944490763,0.8694505425939546,1.0516043665170658
13.1107,80.2459,15,chennai,-199,2024-09-10,0.2546930412628313,0.8307246074341199,1.1856019414561194,0.7191178777521894,-0.37823455506398473,-0.08048040873999734,-0.5025567651876475,0.7511583307594596,0.8912354865535134,0.6782618311745696,-0.3047527622604589,0.20334542053969065,-0.36753297149118835,1.0668148151468904,1.2338280944490763,0.8694505425939546
12.6889,79.9728,69,chengalpattu,-199,2024-09-10,-0.20636774029963698,0.4491607678786283,0.8265153941070609,0.26021362484703614,0.2546930412628313,-0.37823455506398473,-0.08048040873999734,0.8307246074341199,0.7511583307594596,0.8912354865535134,1.1856019414561194,-0.3047527622604589,0.20334542053969065,0.7191178777521894,1.0668148151468904,1.2338280944490763
13.1107,80.2459,15,chennai,-198,2024-09-11,0.17014606351301018,0.8601001363377979,0.4155181555425899,0.6077978053310454,-0.20636774029963698,0.2546930412628313,-0.37823455506398473,0.4491607678786283,0.8307246074341199,0.7511583307594596,0.8265153941070609,1.1856019414561194,-0.3047527622604589,0.26021362484703614,0.7191178777521894,1.0668148151468904
12.6889,79.9728,69,chengalpattu,-198,2024-09-11,-0.5332181008570427,0.45354394557059413,0.1355950669849677,0.18656687448309103,0.17014606351301018,-0.20636774029963698,0.2546930412628313,0.8601001363377979,0.4491607678786283,0.8307246074341199,0.4155181555425899,0.8265153941070609,1.1856019414561194,0.6077978053310454,0.26021362484703614,0.7191178777521894
13.1107,80.2459,15,chennai,-197,2024-09-12,-0.1379899849378039,0.342501499505429,0.9922076463036638,-0.08797769602843268,-0.5332181008570427,0.17014606351301018,-0.20636774029963698,0.45354394557059413,0.8601001363377979,0.4491607678786283,0.1355950669849677,0.4155181555425899,0.8265153941070609,0.18656687448309103,0.6077978053310454,0.26021362484703614
12.6889,79.9728,69,chengalpattu,-197,2024-09-12,-0.7574337795836964,0.04539372267262324,0.5006120234465447,-0.32359699899784156,-0.1379899849378039,-0.5332181008570427,0.17014606351301018,0.342501499505429,0.45354394557059413,0.8601001363377979,0.9922076463036638,0.1355950669849677,0.4155181555425899,-0.08797769602843268,0.18656687448309103,0.6077978053310454
13.1107,80.2459,15,chennai,-196,2024-09-13,-0.648876127874386,0.7260054123730821,0.007450227271687664,-0.11803765081170432,-0.7574337795836964,-0.1379899849378039,-0.5332181008570427,0.04539372267262324,0.342501499505429,0.45354394557059413,0.5006120234465447,0.9922076463036638,0.1355950669849677,-0.32359699899784156,-0.08797769602843268,0.18656687448309103
12.6889,79.9728,69,chengalpattu,-196,2024-09-13,-0.6182128088582077,0.6895830728309564,0.11011919757242639,-0.17871692779705528,-0.648876127874386,-0.7574337795836964,-0.1379899849378039,0.7260054123730821,0.04539372267262324,0.342501499505429,0.007450227271687664,0.5006120234465447,0.9922076463036638,-0.11803765081170432,-0.32359699899784156,-0.08797769602843268
13.1107,80.2459,15,chennai,-195,2024-09-14,-0.3157372956054149,0.8634860256644384,0.34310052831669546,-0.05655842189006441,-0.6182128088582077,-0.648876127874386,-0.7574337795836964,0.6895830728309564,0.7260054123730821,0.04539372267262324,0.11011919757242639,0.007450227271687664,0.5006120234465447,-0.17871692779705528,-0.11803765081170432,-0.32359699899784156
12.6889,79.9728,69,chengalpattu,-195,2024-09-14,-0.8509743667795433,0.6935106554307495,0.20904806651911068,0.11372512950051489,-0.3157372956054149,-0.6182128088582077,-0.648876127874386,0.8634860256644384,0.6895830728309564,0.7260054123730821,0.34310052831669546,0.11011919757242639,0.007450227271687664,-0.05655842189006441,-0.17871692779705528,-0.11803765081170432
13.1107,80.2459,15,chennai,-194,2024-09-15,-0.1619676998506021,0.6399064701305279,0.563221553741624,-0.3003336638166113,-0.8509743667795433,-0.3157372956054149,-0.6182128088582077,0.6935106554307495,0.8634860256644384,0.6895830728309564,0.20904806651911068,0.34310052831669546,0.11011919757242639,0.11372512950051489,-0.05655842189006441,-0.17871692779705528
12.6889,79.9728,69,chengalpattu,-194,2024-09-15,-0.7223694906795448,0.4469577641250994,0.5077250506150391,0.3724914666132229,-0.1619676998506021,-0.8509743667795433,-0.3157372956054149,0.6399064701305279,0.6935106554307495,0.8634860256644384,0.563221553741624,0.20904806651911068,0.34310052831669546,-0.3003336638166113,0.11372512950051489,-0.05655842189006441
13.1107,80.2459,15,chennai,-193,2024-09-16,-0.6226471668786259,0.4709920711017381,0.44857190570836525,0.029485637542833735,-0.7223694906795448,-0.1619676998506021,-0.8509743667795433,0.4469577641250994,0.6399064701305279,0.6935106554307495,0.5077250506150391,0.563221553741624,0.20904806651911068,0.3724914666132229,-0.3003336638166113,0.11372512950051489
12.6889,79.9728,69,chengalpattu,-193,2024-09-16,-0.747426348429596,0.419404082940988,0.8017950163591835,0.6649978229873705,-0.6226471668786259,-0.7223694906795448,-0.1619676998506021,0.4709920711017381,0.4469577641250994,0.6399064701305279,0.44857190570836525,0.5077250506150391,0.563221553741624,0.029485637542833735,0.3724914666132229,-0.3003336638166113
13.1107,80.2459,15,chennai,-192,2024-09-17,0.0639245772504694,0.22374801021610774,1.596385891900609,0.045873725880937334,-0.747426348429596,-0.6226471668786259,-0.7223694906795448,0.419404082940988,0.4709920711017381,0.4469577641250994,0.8017950163591835,0.44857190570836525,0.5077250506150391,0.6649978229873705,0.029485637542833735,0.3724914666132229
12.6889,79.9728,69,chengalpattu,-192,2024-09-17,-0.3401900516124679,0.17999488519049262,1.4292905885805085,0.2729160782846256,0.0639245772504694,-0.747426348429596,-0.6226471668786259,0.22374801021610774,0.419404082940988,0.4709920711017381,1.596385891900609,0.8017950163591835,0.44857190570836525,0.045873725880937334,0.6649978229873705,0.029485637542833735
13.1107,80.2459,15,chennai,-191,2024-09-18,-0.3922625065885631,0.06189438021200881,0.5337876628718831,-1.0049072198689053,-0.3401900516124679,0.0639245772504694,-0.747426348429596,0.17999488519049262,0.22374801021610774,0.419404082940988,1.4292905885805085,1.596385891900609,0.8017950163591835,0.2729160782846256,0.045873725880937334,0.6649978229873705
12.6889,79.9728,69,chengalpattu,-191,2024-09-18,-0.6319443615930022,-0.13540697635800397,0.9237247096840774,-0.273556618673958,-0.3922625065885631,-0.3401900516124679,0.0639245772504694,0.06189438021200881,0.17999488519049262,0.22374801021610774,0.5337876628718831,1.4292905885805085,1.596385891900609,-1.0049072198689053,0.2729160782846256,0.045873725880937334
13.1107,80.2459,15,chennai,-190,2024-09-19,-0.20541762229273688,0.016811507845237345,0.6577595564292334,-0.9243664155321625,-0.6319443615930022,-0.3922625065885631,-0.3401900516124679,-0.13540697635800397,0.06189438021200881,0.17999488519049262,0.9237247096840774,0.5337876628718831,1.4292905885805085,-0.273556618673958,-1.0049072198689053,0.2729160782846256
12.6889,79.9728,69,chengalpattu,-190,2024-09-19,-0.8520308030734207,-0.3255296763882908,0.4505199715724173,-0.7166078380681444,-0.20541762229273688,-0.6319443615930022,-0.3922625065885631,0.016811507845237345,-0.13540697635800397,0.06189438021200881,0.6577595564292334,0.9237247096840774,0.5337876628718831,-0.9243664155321625,-0.273556618673958,-1.0049072198689053
13.1107,80.2459,15,chennai,-189,2024-09-20,-0.8865318561523686,0.38497722382376054,0.008677674967065029,-0.4592826313927922,-0.8520308030734207,-0.20541762229273688,-0.6319443615930022,-0.3255296763882908,0.016811507845237345,-0.13540697635800397,0.4505199715724173,0.6577595564292334,0.9237247096840774,-0.7166078380681444,-0.9243664155321625,-0.273556618673958
12.6889,79.9728,69,chengalpattu,-189,2024-09-20,-1.1749089592422017,0.2811016066541828,-0.025343728960263438,-0.14063802564932565,-0.8865318561523686,-0.8520308030734207,-0.20541762229273688,0.38497722382376054,-0.3255296763882908,0.016811507845237345,0.008677674967065029,0.4505199715724173,0.6577595564292334,-0.4592826313927922,-0.7166078380681444,-0.9243664155321625
13.1107,80.2459,15,chennai,-188,2024-09-21,-0.6975395295681653,0.2697235630119975,-2.7833686471961077,-0.5350656191817732,-1.1749089592422017,-0.8865318561523686,-0.8520308030734207,0.2811016066541828,0.38497722382376054,-0.3255296763882908,-0.025343728960263438,0.008677674967065029,0.4505199715724173,-0.14063802564932565,-0.4592826313927922,-0.7166078380681444
12.6889,79.9728,69,chengalpattu,-188,2024-09-21,-1.1381662568894704,0.2639115215000332,-2.7743218718487745,-0.28462938316638303,-0.6975395295681653,-1.1749089592422017,-0.8865318561523686,0.2697235630119975,0.2811016066541828,0.38497722382376054,-2.7833686471961077,-0.025343728960263438,0.008677674967065029,-0.5350656191817732,-0.14063802564932565,-0.4592826313927922
13.1107,80.2459,15,chennai,-187,2024-09-22,-0.10056042599629085,0.318301857326118,-1.7275818299002643,-0.8595482121007152,-1.1381662568894704,-0.6975395295681653,-1.1749089592422017,0.2639115215000332,0.2697235630119975,0.2811016066541828,-2.7743218718487745,-2.7833686471961077,-0.025343728960263438,-0.28462938316638303,-0.5350656191817732,-0.14063802564932565
12.6889,79.9728,69,chengalpattu,-187,2024-09-22,-1.2809859304152182,0.43910846003396953,-2.827924536320433,0.5715703605609144,-0.10056042599629085,-1.1381662568894704,-0.6975395295681653,0.318301857326118,0.2639115215000332,0.2697235630119975,-1.7275818299002643,-2.7743218718487745,-2.7833686471961077,-0.8595482121007152,-0.28462938316638303,-0.5350656191817732
13.1107,80.2459,15,chennai,-186,2024-09-23,0.6928042064040769,0.26491887726511615,0.1459307487918004,-1.7573396250340527,-1.2809859304152182,-0.10056042599629085,-1.1381662568894704,0.43910846003396953,0.318301857326118,0.2639115215000332,-2.827924536320433,-1.7275818299002643,-2.7743218718487745,0.5715703605609144,-0.8595482121007152,-0.28462938316638303
12.6889,79.9728,69,chengalpattu,-186,2024-09-23,0.6744126535211568,0.2895133661514429,-0.03916024161589701,-1.536218645816823,0.6928042064040769,-1.2809859304152182,-0.10056042599629085,0.26491887726511615,0.43910846003396953,0.318301857326118,0.1459307487918004,-2.827924536320433,-1.7275818299002643,-1.7573396250340527,0.5715703605609144,-0.8595482121007152
13.1107,80.2459,15,chennai,-185,2024-09-24,0.5578050390946212,0.5481472142377836,0.17537671227135024,-0.7009849616096681,0.6744126535211568,0.6928042064040769,-1.2809859304152182,0.2895133661514429,0.26491887726511615,0.43910846003396953,-0.03916024161589701,0.1459307487918004,-2.827924536320433,-1.536218645816823,-1.7573396250340527,0.5715703605609144
12.6889,79.9728,69,chengalpattu,-185,2024-09-24,0.10785154645329285,0.390230959276458,-0.276391130172835,-0.6373975010959502,0.5578050390946212,0.6744126535211568,0.6928042064040769,0.5481472142377836,0.2895133661514429,0.26491887726511615,0.17537671227135024,-0.03916024161589701,0.1459307487918004,-0.7009849616096681,-1.536218645816823,-1.7573396250340527
13.1107,80.2459,15,chennai,-184,2024-09-25,0.5326978205252061,0.38148161547983983,0.08418031586540752,-1.3176552361327147,0.10785154645329285,0.5578050390946212,0.6744126535211568,0.390230959276458,0.5481472142377836,0.2895133661514429,-0.276391130172835,0.17537671227135024,-0.03916024161589701,-0.6373975010959502,-0.7009849616096681,-1.536218645816823
12.6889,79.9728,69,chengalpattu,-184,2024-09-25,-0.3698868917462322,0.2526506364645758,-0.2164098550292606,-0.8060629931649286,0.5326978205252061,0.10785154645329285,0.5578050390946212,0.38148161547983983,0.390230959276458,0.5481472142377836,0.08418031586540752,-0.276391130172835,0.17537671227135024,-1.3176552361327147,-0.6373975010959502,-0.7009849616096681
13.1107,80.2459,15,chennai,-183,2024-09-26,-0.32851330441695337,0.5841815476496419,-2.4971583440717158,-0.18894476951456035,-0.3698868917462322,0.5326978205252061,0.10785154645329285,0.2526506364645758,0.38148161547983983,0.390230959276458,-0.2164098550292606,0.08418031586540752,-0.276391130172835,-0.8060629931649286,-1.3176552361327147,-0.6373975010959502
12.6889,79.9728,69,chengalpattu,-183,2024-09-26,-1.328187930775848,0.2519729494066339,-3.0243387880383423,-0.4776079760569412,-0.32851330441695337,-0.3698868917462322,0.5326978205252061,0.5841815476496419,0.2526506364645758,0.38148161547983983,-2.4971583440717158,-0.2164098550292606,0.08418031586540752,-0.18894476951456035,-0.8060629931649286,-1.3176552361327147
13.1107,80.2459,15,chennai,-182,2024-09-27,0.8820457941357227,0.4488572680343568,0.16668284854219317,-1.1656827863536519,-1.328187930775848,-0.32851330441695337,-0.3698868917462322,0.2519729494066339,0.5841815476496419,0.2526506364645758,-3.0243387880383423,-2.4971583440717158,-0.2164098550292606,-0.4776079760569412,-0.18894476951456035,-0.8060629931649286
12.6889,79.9728,69,chengalpattu,-182,2024-09-27,1.3230589215532182,0.15978551327924764,0.18240521453883493,-2.3597235221148414,0.8820457941357227,-1.328187930775848,-0.32851330441695337,0.4488572680343568,0.2519729494066339,0.5841815476496419,0.16668284854219317,-3.0243387880383423,-2.4971583440717158,-1.1656827863536519,-0.4776079760569412,-0.18894476951456035
13.1107,80.2459,15,chennai,-181,2024-09-28,0.8779882138234284,-0.3414318701719125,0.7870044430478749,-1.9089328471292935,1.3230589215532182,0.8820457941357227,-1.328187930775848,0.15978551327924764,0.4488572680343568,0.2519729494066339,0.18240521453883493,0.16668284854219317,-3.0243387880383423,-2.3597235221148414,-1.1656827863536519,-0.4776079760569412
12.6889,79.9728,69,chengalpattu,-181,2024-09-28,0.3307448195975656,-0.39715393977911606,0.01766022548631292,-2.111250246882405,0.8779882138234284,1.3230589215532182,0.8820457941357227,-0.3414318701719125,0.15978551327924764,0.4488572680343568,0.7870044430478749,0.18240521453883493,0.16668284854219317,-1.9089328471292935,-2.3597235221148414,-1.1656827863536519
13.1107,80.2459,15,chennai,-180,2024-09-29,0.14366978489507184,-0.3618573364522407,0.6652858702033375,-1.1446847084304783,0.3307448195975656,0.8779882138234284,1.3230589215532182,-0.39715393977911606,-0.3414318701719125,0.15978551327924764,0.01766022548631292,0.7870044430478749,0.18240521453883493,-2.111250246882405,-1.9089328471292935,-2.3597235221148414
12.6889,79.9728,69,chengalpattu,-180,2024-09-29,0.005379245022888411,-0.5445059859258409,0.243512588629468,-1.5159707137923104,0.14366978489507184,0.3307448195975656,0.8779882138234284,-0.3618573364522407,-0.39715393977911606,-0.3414318701719125,0.6652858702033375,0.01766022548631292,0.7870044430478749,-1.1446847084304783,-2.111250246882405,-1.9089328471292935
13.1107,80.2459,15,chennai,-179,2024-09-30,-0.10426408398868466,-0.5864447738360612,0.5870184276500506,-1.2901482678168028,0.005379245022888411,0.14366978489507184,0.3307448195975656,-0.5445059859258409,-0.3618573364522407,-0.39715393977911606,0.243512588629468,0.6652858702033375,0.01766022548631292,-1.5159707137923104,-1.1446847084304783,-2.111250246882405
12.6889,79.9728,69,chengalpattu,-179,2024-09-30,-0.2735636485910156,-0.6941199802880124,0.2838332787923732,-1.476609879504242,-0.10426408398868466,0.005379245022888411,0.14366978489507184,-0.5864447738360612,-0.5445059859258409,-0.3618573364522407,0.5870184276500506,0.243512588629468,0.6652858702033375,-1.2901482678168028,-1.5159707137923104,-1.1446847084304783
13.1107,80.2459,15,chennai,-178,2024-10-01,0.2569774593096666,-0.3196999745240574,1.088083315384591,-0.8170131408621164,-0.2735636485910156,-0.10426408398868466,0.005379245022888411,-0.6941199802880124,-0.5864447738360612,-0.5445059859258409,0.2838332787923732,0.5870184276500506,0.243512588629468,-1.476609879504242,-1.2901482678168028,-1.5159707137923104
12.6889,79.9728,69,chengalpattu,-178,2024-10-01,-0.11579150929514352,-0.48457375256277757,0.5319857694414686,-1.1540165230862836,0.2569774593096666,-0.2735636485910156,-0.10426408398868466,-0.3196999745240574,-0.6941199802880124,-0.5864447738360612,1.088083315384591,0.2838332787923732,0.5870184276500506,-0.8170131408621164,-1.476609879504242,-1.2901482678168028
13.1107,80.2459,15,chennai,-177,2024-10-02,0.28145204846473815,0.46911001465582175,1.227392563583265,0.16186506757936583,-0.11579150929514352,0.2569774593096666,-0.2735636485910156,-0.48457375256277757,-0.3196999745240574,-0.6941199802880124,0.5319857694414686,1.088083315384591,0.2838332787923732,-1.1540165230862836,-0.8170131408621164,-1.476609879504242
12.6889,79.9728,69,chengalpattu,-177,2024-10-02,-0.12378887145165077,0.2706562781782645,0.9157877922719596,0.10753009751493472,0.28145204846473815,-0.11579150929514352,0.2569774593096666,0.46911001465582175,-0.48457375256277757,-0.3196999745240574,1.227392563583265,0.5319857694414686,1.088083315384591,0.16186506757936583,-1.1540165230862836,-0.8170131408621164
13.1107,80.2459,15,chennai,-176,2024-10-03,-0.35994315818881373,0.4874702003231668,0.07293878292531791,-0.45270990020841256,-0.12378887145165077,0.28145204846473815,-0.11579150929514352,0.2706562781782645,0.46911001465582175,-0.48457375256277757,0.9157877922719596,1.227392563583265,0.5319857694414686,0.10753009751493472,0.16186506757936583,-1.1540165230862836
12.6889,79.9728,69,chengalpattu,-176,2024-10-03,-0.7156238340932168,0.3087276661293531,-0.021284459080101008,-0.42498523985557296,-0.35994315818881373,-0.12378887145165077,0.28145204846473815,0.4874702003231668,0.2706562781782645,0.46911001465582175,0.07293878292531791,0.9157877922719596,1.227392563583265,-0.45270990020841256,0.10753009751493472,0.16186506757936583
13.1107,80.2459,15,chennai,-175,2024-10-04,-0.05432567996157124,0.24629778462575835,-0.06906294372774455,-0.8469142946068323,-0.7156238340932168,-0.35994315818881373,-0.12378887145165077,0.3087276661293531,0.4874702003231668,0.2706562781782645,-0.021284459080101008,0.07293878292531791,0.9157877922719596,-0.42498523985557296,-0.45270990020841256,0.10753009751493472
12.6889,79.9728,69,chengalpattu,-175,2024-10-04,0.08547185515295448,0.17250434506392853,-0.044874373083016825,-0.9042378247553517,-0.05432567996157124,-0.7156238340932168,-0.35994315818881373,0.24629778462575835,0.3087276661293531,0.4874702003231668,-0.06906294372774455,-0.021284459080101008,0.07293878292531791,-0.8469142946068323,-0.42498523985557296,-0.45270990020841256
13.1107,80.2459,15,chennai,-174,2024-10-05,-0.46687765276913235,0.2317625183645627,0.03751254782326599,-0.50454795213991,0.08547185515295448,-0.05432567996157124,-0.7156238340932168,0.17250434506392853,0.24629778462575835,0.3087276661293531,-0.044874373083016825,-0.06906294372774455,-0.021284459080101008,-0.9042378247553517,-0.8469142946068323,-0.42498523985557296
12.6889,79.9728,69,chengalpattu,-174,2024-10-05,-0.5622314710031516,0.14791728797687476,-0.34249661935267683,-0.6517117345635783,-0.46687765276913235,0.08547185515295448,-0.05432567996157124,0.2317625183645627,0.17250434506392853,0.24629778462575835,0.03751254782326599,-0.044874373083016825,-0.06906294372774455,-0.50454795213991,-0.9042378247553517,-0.8469142946068323
13.1107,80.2459,15,chennai,-173,2024-10-06,-0.956959051718335,0.05660656547507017,-0.2988150985882654,-0.9584104458959007,-0.5622314710031516,-0.46687765276913235,0.08547185515295448,0.14791728797687476,0.2317625183645627,0.17250434506392853,-0.34249661935267683,0.03751254782326599,-0.044874373083016825,-0.6517117345635783,-0.50454795213991,-0.9042378247553517
12.6889,79.9728,69,chengalpattu,-173,2024-10-06,-1.14081524601272,-0.19108580205487152,-0.43540751175226844,-0.9866842987197204,-0.956959051718335,-0.5622314710031516,-0.46687765276913235,0.05660656547507017,0.14791728797687476,0.2317625183645627,-0.2988150985882654,-0.34249661935267683,0.03751254782326599,-0.9584104458959007,-0.6517117345635783,-0.50454795213991
13.1107,80.2459,15,chennai,-172,2024-10-07,-0.05552624356681856,-0.5862182920823826,-0.1404388274585432,-1.6398590795067869,-1.14081524601272,-0.956959051718335,-0.5622314710031516,-0.19108580205487152,0.05660656547507017,0.14791728797687476,-0.43540751175226844,-0.2988150985882654,-0.34249661935267683,-0.9866842987197204,-0.9584104458959007,-0.6517117345635783
12.6889,79.9728,69,chengalpattu,-172,2024-10-07,-0.1154001441686876,-0.6230750614728697,-0.6315991745571877,-1.659522206476416,-0.05552624356681856,-1.14081524601272,-0.956959051718335,-0.5862182920823826,-0.19108580205487152,0.05660656547507017,-0.1404388274585432,-0.43540751175226844,-0.2988150985882654,-1.6398590795067869,-0.9866842987197204,-0.9584104458959007
13.1107,80.2459,15,chennai,-171,2024-10-08,-0.23695819132087195,-0.3175900324106885,-0.11998845744875936,-1.2504402148434197,-0.1154001441686876,-0.05552624356681856,-1.14081524601272,-0.6230750614728697,-0.5862182920823826,-0.19108580205487152,-0.6315991745571877,-0.1404388274585432,-0.43540751175226844,-1.659522206476416,-1.6398590795067869,-0.9866842987197204
12.6889,79.9728,69,chengalpattu,-171,2024-10-08,-0.27805893561968337,-0.4928548082780371,-0.8885262686756382,-1.4998411912861536,-0.23695819132087195,-0.1154001441686876,-0.05552624356681856,-0.3175900324106885,-0.6230750614728697,-0.5862182920823826,-0.11998845744875936,-0.6315991745571877,-0.1404388274585432,-1.2504402148434197,-1.659522206476416,-1.6398590795067869
13.1107,80.2459,15,chennai,-170,2024-10-09,-0.2787487039397802,-0.3363579612247496,-0.3262762719687276,-1.2244482754095072,-0.27805893561968337,-0.23695819132087195,-0.1154001441686876,-0.4928548082780371,-0.3175900324106885,-0.6230750614728697,-0.8885262686756382,-0.11998845744875936,-0.6315991745571877,-1.4998411912861536,-1.2504402148434197,-1.659522206476416
12.6889,79.9728,69,chengalpattu,-170,2024-10-09,-0.17885340593421228,-0.6324884298720375,-0.7502623264155082,-1.7747027016695687,-0.2787487039397802,-0.27805893561968337,-0.23695819132087195,-0.3363579612247496,-0.4928548082780371,-0.3175900324106885,-0.3262762719687276,-0.8885262686756382,-0.11998845744875936,-1.2244482754095072,-1.4998411912861536,-1.2504402148434197
13.1107,80.2459,15,chennai,-169,2024-10-10,0.3375858427423081,-0.3983185141518038,-0.7916041550247263,-1.7187632214298658,-0.17885340593421228,-0.2787487039397802,-0.27805893561968337,-0.6324884298720375,-0.3363579612247496,-0.4928548082780371,-0.7502623264155082,-0.3262762719687276,-0.8885262686756382,-1.7747027016695687,-1.2244482754095072,-1.4998411912861536
12.6889,79.9728,69,chengalpattu,-169,2024-10-10,0.27651435595857693,-0.6038714064769574,-1.109804080608709,-1.6890278926550142,0.3375858427423081,-0.17885340593421228,-0.2787487039397802,-0.3983185141518038,-0.6324884298720375,-0.3363579612247496,-0.7916041550247263,-0.7502623264155082,-0.3262762719687276,-1.7187632214298658,-1.7747027016695687,-1.2244482754095072
13.1107,80.2459,15,chennai,-168,2024-10-11,0.4672246927185044,-0.3733334128656608,-0.04787690587274907,-1.4383726122636162,0.27651435595857693,0.3375858427423081,-0.17885340593421228,-0.6038714064769574,-0.3983185141518038,-0.6324884298720375,-1.109804080608709,-0.7916041550247263,-0.7502623264155082,-1.6890278926550142,-1.7187632214298658,-1.7747027016695687
12.6889,79.9728,69,chengalpattu,-168,2024-10-11,0.269417975855349,-0.4812587074899854,-0.5698923863459968,-1.5902301412144098,0.4672246927185044,0.27651435595857693,0.3375858427423081,-0.3733334128656608,-0.6038714064769574,-0.3983185141518038,-0.04787690587274907,-1.109804080608709,-0.7916041550247263,-1.4383726122636162,-1.6890278926550142,-1.7187632214298658
13.1107,80.2459,15,chennai,-167,2024-10-12,0.4454517323923128,-0.4260436925149219,0.18221727977504004,-1.233731163835596,0.269417975855349,0.4672246927185044,0.27651435595857693,-0.4812587074899854,-0.3733334128656608,-0.6038714064769574,-0.5698923863459968,-0.04787690587274907,-1.109804080608709,-1.5902301412144098,-1.4383726122636162,-1.6890278926550142
12.6889,79.9728,69,chengalpattu,-167,2024-10-12,0.46809407944399634,-0.640107045115219,-0.015153317830900296,-1.3725770011961649,0.4454517323923128,0.269417975855349,0.4672246927185044,-0.4260436925149219,-0.4812587074899854,-0.3733334128656608,0.18221727977504004,-0.5698923863459968,-0.04787690587274907,-1.233731163835596,-1.5902301412144098,-1.4383726122636162
13.1107,80.2459,15,chennai,-166,2024-10-13,-0.16383098751426975,-0.38238180993666254,-0.2879682780993128,-1.1425184807697923,0.46809407944399634,0.4454517323923128,0.269417975855349,-0.640107045115219,-0.4260436925149219,-0.4812587074899854,-0.015153317830900296,0.18221727977504004,-0.5698923863459968,-1.3725770011961649,-1.233731163835596,-1.5902301412144098
12.6889,79.9728,69,chengalpattu,-166,2024-10-13,-0.1721209188066963,-0.5127038223705025,-0.6941992405648622,-1.249469212691615,-0.16383098751426975,0.46809407944399634,0.4454517323923128,-0.38238180993666254,-0.640107045115219,-0.4260436925149219,-0.2879682780993128,-0.015153317830900296,0.18221727977504004,-1.1425184807697923,-1.3725770011961649,-1.233731163835596
13.1107,80.2459,15,chennai,-165,2024-10-14,4.010856950498882,0.07356585911666935,-1.2183349335636762,-1.3638997871086,-0.1721209188066963,-0.16383098751426975,0.46809407944399634,-0.5127038223705025,-0.38238180993666254,-0.640107045115219,-0.6941992405648622,-0.2879682780993128,-0.015153317830900296,-1.249469212691615,-1.1425184807697923,-1.3725770011961649
12.6889,79.9728,69,chengalpattu,-165,2024-10-14,5.172349531831969,-0.30246648192397846,-0.9861673040486311,-2.7801868461586365,4.010856950498882,-0.1721209188066963,-0.16383098751426975,0.07356585911666935,-0.5127038223705025,-0.38238180993666254,-1.2183349335636762,-0.6941992405648622,-0.2879682780993128,-1.3638997871086,-1.249469212691615,-1.1425184807697923
13.1107,80.2459,15,chennai,-164,2024-10-15,3.446634261045541,0.03934180797291684,-1.200323520167003,-1.7604299694596683,5.172349531831969,4.010856950498882,-0.1721209188066963,-0.30246648192397846,0.07356585911666935,-0.5127038223705025,-0.9861673040486311,-1.2183349335636762,-0.6941992405648622,-2.7801868461586365,-1.3638997871086,-1.249469212691615
12.6889,79.9728,69,chengalpattu,-164,2024-10-15,2.233460880652581,-0.40027815753779683,-1.945414209677376,-1.8546145886986045,3.446634261045541,5.172349531831969,4.010856950498882,0.03934180797291684,-0.30246648192397846,0.07356585911666935,-1.200323520167003,-0.9861673040486311,-1.2183349335636762,-1.7604299694596683,-2.7801868461586365,-1.3638997871086
13.1107,80.2459,15,chennai,-163,2024-10-16,2.1408986127631495,-0.26475444846775203,-1.4582680490089306,-1.6831817523075199,2.233460880652581,3.446634261045541,5.172349531831969,-0.40027815753779683,0.03934180797291684,-0.30246648192397846,-1.945414209677376,-1.200323520167003,-0.9861673040486311,-1.8546145886986045,-1.7604299694596683,-2.7801868461586365
12.6889,79.9728,69,chengalpattu,-163,2024-10-16,-0.06559145485789337,-0.48369948752574093,-1.8727896869577962,-0.9080089358690951,2.1408986127631495,2.233460880652581,3.446634261045541,-0.26475444846775203,-0.40027815753779683,0.03934180797291684,-1.4582680490089306,-1.945414209677376,-1.200323520167003,-1.6831817523075199,-1.8546145886986045,-1.7604299694596683
13.1107,80.2459,15,chennai,-162,2024-10-17,-0.28755453961696764,-0.3689912628351686,-0.5497322008423386,-1.4319140721429315,-0.06559145485789337,2.1408986127631495,2.233460880652581,-0.48369948752574093,-0.26475444846775203,-0.40027815753779683,-1.8727896869577962,-1.4582680490089306,-1.945414209677376,-0.9080089358690951,-1.6831817523075199,-1.8546145886986045
12.6889,79.9728,69,chengalpattu,-162,2024-10-17,-0.7767232913345775,-0.5196860736779383,-0.7626559943185466,-1.282929279447296,-0.28755453961696764,-0.06559145485789337,2.1408986127631495,-0.3689912628351686,-0.48369948752574093,-0.26475444846775203,-0.5497322008423386,-1.8727896869577962,-1.4582680490089306,-1.4319140721429315,-0.9080089358690951,-1.6831817523075199
13.1107,80.2459,15,chennai,-161,2024-10-18,-0.21768201992775013,-0.35007285113932446,-1.6237877870773894,-1.3068261711387499,-0.7767232913345775,-0.28755453961696764,-0.06559145485789337,-0.5196860736779383,-0.3689912628351686,-0.48369948752574093,-0.7626559943185466,-0.5497322008423386,-1.8727896869577962,-1.282929279447296,-1.4319140721429315,-0.9080089358690951
12.6889,79.9728,69,chengalpattu,-161,2024-10-18,0.5841513922285003,-0.4713399720005684,-1.997230657980994,-1.948823062078232,-0.21768201992775013,-0.7767232913345775,-0.28755453961696764,-0.35007285113932446,-0.5196860736779383,-0.3689912628351686,-1.6237877870773894,-0.7626559943185466,-0.5497322008423386,-1.3068261711387499,-1.282929279447296,-1.4319140721429315
13.1107,80.2459,15,chennai,-160,2024-10-19,0.17393347087488617,-0.530773333899499,-0.964047609237236,-1.6070774788840905,0.5841513922285003,-0.21768201992775013,-0.7767232913345775,-0.4713399720005684,-0.35007285113932446,-0.5196860736779383,-1.997230657980994,-1.6237877870773894,-0.7626559943185466,-1.948823062078232,-1.3068261711387499,-1.282929279447296
12.6889,79.9728,69,chengalpattu,-160,2024-10-19,0.48990425285533473,-0.6440232231580624,-1.6630566770063648,-2.0811774515563464,0.17393347087488617,0.5841513922285003,-0.21768201992775013,-0.530773333899499,-0.4713399720005684,-0.35007285113932446,-0.964047609237236,-1.997230657980994,-1.6237877870773894,-1.6070774788840905,-1.948823062078232,-1.3068261711387499
13.1107,80.2459,15,chennai,-159,2024-10-20,0.15879253757849784,-0.6092252374987037,-0.34734023552379173,-1.5778539679387025,0.48990425285533473,0.17393347087488617,0.5841513922285003,-0.6440232231580624,-0.530773333899499,-0.4713399720005684,-1.6630566770063648,-0.964047609237236,-1.997230657980994,-2.0811774515563464,-1.6070774788840905,-1.948823062078232
12.6889,79.9728,69,chengalpattu,-159,2024-10-20,0.016807487239450976,-0.6269071199360331,-0.9329561420074702,-1.3099236218640813,0.15879253757849784,0.48990425285533473,0.17393347087488617,-0.6092252374987037,-0.6440232231580624,-0.530773333899499,-0.34734023552379173,-1.6630566770063648,-0.964047609237236,-1.5778539679387025,-2.0811774515563464,-1.6070774788840905
13.1107,80.2459,15,chennai,-158,2024-10-21,0.0014144328504624563,-0.4932193427264809,-0.4299225637891969,-1.9676821296345581,0.016807487239450976,0.15879253757849784,0.48990425285533473,-0.6269071199360331,-0.6092252374987037,-0.6440232231580624,-0.9329561420074702,-0.34734023552379173,-1.6630566770063648,-1.3099236218640813,-1.5778539679387025,-2.0811774515563464
12.6889,79.9728,69,chengalpattu,-158,2024-10-21,-0.39934470633651287,-0.7347295410683,-0.8173122321770491,-1.8366119378446015,0.0014144328504624563,0.016807487239450976,0.15879253757849784,-0.4932193427264809,-0.6269071199360331,-0.6092252374987037,-0.4299225637891969,-0.9329561420074702,-0.34734023552379173,-1.9676821296345581,-1.3099236218640813,-1.5778539679387025
13.1107,80.2459,15,chennai,-157,2024-10-22,-0.20492968833046585,-0.5733726514661978,-0.16549998664455906,-1.2236229216463805,-0.39934470633651287,0.0014144328504624563,0.016807487239450976,-0.7347295410683,-0.4932193427264809,-0.6269071199360331,-0.8173122321770491,-0.4299225637891969,-0.9329561420074702,-1.8366119378446015,-1.9676821296345581,-1.3099236218640813
12.6889,79.9728,69,chengalpattu,-157,2024-10-22,-0.3696383038666487,-0.6714985634714646,-0.6557055856460001,-1.0498270635275593,-0.20492968833046585,-0.39934470633651287,0.0014144328504624563,-0.5733726514661978,-0.7347295410683,-0.4932193427264809,-0.16549998664455906,-0.8173122321770491,-0.4299225637891969,-1.2236229216463805,-1.8366119378446015,-1.9676821296345581
13.1107,80.2459,15,chennai,-156,2024-10-23,-0.7358129949157306,-0.5316781097220492,-0.1237146485178735,-0.8282652012095182,-0.3696383038666487,-0.20492968833046585,-0.39934470633651287,-0.6714985634714646,-0.5733726514661978,-0.7347295410683,-0.6557055856460001,-0.16549998664455906,-0.8173122321770491,-1.0498270635275593,-1.2236229216463805,-1.8366119378446015
12.6889,79.9728,69,chengalpattu,-156,2024-10-23,-0.7829096334347462,-0.8390760656685322,-0.14965701090971248,-0.9410143498653679,-0.7358129949157306,-0.3696383038666487,-0.20492968833046585,-0.5316781097220492,-0.6714985634714646,-0.5733726514661978,-0.1237146485178735,-0.6557055856460001,-0.16549998664455906,-0.8282652012095182,-1.0498270635275593,-1.2236229216463805
13.1107,80.2459,15,chennai,-155,2024-10-24,-0.7947348358972945,-0.264241158549446,-1.4695231931620938,-0.017397665902789853,-0.7829096334347462,-0.7358129949157306,-0.3696383038666487,-0.8390760656685322,-0.5316781097220492,-0.6714985634714646,-0.14965701090971248,-0.1237146485178735,-0.6557055856460001,-0.9410143498653679,-0.8282652012095182,-1.0498270635275593
12.6889,79.9728,69,chengalpattu,-155,2024-10-24,-0.9360091008695052,-0.4266268573716999,-0.7393085256100049,-0.24040538604048,-0.7947348358972945,-0.7829096334347462,-0.7358129949157306,-0.264241158549446,-0.8390760656685322,-0.5316781097220492,-1.4695231931620938,-0.14965701090971248,-0.1237146485178735,-0.017397665902789853,-0.9410143498653679,-0.8282652012095182
13.1107,80.2459,15,chennai,-154,2024-10-25,-0.8346370936109607,-0.31435728888747927,-0.39495412302173033,-0.046568596388466485,-0.9360091008695052,-0.7947348358972945,-0.7829096334347462,-0.4266268573716999,-0.264241158549446,-0.8390760656685322,-0.7393085256100049,-1.4695231931620938,-0.14965701090971248,-0.24040538604048,-0.017397665902789853,-0.9410143498653679
12.6889,79.9728,69,chengalpattu,-154,2024-10-25,-1.1804854078714464,-0.5413685692322451,-0.6874874270124092,-0.20882237611266702,-0.8346370936109607,-0.9360091008695052,-0.7947348358972945,-0.31435728888747927,-0.4266268573716999,-0.264241158549446,-0.39495412302173033,-0.7393085256100049,-1.4695231931620938,-0.046568596388466485,-0.24040538604048,-0.017397665902789853
13.1107,80.2459,15,chennai,-153,2024-10-26,-0.5195501177923343,-0.7934053085095122,0.5735883043170793,-0.13587307734157525,-1.1804854078714464,-0.8346370936109607,-0.9360091008695052,-0.5413685692322451,-0.31435728888747927,-0.4266268573716999,-0.6874874270124092,-0.39495412302173033,-0.7393085256100049,-0.20882237611266702,-0.046568596388466485,-0.24040538604048
12.6889,79.9728,69,chengalpattu,-153,2024-10-26,-0.7205428623062293,-1.0114764940626406,0.42533671971767667,-0.37718573016976714,-0.5195501177923343,-1.1804854078714464,-0.8346370936109607,-0.7934053085095122,-0.5413685692322451,-0.31435728888747927,0.5735883043170793,-0.6874874270124092,-0.39495412302173033,-0.13587307734157525,-0.20882237611266702,-0.046568596388466485
13.1107,80.2459,15,chennai,-152,2024-10-27,-0.6847574986581593,-1.0043892151003087,0.06966273886318532,-0.9677057337906919,-0.7205428623062293,-0.5195501177923343,-1.1804854078714464,-1.0114764940626406,-0.7934053085095122,-0.5413685692322451,0.42533671971767667,0.5735883043170793,-0.6874874270124092,-0.37718573016976714,-0.13587307734157525,-0.20882237611266702
12.6889,79.9728,69,chengalpattu,-152,2024-10-27,-0.9666419844134235,-1.3990113436548104,0.32933398805198216,-0.4386843891215383,-0.6847574986581593,-0.7205428623062293,-0.5195501177923343,-1.0043892151003087,-1.0114764940626406,-0.7934053085095122,0.06966273886318532,0.42533671971767667,0.5735883043170793,-0.9677057337906919,-0.37718573016976714,-0.13587307734157525
13.1107,80.2459,15,chennai,-151,2024-10-28,-0.20446073603714607,-0.986182518801516,0.38761008291084914,-1.0313762721119872,-0.9666419844134235,-0.6847574986581593,-0.7205428623062293,-1.3990113436548104,-1.0043892151003087,-1.0114764940626406,0.32933398805198216,0.06966273886318532,0.42533671971767667,-0.4386843891215383,-0.9677057337906919,-0.37718573016976714
12.6889,79.9728,69,chengalpattu,-151,2024-10-28,-0.6714482784053386,-1.1843672730470107,0.16958692475420148,-1.135959191378764,-0.20446073603714607,-0.9666419844134235,-0.6847574986581593,-0.986182518801516,-1.3990113436548104,-1.0043892151003087,0.38761008291084914,0.32933398805198216,0.06966273886318532,-1.0313762721119872,-0.4386843891215383,-0.9677057337906919
13.1107,80.2459,15,chennai,-150,2024-10-29,-0.22393986374022845,-0.7819905796665498,0.47647363473387966,-1.4440585781564481,-0.6714482784053386,-0.20446073603714607,-0.9666419844134235,-1.1843672730470107,-0.986182518801516,-1.3990113436548104,0.16958692475420148,0.38761008291084914,0.32933398805198216,-1.135959191378764,-1.0313762721119872,-0.4386843891215383
12.6889,79.9728,69,chengalpattu,-150,2024-10-29,-0.454731445183603,-0.8042130802508507,0.18624986100546428,-1.2569793814948362,-0.22393986374022845,-0.6714482784053386,-0.20446073603714607,-0.7819905796665498,-1.1843672730470107,-0.986182518801516,0.47647363473387966,0.16958692475420148,0.38761008291084914,-1.4440585781564481,-1.135959191378764,-1.0313762721119872
13.1107,80.2459,15,chennai,-149,2024-10-30,0.15197625168199033,-0.8808398394490771,0.3791557561567549,-1.6476188414471187,-0.454731445183603,-0.22393986374022845,-0.6714482784053386,-0.8042130802508507,-0.7819905796665498,-1.1843672730470107,0.18624986100546428,0.47647363473387966,0.16958692475420148,-1.2569793814948362,-1.4440585781564481,-1.135959191378764
12.6889,79.9728,69,chengalpattu,-149,2024-10-30,-0.2086573804377995,-0.8495017685528563,-1.0180427509399999,-2.020231674333446,0.15197625168199033,-0.454731445183603,-0.22393986374022845,-0.8808398394490771,-0.8042130802508507,-0.7819905796665498,0.3791557561567549,0.18624986100546428,0.47647363473387966,-1.6476188414471187,-1.2569793814948362,-1.4440585781564481
13.1107,80.2459,15,chennai,-148,2024-10-31,-0.21637250620887216,-0.827500768851862,-0.11758874307617191,-1.3834206641805555,-0.2086573804377995,0.15197625168199033,-0.454731445183603,-0.8495017685528563,-0.8808398394490771,-0.8042130802508507,-1.0180427509399999,0.3791557561567549,0.18624986100546428,-2.020231674333446,-1.6476188414471187,-1.2569793814948362
12.6889,79.9728,69,chengalpattu,-148,2024-10-31,0.041415604964777294,-0.9589974830002915,-0.6278083887334508,-2.026019456679318,-0.21637250620887216,-0.2086573804377995,0.15197625168199033,-0.827500768851862,-0.8495017685528563,-0.8808398394490771,-0.11758874307617191,-1.0180427509399999,0.3791557561567549,-1.3834206641805555,-2.020231674333446,-1.6476188414471187
13.1107,80.2459,15,chennai,-147,2024-11-01,-0.017527478245433232,-0.9771214008773376,-0.4572755555531421,-1.674025740939078,0.041415604964777294,-0.21637250620887216,-0.2086573804377995,-0.9589974830002915,-0.827500768851862,-0.8495017685528563,-0.6278083887334508,-0.11758874307617191,-1.0180427509399999,-2.026019456679318,-1.3834206641805555,-2.020231674333446
12.6889,79.9728,69,chengalpattu,-147,2024-11-01,-0.16115306754925118,-1.044421899945524,-1.0211111603868566,-1.6532045955519652,-0.017527478245433232,0.041415604964777294,-0.21637250620887216,-0.9771214008773376,-0.9589974830002915,-0.827500768851862,-0.4572755555531421,-0.6278083887334508,-0.11758874307617191,-1.674025740939078,-2.026019456679318,-1.3834206641805555
13.1107,80.2459,15,chennai,-146,2024-11-02,0.17610269945566856,-1.1324478168762584,-0.19793206123777451,-1.8821164099536822,-0.16115306754925118,-0.017527478245433232,0.041415604964777294,-1.044421899945524,-0.9771214008773376,-0.9589974830002915,-1.0211111603868566,-0.4572755555531421,-0.6278083887334508,-1.6532045955519652,-1.674025740939078,-2.026019456679318
12.6889,79.9728,69,chengalpattu,-146,2024-11-02,0.19975124977898848,-1.227914580383088,-1.0303033285060892,-1.9311302435521764,0.17610269945566856,-0.16115306754925118,-0.017527478245433232,-1.1324478168762584,-1.044421899945524,-0.9771214008773376,-0.19793206123777451,-1.0211111603868566,-0.4572755555531421,-1.8821164099536822,-1.6532045955519652,-1.674025740939078
13.1107,80.2459,15,chennai,-145,2024-11-03,0.38515614131314185,-0.8837050024072454,0.08993297256165708,-0.9866892677595657,0.19975124977898848,0.17610269945566856,-0.16115306754925118,-1.227914580383088,-1.1324478168762584,-1.044421899945524,-1.0303033285060892,-0.19793206123777451,-1.0211111603868566,-1.9311302435521764,-1.8821164099536822,-1.6532045955519652
12.6889,79.9728,69,chengalpattu,-145,2024-11-03,0.2273555452533908,-1.1541784174889995,-0.08519028587617082,-1.2382119182364575,0.38515614131314185,0.19975124977898848,0.17610269945566856,-0.8837050024072454,-1.227914580383088,-1.1324478168762584,0.08993297256165708,-1.0303033285060892,-0.19793206123777451,-0.9866892677595657,-1.9311302435521764,-1.8821164099536822
13.1107,80.2459,15,chennai,-144,2024-11-04,-0.22508271241054537,-1.0486309073918902,0.12857574393890497,-0.8555239181060689,0.2273555452533908,0.38515614131314185,0.19975124977898848,-1.1541784174889995,-0.8837050024072454,-1.227914580383088,-0.08519028587617082,0.08993297256165708,-1.0303033285060892,-1.2382119182364575,-0.9866892677595657,-1.9311302435521764
12.6889,79.9728,69,chengalpattu,-144,2024-11-04,-0.4533710329545245,-1.1845854034251604,-0.11396507831833282,-0.8979433414130451,-0.22508271241054537,0.2273555452533908,0.38515614131314185,-1.0486309073918902,-1.1541784174889995,-0.8837050024072454,0.12857574393890497,-0.08519028587617082,0.08993297256165708,-0.8555239181060689,-1.2382119182364575,-0.9866892677595657
13.1107,80.2459,15,chennai,-143,2024-11-05,-0.006978556944695837,-1.0018470832825281,0.7357303991649468,0.23814616257521537,-0.4533710329545245,-0.22508271241054537,0.2273555452533908,-1.1845854034251604,-1.0486309073918902,-1.1541784174889995,-0.11396507831833282,0.12857574393890497,-0.08519028587617082,-0.8979433414130451,-0.8555239181060689,-1.2382119182364575
12.6889,79.9728,69,chengalpattu,-143,2024-11-05,-0.21054252847261165,-1.2751090406744583,0.4414161316572555,0.04536681265185892,-0.006978556944695837,-0.4533710329545245,-0.22508271241054537,-1.0018470832825281,-1.1845854034251604,-1.0486309073918902,0.7357303991649468,-0.11396507831833282,0.12857574393890497,0.23814616257521537,-0.8979433414130451,-0.8555239181060689
13.1107,80.2459,15,chennai,-142,2024-11-06,1.6976960650744157,-0.563514062401476,-0.10056668242588285,-0.4806459532058807,-0.21054252847261165,-0.006978556944695837,-0.4533710329545245,-1.2751090406744583,-1.0018470832825281,-1.1845854034251604,0.4414161316572555,0.7357303991649468,-0.11396507831833282,0.04536681265185892,0.23814616257521537,-0.8979433414130451
12.6889,79.9728,69,chengalpattu,-142,2024-11-06,1.0151074202792731,-0.8573998804202081,-0.3055427821523487,-0.15682595830389084,1.6976960650744157,-0.21054252847261165,-0.006978556944695837,-0.563514062401476,-1.2751090406744583,-1.0018470832825281,-0.10056668242588285,0.4414161316572555,0.7357303991649468,-0.4806459532058807,0.04536681265185892,0.23814616257521537
13.1107,80.2459,15,chennai,-141,2024-11-07,1.4614146392684941,-0.45957421876365834,0.565009165950593,-0.2856853884154171,1.0151074202792731,1.6976960650744157,-0.21054252847261165,-0.8573998804202081,-0.563514062401476,-1.2751090406744583,-0.3055427821523487,-0.10056668242588285,0.4414161316572555,-0.15682595830389084,-0.4806459532058807,0.04536681265185892
12.6889,79.9728,69,chengalpattu,-141,2024-11-07,0.40336557621160285,-0.5186973278948742,-0.32644667037496433,0.05143882042631126,1.4614146392684941,1.0151074202792731,1.6976960650744157,-0.45957421876365834,-0.8573998804202081,-0.563514062401476,0.565009165950593,-0.3055427821523487,-0.10056668242588285,-0.2856853884154171,-0.15682595830389084,-0.4806459532058807
13.1107,80.2459,15,chennai,-140,2024-11-08,0.3812295707603064,-0.16168586362472348,0.5503451657362206,0.599462629047965,0.40336557621160285,1.4614146392684941,1.0151074202792731,-0.5186973278948742,-0.45957421876365834,-0.8573998804202081,-0.32644667037496433,0.565009165950593,-0.3055427821523487,0.05143882042631126,-0.2856853884154171,-0.15682595830389084
12.6889,79.9728,69,chengalpattu,-140,2024-11-08,0.13981397195126052,-0.4694660612987487,0.12022974723365674,0.19766505707790918,0.3812295707603064,0.40336557621160285,1.4614146392684941,-0.16168586362472348,-0.5186973278948742,-0.45957421876365834,0.5503451657362206,-0.32644667037496433,0.565009165950593,0.599462629047965,0.05143882042631126,-0.2856853884154171
13.1107,80.2459,15,chennai,-139,2024-11-09,0.5308802129259351,-0.24934871321393884,0.23874233689148952,0.6538206396152683,0.13981397195126052,0.3812295707603064,0.40336557621160285,-0.4694660612987487,-0.16168586362472348,-0.5186973278948742,0.12022974723365674,0.5503451657362206,-0.32644667037496433,0.19766505707790918,0.599462629047965,0.05143882042631126
12.6889,79.9728,69,chengalpattu,-139,2024-11-09,0.2957247805877501,-0.4775624236750219,0.07125628809967013,0.5707711590284843,0.5308802129259351,0.13981397195126052,0.3812295707603064,-0.24934871321393884,-0.4694660612987487,-0.16168586362472348,0.23874233689148952,0.12022974723365674,0.5503451657362206,0.6538206396152683,0.19766505707790918,0.599462629047965
13.1107,80.2459,15,chennai,-138,2024-11-10,0.5752097066138284,-0.7803127727348652,0.9121209360741968,0.5283190586923558,0.2957247805877501,0.5308802129259351,0.13981397195126052,-0.4775624236750219,-0.24934871321393884,-0.4694660612987487,0.07125628809967013,0.23874233689148952,0.12022974723365674,0.5707711590284843,0.6538206396152683,0.19766505707790918
12.6889,79.9728,69,chengalpattu,-138,2024-11-10,0.31648731318095746,-1.0546946839366402,0.6638533602652529,0.2905166509721013,0.5752097066138284,0.2957247805877501,0.5308802129259351,-0.7803127727348652,-0.4775624236750219,-0.24934871321393884,0.9121209360741968,0.07125628809967013,0.23874233689148952,0.5283190586923558,0.5707711590284843,0.6538206396152683
13.1107,80.2459,15,chennai,-137,2024-11-11,1.3955819531306455,-0.21047749178695327,0.48947681581105484,0.8279269449322274,0.31648731318095746,0.5752097066138284,0.2957247805877501,-1.0546946839366402,-0.7803127727348652,-0.4775624236750219,0.6638533602652529,0.9121209360741968,0.07125628809967013,0.2905166509721013,0.5283190586923558,0.5707711590284843
12.6889,79.9728,69,chengalpattu,-137,2024-11-11,0.4819651667992637,-0.44462307711279114,0.4344945958829169,1.2834480147057377,1.3955819531306455,0.31648731318095746,0.5752097066138284,-0.21047749178695327,-1.0546946839366402,-0.7803127727348652,0.48947681581105484,0.6638533602652529,0.9121209360741968,0.8279269449322274,0.2905166509721013,0.5283190586923558
13.1107,80.2459,15,chennai,-136,2024-11-12,2.4344218960103974,-0.44953224276740994,-2.304746003965035,-1.5868150303105772,0.4819651667992637,1.3955819531306455,0.31648731318095746,-0.44462307711279114,-0.21047749178695327,-1.0546946839366402,0.4344945958829169,0.48947681581105484,0.6638533602652529,1.2834480147057377,0.8279269449322274,0.2905166509721013
12.6889,79.9728,69,chengalpattu,-136,2024-11-12,1.2444193889586508,-0.3979996693091077,-2.592451436233733,-0.26139331933623927,2.4344218960103974,0.4819651667992637,1.3955819531306455,-0.44953224276740994,-0.44462307711279114,-0.21047749178695327,-2.304746003965035,0.4344945958829169,0.48947681581105484,-1.5868150303105772,1.2834480147057377,0.8279269449322274
13.1107,80.2459,15,chennai,-135,2024-11-13,2.0728339524976955,-0.4394992549390075,-2.439755941937848,-1.4942121417689695,1.2444193889586508,2.4344218960103974,0.4819651667992637,-0.3979996693091077,-0.44953224276740994,-0.44462307711279114,-2.592451436233733,-2.304746003965035,0.4344945958829169,-0.26139331933623927,-1.5868150303105772,1.2834480147057377
12.6889,79.9728,69,chengalpattu,-135,2024-11-13,1.9516389956482336,-0.6408052754511959,-2.5332017623459557,-1.0324630265900596,2.0728339524976955,1.2444193889586508,2.4344218960103974,-0.4394992549390075,-0.3979996693091077,-0.44953224276740994,-2.439755941937848,-2.592451436233733,-2.304746003965035,-1.4942121417689695,-0.26139331933623927,-1.5868150303105772
13.1107,80.2459,15,chennai,-134,2024-11-14,1.6217916966621964,-0.6981163652218705,-0.4458173525260437,-1.4698836768487218,1.9516389956482336,2.0728339524976955,1.2444193889586508,-0.6408052754511959,-0.4394992549390075,-0.3979996693091077,-2.5332017623459557,-2.439755941937848,-2.592451436233733,-1.0324630265900596,-1.4942121417689695,-0.26139331933623927
12.6889,79.9728,69,chengalpattu,-134,2024-11-14,1.1803044200713486,-0.6970290847260228,-1.0097336324138757,-1.002446559343597,1.6217916966621964,1.9516389956482336,2.0728339524976955,-0.6981163652218705,-0.6408052754511959,-0.4394992549390075,-0.4458173525260437,-2.5332017623459557,-2.439755941937848,-1.4698836768487218,-1.0324630265900596,-1.4942121417689695
13.1107,80.2459,15,chennai,-133,2024-11-15,1.619572134852619,-0.6773117347571215,-0.6820535253976728,-1.4479221176035177,1.1803044200713486,1.6217916966621964,1.9516389956482336,-0.6970290847260228,-0.6981163652218705,-0.6408052754511959,-1.0097336324138757,-0.4458173525260437,-2.5332017623459557,-1.002446559343597,-1.4698836768487218,-1.0324630265900596
12.6889,79.9728,69,chengalpattu,-133,2024-11-15,0.8211697869015636,-0.5830944853916916,-1.8206392633553585,-0.19243461266388925,1.619572134852619,1.1803044200713486,1.6217916966621964,-0.6773117347571215,-0.6970290847260228,-0.6981163652218705,-0.6820535253976728,-1.0097336324138757,-0.4458173525260437,-1.4479221176035177,-1.002446559343597,-1.4698836768487218
13.1107,80.2459,15,chennai,-132,2024-11-16,1.1891867606582383,-0.9563074498397033,-0.21971116461775383,-1.4234197086912874,0.8211697869015636,1.619572134852619,1.1803044200713486,-0.5830944853916916,-0.6773117347571215,-0.6970290847260228,-1.8206392633553585,-0.6820535253976728,-1.0097336324138757,-0.19243461266388925,-1.4479221176035177,-1.002446559343597
12.6889,79.9728,69,chengalpattu,-132,2024-11-16,1.209218847668314,-1.0245062489978962,-0.7481511524877174,-1.3284774743556913,1.1891867606582383,0.8211697869015636,1.619572134852619,-0.9563074498397033,-0.5830944853916916,-0.6773117347571215,-0.21971116461775383,-1.8206392633553585,-0.6820535253976728,-1.4234197086912874,-0.19243461266388925,-1.4479221176035177
13.1107,80.2459,15,chennai,-131,2024-11-17,0.7467688283848992,-0.851053489383311,0.8622085128055758,-0.09025440122095568,1.209218847668314,1.1891867606582383,0.8211697869015636,-1.0245062489978962,-0.9563074498397033,-0.5830944853916916,-0.7481511524877174,-0.21971116461775383,-1.8206392633553585,-1.3284774743556913,-1.4234197086912874,-0.19243461266388925
12.6889,79.9728,69,chengalpattu,-131,2024-11-17,0.3366467196362551,-1.076129563786129,0.5967687101154684,-0.0775948267858597,0.7467688283848992,1.209218847668314,1.1891867606582383,-0.851053489383311,-1.0245062489978962,-0.9563074498397033,0.8622085128055758,-0.7481511524877174,-0.21971116461775383,-0.09025440122095568,-1.3284774743556913,-1.4234197086912874
13.1107,80.2459,15,chennai,-130,2024-11-18,0.7166202520333127,-0.895484697111173,1.395382780735359,0.8815121976375677,0.3366467196362551,0.7467688283848992,1.209218847668314,-1.076129563786129,-0.851053489383311,-1.0245062489978962,0.5967687101154684,0.8622085128055758,-0.7481511524877174,-0.0775948267858597,-0.09025440122095568,-1.3284774743556913
12.6889,79.9728,69,chengalpattu,-130,2024-11-18,0.47351606313490147,-1.077479881010446,0.8865665140688237,0.6408341241483527,0.7166202520333127,0.3366467196362551,0.7467688283848992,-0.895484697111173,-1.076129563786129,-0.851053489383311,1.395382780735359,0.5967687101154684,0.8622085128055758,0.8815121976375677,-0.0775948267858597,-0.09025440122095568
13.1107,80.2459,15,chennai,-129,2024-11-19,0.85168097147402,-0.7800093967978908,0.9831694612843719,1.0945573862903664,0.47351606313490147,0.7166202520333127,0.3366467196362551,-1.077479881010446,-0.895484697111173,-1.076129563786129,0.8865665140688237,1.395382780735359,0.5967687101154684,0.6408341241483527,0.8815121976375677,-0.0775948267858597
12.6889,79.9728,69,chengalpattu,-129,2024-11-19,0.7921660401772287,-1.006441522040493,0.6779142719290925,0.8074459699564681,0.85168097147402,0.47351606313490147,0.7166202520333127,-0.7800093967978908,-1.077479881010446,-0.895484697111173,0.9831694612843719,0.8865665140688237,1.395382780735359,1.0945573862903664,0.6408341241483527,0.8815121976375677
13.1107,80.2459,15,chennai,-128,2024-11-20,0.253756734935118,-1.115316883059018,0.8687047430509832,1.0724842602418383,0.7921660401772287,0.85168097147402,0.47351606313490147,-1.006441522040493,-0.7800093967978908,-1.077479881010446,0.6779142719290925,0.9831694612843719,0.8865665140688237,0.8074459699564681,1.0945573862903664,0.6408341241483527
12.6889,79.9728,69,chengalpattu,-128,2024-11-20,-0.03833131231642474,-1.3072461727599487,0.4422596422753571,0.9941568883494787,0.253756734935118,0.7921660401772287,0.85168097147402,-1.115316883059018,-1.006441522040493,-0.7800093967978908,0.8687047430509832,0.6779142719290925,0.9831694612843719,1.0724842602418383,0.8074459699564681,1.0945573862903664
13.1107,80.2459,15,chennai,-127,2024-11-21,0.16693785346977666,-0.8797693624376411,0.5175667709833445,1.494231972941116,-0.03833131231642474,0.253756734935118,0.7921660401772287,-1.3072461727599487,-1.115316883059018,-1.006441522040493,0.4422596422753571,0.8687047430509832,0.6779142719290925,0.9941568883494787,1.0724842602418383,0.8074459699564681
12.6889,79.9728,69,chengalpattu,-127,2024-11-21,-0.13069470934849875,-1.045744397870937,-0.1149560902371712,1.4222087430467651,0.16693785346977666,-0.03833131231642474,0.253756734935118,-0.8797693624376411,-1.3072461727599487,-1.115316883059018,0.5175667709833445,0.4422596422753571,0.8687047430509832,1.494231972941116,0.9941568883494787,1.0724842602418383
13.1107,80.2459,15,chennai,-126,2024-11-22,0.0713550034267673,-1.1709408301993978,0.539424428283245,1.010851351105389,-0.13069470934849875,0.16693785346977666,-0.03833131231642474,-1.045744397870937,-0.8797693624376411,-1.3072461727599487,-0.1149560902371712,0.5175667709833445,0.4422596422753571,1.4222087430467651,1.494231972941116,0.9941568883494787
12.6889,79.9728,69,chengalpattu,-126,2024-11-22,-0.025138875526990692,-1.4747795535497228,0.5906357106582327,1.112881429270373,0.0713550034267673,-0.13069470934849875,0.16693785346977666,-1.1709408301993978,-1.045744397870937,-0.8797693624376411,0.539424428283245,-0.1149560902371712,0.5175667709833445,1.010851351105389,1.4222087430467651,1.494231972941116
13.1107,80.2459,15,chennai,-125,2024-11-23,0.6084857943005352,-0.6048563360929207,-0.12424001998486126,0.6125298885642606,-0.025138875526990692,0.0713550034267673,-0.13069470934849875,-1.4747795535497228,-1.1709408301993978,-1.045744397870937,0.5906357106582327,0.539424428283245,-0.1149560902371712,1.112881429270373,1.010851351105389,1.4222087430467651
12.6889,79.9728,69,chengalpattu,-125,2024-11-23,0.41110804463266803,-0.8192062368445813,-0.44950247026208295,0.6561585509195095,0.6084857943005352,-0.025138875526990692,0.0713550034267673,-0.6048563360929207,-1.4747795535497228,-1.1709408301993978,-0.12424001998486126,0.5906357106582327,0.539424428283245,0.6125298885642606,1.112881429270373,1.010851351105389
13.1107,80.2459,15,chennai,-124,2024-11-24,0.15919284369222844,-0.29000593226360366,-0.6997518946617404,1.4978427558707668,0.41110804463266803,0.6084857943005352,-0.025138875526990692,-0.8192062368445813,-0.6048563360929207,-1.4747795535497228,-0.44950247026208295,-0.12424001998486126,0.5906357106582327,0.6561585509195095,0.6125298885642606,1.112881429270373
12.6889,79.9728,69,chengalpattu,-124,2024-11-24,0.10448107888174728,-0.65195451010861,-0.3979398840427596,1.0097464729758134,0.15919284369222844,0.41110804463266803,0.6084857943005352,-0.29000593226360366,-0.8192062368445813,-0.6048563360929207,-0.6997518946617404,-0.44950247026208295,-0.12424001998486126,1.4978427558707668,0.6561585509195095,0.6125298885642606
13.1107,80.2459,15,chennai,-123,2024-11-25,0.8358121799685647,-0.3442877605354451,0.4244794539806068,1.7906575712801358,0.10448107888174728,0.15919284369222844,0.41110804463266803,-0.65195451010861,-0.29000593226360366,-0.8192062368445813,-0.3979398840427596,-0.6997518946617404,-0.44950247026208295,1.0097464729758134,1.4978427558707668,0.6561585509195095
12.6889,79.9728,69,chengalpattu,-123,2024-11-25,0.41263148920422166,-0.45396986815353774,-0.06029018725429695,1.890598771769882,0.8358121799685647,0.10448107888174728,0.15919284369222844,-0.3442877605354451,-0.65195451010861,-0.29000593226360366,0.4244794539806068,-0.3979398840427596,-0.6997518946617404,1.7906575712801358,1.0097464729758134,1.4978427558707668
13.1107,80.2459,15,chennai,-122,2024-11-26,2.634606640677524,-0.36847106971319304,-1.6228620246627308,0.005781325596387842,0.41263148920422166,0.8358121799685647,0.10448107888174728,-0.45396986815353774,-0.3442877605354451,-0.65195451010861,-0.06029018725429695,0.4244794539806068,-0.3979398840427596,1.890598771769882,1.7906575712801358,1.0097464729758134
12.6889,79.9728,69,chengalpattu,-122,2024-11-26,2.3989310774809485,-0.5108960917189317,-1.925871738263143,0.7823269630514269,2.634606640677524,0.41263148920422166,0.8358121799685647,-0.36847106971319304,-0.45396986815353774,-0.3442877605354451,-1.6228620246627308,-0.06029018725429695,0.4244794539806068,0.005781325596387842,1.890598771769882,1.7906575712801358
13.1107,80.2459,15,chennai,-121,2024-11-27,2.154949602787492,0.29242095579531824,-0.6176896097051194,3.438907173757634,2.3989310774809485,2.634606640677524,0.41263148920422166,-0.5108960917189317,-0.36847106971319304,-0.45396986815353774,-1.925871738263143,-1.6228620246627308,-0.06029018725429695,0.7823269630514269,0.005781325596387842,1.890598771769882
12.6889,79.9728,69,chengalpattu,-121,2024-11-27,1.7505430469230754,-0.1514947601688521,-1.3294088742170338,2.571162665082196,2.154949602787492,2.3989310774809485,2.634606640677524,0.29242095579531824,-0.5108960917189317,-0.36847106971319304,-0.6176896097051194,-1.925871738263143,-1.6228620246627308,3.438907173757634,0.7823269630514269,0.005781325596387842
13.1107,80.2459,15,chennai,-120,2024-11-28,3.425065879844415,0.011407313302328245,-0.5743726161057935,2.3665417167025535,1.7505430469230754,2.154949602787492,2.3989310774809485,-0.1514947601688521,0.29242095579531824,-0.5108960917189317,-1.3294088742170338,-0.6176896097051194,-1.925871738263143,2.571162665082196,3.438907173757634,0.7823269630514269
12.6889,79.9728,69,chengalpattu,-120,2024-11-28,2.1603589154888465,-0.12192485429462713,-0.6412861270924125,3.4668355418871313,3.425065879844415,1.7505430469230754,2.154949602787492,0.011407313302328245,-0.1514947601688521,0.29242095579531824,-0.5743726161057935,-1.3294088742170338,-0.6176896097051194,2.3665417167025535,2.571162665082196,3.438907173757634
13.1107,80.2459,15,chennai,-119,2024-11-29,3.4730062619133566,-0.30151548132829903,-1.0581827490525233,1.0492220854540866,2.1603589154888465,3.425065879844415,1.7505430469230754,-0.12192485429462713,0.011407313302328245,-0.1514947601688521,-0.6412861270924125,-0.5743726161057935,-1.3294088742170338,3.4668355418871313,2.3665417167025535,2.571162665082196
12.6889,79.9728,69,chengalpattu,-119,2024-11-29,2.5651585260829632,-0.3382281887268149,-0.8394960245117381,2.3986498807344465,3.4730062619133566,2.1603589154888465,3.425065879844415,-0.30151548132829903,-0.12192485429462713,0.011407313302328245,-1.0581827490525233,-0.6412861270924125,-0.5743726161057935,1.0492220854540866,3.4668355418871313,2.3665417167025535
13.1107,80.2459,15,chennai,-118,2024-11-30,10.236376403422879,0.7138840297058354,2.3824057807709558,0.48000272318598297,2.5651585260829632,3.4730062619133566,2.1603589154888465,-0.3382281887268149,-0.30151548132829903,-0.12192485429462713,-0.8394960245117381,-1.0581827490525233,-0.6412861270924125,2.3986498807344465,1.0492220854540866,3.4668355418871313
12.6889,79.9728,69,chengalpattu,-118,2024-11-30,11.1247196177588,0.22516444282460435,2.585163174300851,-0.010369658008451639,10.236376403422879,2.5651585260829632,3.4730062619133566,0.7138840297058354,-0.3382281887268149,-0.30151548132829903,2.3824057807709558,-0.8394960245117381,-1.0581827490525233,0.48000272318598297,2.3986498807344465,1.0492220854540866
13.1107,80.2459,15,chennai,-117,2024-12-01,3.9880297888385035,0.24774461039018458,-0.15462452166357363,0.97194626502876,11.1247196177588,10.236376403422879,2.5651585260829632,0.22516444282460435,0.7138840297058354,-0.3382281887268149,2.585163174300851,2.3824057807709558,-0.8394960245117381,-0.010369658008451639,0.48000272318598297,2.3986498807344465
12.6889,79.9728,69,chengalpattu,-117,2024-12-01,3.690103881639097,0.14680655574169169,-0.536291818261245,1.3207923962025592,3.9880297888385035,11.1247196177588,10.236376403422879,0.24774461039018458,0.22516444282460435,0.7138840297058354,-0.15462452166357363,2.585163174300851,2.3824057807709558,0.97194626502876,-0.010369658008451639,0.48000272318598297
13.1107,80.2459,15,chennai,-116,2024-12-02,2.347671242262349,-0.2562157217334954,0.579904384205443,-0.27910832477091235,3.690103881639097,3.9880297888385035,11.1247196177588,0.14680655574169169,0.24774461039018458,0.22516444282460435,-0.536291818261245,-0.15462452166357363,2.585163174300851,1.3207923962025592,0.97194626502876,-0.010369658008451639
12.6889,79.9728,69,chengalpattu,-116,2024-12-02,1.6328031745292517,-0.538024392593669,-0.07199138993516921,-0.5961350769649094,2.347671242262349,3.690103881639097,3.9880297888385035,-0.2562157217334954,0.14680655574169169,0.24774461039018458,0.579904384205443,-0.536291818261245,-0.15462452166357363,-0.27910832477091235,1.3207923962025592,0.97194626502876
13.1107,80.2459,15,chennai,-115,2024-12-03,1.009725614920075,-0.4713281629317962,-0.07717571448560138,-0.8896620692915284,1.6328031745292517,2.347671242262349,3.690103881639097,-0.538024392593669,-0.2562157217334954,0.14680655574169169,-0.07199138993516921,0.579904384205443,-0.536291818261245,-0.5961350769649094,-0.27910832477091235,1.3207923962025592
12.6889,79.9728,69,chengalpattu,-115,2024-12-03,0.2675730152081319,-0.8610969299853338,-0.3767067898273201,-1.0776897327492894,1.009725614920075,1.6328031745292517,2.347671242262349,-0.4713281629317962,-0.538024392593669,-0.2562157217334954,-0.07717571448560138,-0.07199138993516921,0.579904384205443,-0.8896620692915284,-0.5961350769649094,-0.27910832477091235
13.1107,80.2459,15,chennai,-114,2024-12-04,0.1578863907771672,-1.140453195080903,-0.28627307093296395,-1.3030026522753224,0.2675730152081319,1.009725614920075,1.6328031745292517,-0.8610969299853338,-0.4713281629317962,-0.538024392593669,-0.3767067898273201,-0.07717571448560138,-0.07199138993516921,-1.0776897327492894,-0.8896620692915284,-0.5961350769649094
12.6889,79.9728,69,chengalpattu,-114,2024-12-04,0.17058732366569643,-1.1482376372400596,-0.4816203313836248,-1.6122926585186026,0.1578863907771672,0.2675730152081319,1.009725614920075,-1.140453195080903,-0.8610969299853338,-0.4713281629317962,-0.28627307093296395,-0.3767067898273201,-0.07717571448560138,-1.3030026522753224,-1.0776897327492894,-0.8896620692915284
13.1107,80.2459,15,chennai,-113,2024-12-05,0.20438217926159644,-1.3474801640330099,-0.1398032239051863,-1.2622349212489212,0.17058732366569643,0.1578863907771672,0.2675730152081319,-1.1482376372400596,-1.140453195080903,-0.8610969299853338,-0.4816203313836248,-0.28627307093296395,-0.3767067898273201,-1.6122926585186026,-1.3030026522753224,-1.0776897327492894
12.6889,79.9728,69,chengalpattu,-113,2024-12-05,-0.1688857033304651,-1.4236220623495262,-0.7539740763516231,-0.9756124322731755,0.20438217926159644,0.17058732366569643,0.1578863907771672,-1.3474801640330099,-1.1482376372400596,-1.140453195080903,-0.1398032239051863,-0.4816203313836248,-0.28627307093296395,-1.2622349212489212,-1.6122926585186026,-1.3030026522753224
13.1107,80.2459,15,chennai,-112,2024-12-06,0.12885219016682814,-1.05784375611773,-0.7841973481678286,-1.4076295790514484,-0.1688857033304651,0.20438217926159644,0.17058732366569643,-1.4236220623495262,-1.3474801640330099,-1.1482376372400596,-0.7539740763516231,-0.1398032239051863,-0.4816203313836248,-0.9756124322731755,-1.2622349212489212,-1.6122926585186026
12.6889,79.9728,69,chengalpattu,-112,2024-12-06,0.010030072886059515,-1.1209869743192353,-0.9854228215137057,-1.2653918239822626,0.12885219016682814,-0.1688857033304651,0.20438217926159644,-1.05784375611773,-1.4236220623495262,-1.3474801640330099,-0.7841973481678286,-0.7539740763516231,-0.1398032239051863,-1.4076295790514484,-0.9756124322731755,-1.2622349212489212
13.1107,80.2459,15,chennai,-111,2024-12-07,-0.2996490536199269,-1.2077087564153222,-0.23448822412506845,-1.0039090965098136,0.010030072886059515,0.12885219016682814,-0.1688857033304651,-1.1209869743192353,-1.05784375611773,-1.4236220623495262,-0.9854228215137057,-0.7841973481678286,-0.7539740763516231,-1.2653918239822626,-1.4076295790514484,-0.9756124322731755
12.6889,79.9728,69,chengalpattu,-111,2024-12-07,-0.25001350788397453,-1.2089335546126867,-0.3014873148672074,-0.7794756162506599,-0.2996490536199269,0.010030072886059515,0.12885219016682814,-1.2077087564153222,-1.1209869743192353,-1.05784375611773,-0.23448822412506845,-0.9854228215137057,-0.7841973481678286,-1.0039090965098136,-1.2653918239822626,-1.4076295790514484
13.1107,80.2459,15,chennai,-110,2024-12-08,-0.6946056162931278,-1.5556802474826659,-0.1307513801338431,-0.8914687378778366,-0.25001350788397453,-0.2996490536199269,0.010030072886059515,-1.2089335546126867,-1.2077087564153222,-1.1209869743192353,-0.3014873148672074,-0.23448822412506845,-0.9854228215137057,-0.7794756162506599,-1.0039090965098136,-1.2653918239822626
12.6889,79.9728,69,chengalpattu,-110,2024-12-08,-0.6466319825070588,-1.643162702919109,-0.2676552103190259,-0.727612869254521,-0.6946056162931278,-0.25001350788397453,-0.2996490536199269,-1.5556802474826659,-1.2089335546126867,-1.2077087564153222,-0.1307513801338431,-0.3014873148672074,-0.23448822412506845,-0.8914687378778366,-0.7794756162506599,-1.0039090965098136
13.1107,80.2459,15,chennai,-109,2024-12-09,-0.14311357643050904,-0.9945574262874453,-0.5507076865001935,-0.78306684739975,-0.6466319825070588,-0.6946056162931278,-0.25001350788397453,-1.643162702919109,-1.5556802474826659,-1.2089335546126867,-0.2676552103190259,-0.1307513801338431,-0.3014873148672074,-0.727612869254521,-0.8914687378778366,-0.7794756162506599
12.6889,79.9728,69,chengalpattu,-109,2024-12-09,-0.4503265974535226,-1.0644957269655213,-0.6962144471476668,-0.38566677902605473,-0.14311357643050904,-0.6466319825070588,-0.6946056162931278,-0.9945574262874453,-1.643162702919109,-1.5556802474826659,-0.5507076865001935,-0.2676552103190259,-0.1307513801338431,-0.78306684739975,-0.727612869254521,-0.8914687378778366
13.1107,80.2459,15,chennai,-108,2024-12-10,0.2708011761833058,-0.506363233192937,-0.23599424557183363,0.7920656729120494,-0.4503265974535226,-0.14311357643050904,-0.6466319825070588,-1.0644957269655213,-0.9945574262874453,-1.643162702919109,-0.6962144471476668,-0.5507076865001935,-0.2676552103190259,-0.38566677902605473,-0.78306684739975,-0.727612869254521
12.6889,79.9728,69,chengalpattu,-108,2024-12-10,0.06294342913404159,-0.6836610775078966,-0.2842072699175879,0.7767804360543346,0.2708011761833058,-0.4503265974535226,-0.14311357643050904,-0.506363233192937,-1.0644957269655213,-0.9945574262874453,-0.23599424557183363,-0.6962144471476668,-0.5507076865001935,0.7920656729120494,-0.38566677902605473,-0.78306684739975
13.1107,80.2459,15,chennai,-107,2024-12-11,2.5271294212624436,-0.17141782996926971,-1.6482908857059972,0.8215962411630727,0.06294342913404159,0.2708011761833058,-0.4503265974535226,-0.6836610775078966,-0.506363233192937,-1.0644957269655213,-0.2842072699175879,-0.23599424557183363,-0.6962144471476668,0.7767804360543346,0.7920656729120494,-0.38566677902605473
12.6889,79.9728,69,chengalpattu,-107,2024-12-11,1.9589314815238212,-0.5436594075383557,-2.1811923194373164,0.60164323478728,2.5271294212624436,0.06294342913404159,0.2708011761833058,-0.17141782996926971,-0.6836610775078966,-0.506363233192937,-1.6482908857059972,-0.2842072699175879,-0.23599424557183363,0.8215962411630727,0.7767804360543346,0.7920656729120494
13.1107,80.2459,15,chennai,-106,2024-12-12,3.482749018910505,-0.4474170788179608,-1.4605932644689785,-0.5009142164509391,1.9589314815238212,2.5271294212624436,0.06294342913404159,-0.5436594075383557,-0.17141782996926971,-0.6836610775078966,-2.1811923194373164,-1.6482908857059972,-0.2842072699175879,0.60164323478728,0.8215962411630727,0.7767804360543346
12.6889,79.9728,69,chengalpattu,-106,2024-12-12,2.730175667258706,-0.7649917985306783,-2.07847786442041,-0.6311308900090195,3.482749018910505,1.9589314815238212,2.5271294212624436,-0.4474170788179608,-0.5436594075383557,-0.17141782996926971,-1.4605932644689785,-2.1811923194373164,-1.6482908857059972,-0.5009142164509391,0.60164323478728,0.8215962411630727
13.1107,80.2459,15,chennai,-105,2024-12-13,1.3167767655205205,-0.5120008040385503,0.348438479170915,1.2997580131816864,2.730175667258706,3.482749018910505,1.9589314815238212,-0.7649917985306783,-0.4474170788179608,-0.5436594075383557,-2.07847786442041,-1.4605932644689785,-2.1811923194373164,-0.6311308900090195,-0.5009142164509391,0.60164323478728
12.6889,79.9728,69,chengalpattu,-105,2024-12-13,1.048702721875935,-0.8361706043874721,-0.4804411631728011,0.6172420458674459,1.3167767655205205,2.730175667258706,3.482749018910505,-0.5120008040385503,-0.7649917985306783,-0.4474170788179608,0.348438479170915,-2.07847786442041,-1.4605932644689785,1.2997580131816864,-0.6311308900090195,-0.5009142164509391
13.1107,80.2459,15,chennai,-104,2024-12-14,0.3725381871262248,-1.2672850039878927,0.5543126583151675,1.5754793995600647,1.048702721875935,1.3167767655205205,2.730175667258706,-0.8361706043874721,-0.5120008040385503,-0.7649917985306783,-0.4804411631728011,0.348438479170915,-2.07847786442041,0.6172420458674459,1.2997580131816864,-0.6311308900090195
12.6889,79.9728,69,chengalpattu,-104,2024-12-14,0.10964412560837594,-1.489025762635786,0.08918127721017279,1.4001669223772566,0.3725381871262248,1.048702721875935,1.3167767655205205,-1.2672850039878927,-0.8361706043874721,-0.5120008040385503,0.5543126583151675,-0.4804411631728011,0.348438479170915,1.5754793995600647,0.6172420458674459,1.2997580131816864
13.1107,80.2459,15,chennai,-103,2024-12-15,0.38852403582374784,-1.1009940791897634,0.43383946262202183,2.3862631545238866,0.10964412560837594,0.3725381871262248,1.048702721875935,-1.489025762635786,-1.2672850039878927,-0.8361706043874721,0.08918127721017279,0.5543126583151675,-0.4804411631728011,1.4001669223772566,1.5754793995600647,0.6172420458674459
12.6889,79.9728,69,chengalpattu,-103,2024-12-15,-0.0790350687551248,-1.4438417643086205,-0.12028261266689139,1.8551083263548074,0.38852403582374784,0.10964412560837594,0.3725381871262248,-1.1009940791897634,-1.489025762635786,-1.2672850039878927,0.43383946262202183,0.08918127721017279,0.5543126583151675,2.3862631545238866,1.4001669223772566,1.5754793995600647
13.1107,80.2459,15,chennai,-102,2024-12-16,0.32860134527413587,-1.3030373977718013,0.39216106126729805,2.3371114327660774,-0.0790350687551248,0.38852403582374784,0.10964412560837594,-1.4438417643086205,-1.1009940791897634,-1.489025762635786,-0.12028261266689139,0.43383946262202183,0.08918127721017279,1.8551083263548074,2.3862631545238866,1.4001669223772566
12.6889,79.9728,69,chengalpattu,-102,2024-12-16,0.046971518993646745,-1.3895845908196618,-0.019914284148733207,2.1881093613950253,0.32860134527413587,-0.0790350687551248,0.38852403582374784,-1.3030373977718013,-1.4438417643086205,-1.1009940791897634,0.39216106126729805,-0.12028261266689139,0.43383946262202183,2.3371114327660774,1.8551083263548074,2.3862631545238866
13.1107,80.2459,15,chennai,-101,2024-12-17,1.0609373832590323,-0.7887260938303597,-1.8516663723569236,2.7269996330878485,0.046971518993646745,0.32860134527413587,-0.0790350687551248,-1.3895845908196618,-1.3030373977718013,-1.4438417643086205,-0.019914284148733207,0.39216106126729805,-0.12028261266689139,2.1881093613950253,2.3371114327660774,1.8551083263548074
12.6889,79.9728,69,chengalpattu,-101,2024-12-17,1.1121935784906989,-0.8333513175837161,-1.4911156869936912,2.5893337425189564,1.0609373832590323,0.046971518993646745,0.32860134527413587,-0.7887260938303597,-1.3895845908196618,-1.3030373977718013,-1.8516663723569236,-0.019914284148733207,0.39216106126729805,2.7269996330878485,2.1881093613950253,2.3371114327660774
13.1107,80.2459,15,chennai,-100,2024-12-18,2.829757356732178,-0.6707601164332136,-1.375603738009739,0.5506866332815531,1.1121935784906989,1.0609373832590323,0.046971518993646745,-0.8333513175837161,-0.7887260938303597,-1.3895845908196618,-1.4911156869936912,-1.8516663723569236,-0.019914284148733207,2.5893337425189564,2.7269996330878485,2.1881093613950253
12.6889,79.9728,69,chengalpattu,-100,2024-12-18,2.464913135075671,-0.7083904426304449,-0.8632954794790515,1.021445095961892,2.829757356732178,1.1121935784906989,1.0609373832590323,-0.6707601164332136,-0.8333513175837161,-0.7887260938303597,-1.375603738009739,-1.4911156869936912,-1.8516663723569236,0.5506866332815531,2.5893337425189564,2.7269996330878485
13.1107,80.2459,15,chennai,-99,2024-12-19,1.5481958574600503,-0.45950774078493356,-1.5186719636731079,0.453482157924886,2.464913135075671,2.829757356732178,1.1121935784906989,-0.7083904426304449,-0.6707601164332136,-0.8333513175837161,-0.8632954794790515,-1.375603738009739,-1.4911156869936912,1.021445095961892,0.5506866332815531,2.5893337425189564
12.6889,79.9728,69,chengalpattu,-99,2024-12-19,1.2796623885534255,-0.46160021766000625,-1.3135097211381692,0.8584891495218536,1.5481958574600503,2.464913135075671,2.829757356732178,-0.45950774078493356,-0.7083904426304449,-0.6707601164332136,-1.5186719636731079,-0.8632954794790515,-1.375603738009739,0.453482157924886,1.021445095961892,0.5506866332815531
13.1107,80.2459,15,chennai,-98,2024-12-20,1.428180097387708,-0.5835321718267684,-0.28726654946700336,0.19454116701347132,1.2796623885534255,1.5481958574600503,2.464913135075671,-0.46160021766000625,-0.45950774078493356,-0.7083904426304449,-1.3135097211381692,-1.5186719636731079,-0.8632954794790515,0.8584891495218536,0.453482157924886,1.021445095961892
12.6889,79.9728,69,chengalpattu,-98,2024-12-20,0.23164132431295673,-0.7576947497033351,-0.41666396273183476,0.19734997120435718,1.428180097387708,1.2796623885534255,1.5481958574600503,-0.5835321718267684,-0.46160021766000625,-0.45950774078493356,-0.28726654946700336,-1.3135097211381692,-1.5186719636731079,0.19454116701347132,0.8584891495218536,0.453482157924886
13.1107,80.2459,15,chennai,-97,2024-12-21,0.6573893349940946,-0.9123686458363108,-0.05792125805525654,-0.1539294468710665,0.23164132431295673,1.428180097387708,1.2796623885534255,-0.7576947497033351,-0.5835321718267684,-0.46160021766000625,-0.41666396273183476,-0.28726654946700336,-1.3135097211381692,0.19734997120435718,0.19454116701347132,0.8584891495218536
12.6889,79.9728,69,chengalpattu,-97,2024-12-21,0.19027168451192963,-1.1461553014715136,-0.3718735432997737,-0.6643464306699989,0.6573893349940946,0.23164132431295673,1.428180097387708,-0.9123686458363108,-0.7576947497033351,-0.5835321718267684,-0.05792125805525654,-0.41666396273183476,-0.28726654946700336,-0.1539294468710665,0.19734997120435718,0.19454116701347132
13.1107,80.2459,15,chennai,-96,2024-12-22,0.4673268308501763,-0.9548740161217711,0.16388948088642427,0.4476380339656019,0.19027168451192963,0.6573893349940946,0.23164132431295673,-1.1461553014715136,-0.9123686458363108,-0.7576947497033351,-0.3718735432997737,-0.05792125805525654,-0.41666396273183476,-0.6643464306699989,-0.1539294468710665,0.19734997120435718
12.6889,79.9728,69,chengalpattu,-96,2024-12-22,0.3115791411741051,-1.018325637654231,-0.03502969211620256,0.5518313552954944,0.4673268308501763,0.19027168451192963,0.6573893349940946,-0.9548740161217711,-1.1461553014715136,-0.9123686458363108,0.16388948088642427,-0.3718735432997737,-0.05792125805525654,0.4476380339656019,-0.6643464306699989,-0.1539294468710665
13.1107,80.2459,15,chennai,-95,2024-12-23,0.5668143795988271,-0.9110323204371571,0.2127566618327553,1.0709046096300414,0.3115791411741051,0.4673268308501763,0.19027168451192963,-1.018325637654231,-0.9548740161217711,-1.1461553014715136,-0.03502969211620256,0.16388948088642427,-0.3718735432997737,0.5518313552954944,0.4476380339656019,-0.6643464306699989
12.6889,79.9728,69,chengalpattu,-95,2024-12-23,0.2604237952697128,-1.1882510361630583,0.48227020729761144,1.050810961375578,0.5668143795988271,0.3115791411741051,0.4673268308501763,-0.9110323204371571,-1.018325637654231,-0.9548740161217711,0.2127566618327553,-0.03502969211620256,0.16388948088642427,1.0709046096300414,0.5518313552954944,0.4476380339656019
13.1107,80.2459,15,chennai,-94,2024-12-24,1.5826743403436756,-0.9213506864665467,-0.09029882415944884,1.0966713726477713,0.2604237952697128,0.5668143795988271,0.3115791411741051,-1.1882510361630583,-0.9110323204371571,-1.018325637654231,0.48227020729761144,0.2127566618327553,-0.03502969211620256,1.050810961375578,1.0709046096300414,0.5518313552954944
12.6889,79.9728,69,chengalpattu,-94,2024-12-24,0.6833158754653025,-1.175094237970678,-1.099218733348095,1.0670592490809123,1.5826743403436756,0.2604237952697128,0.5668143795988271,-0.9213506864665467,-1.1882510361630583,-0.9110323204371571,-0.09029882415944884,0.48227020729761144,0.2127566618327553,1.0966713726477713,1.050810961375578,1.0709046096300414
13.1107,80.2459,15,chennai,-93,2024-12-25,1.729487733078169,-0.6730055390853231,-0.7025128235631306,1.4160681805659003,0.6833158754653025,1.5826743403436756,0.2604237952697128,-1.175094237970678,-0.9213506864665467,-1.1882510361630583,-1.099218733348095,-0.09029882415944884,0.48227020729761144,1.0670592490809123,1.0966713726477713,1.050810961375578
12.6889,79.9728,69,chengalpattu,-93,2024-12-25,1.251233798939794,-1.16328444101687,0.023020418661107087,0.9009091634514772,1.729487733078169,0.6833158754653025,1.5826743403436756,-0.6730055390853231,-1.175094237970678,-0.9213506864665467,-0.7025128235631306,-1.099218733348095,-0.09029882415944884,1.4160681805659003,1.0670592490809123,1.0966713726477713
13.1107,80.2459,15,chennai,-92,2024-12-26,2.817266444256013,-0.5831666440648309,0.8370945496364204,-0.5444343186298944,1.251233798939794,1.729487733078169,0.6833158754653025,-1.16328444101687,-0.6730055390853231,-1.175094237970678,0.023020418661107087,-0.7025128235631306,-1.099218733348095,0.9009091634514772,1.4160681805659003,1.0670592490809123
12.6889,79.9728,69,chengalpattu,-92,2024-12-26,1.9265523628315546,-0.7548085625443648,-0.23334953930825414,-0.05045453756007351,2.817266444256013,1.251233798939794,1.729487733078169,-0.5831666440648309,-1.16328444101687,-0.6730055390853231,0.8370945496364204,0.023020418661107087,-0.7025128235631306,-0.5444343186298944,0.9009091634514772,1.4160681805659003
13.1107,80.2459,15,chennai,-91,2024-12-27,1.4000611684864028,-0.8479402269080017,0.6475149026297177,0.46499139052205085,1.9265523628315546,2.817266444256013,1.251233798939794,-0.7548085625443648,-0.5831666440648309,-1.16328444101687,-0.23334953930825414,0.8370945496364204,0.023020418661107087,-0.05045453756007351,-0.5444343186298944,0.9009091634514772
12.6889,79.9728,69,chengalpattu,-91,2024-12-27,1.1241299526043822,-1.117246996718275,-0.24581355095701055,-0.16900379686646072,1.4000611684864028,1.9265523628315546,2.817266444256013,-0.8479402269080017,-0.7548085625443648,-0.5831666440648309,0.6475149026297177,-0.23334953930825414,0.8370945496364204,0.46499139052205085,-0.05045453756007351,-0.5444343186298944
13.1107,80.2459,15,chennai,-90,2024-12-28,0.4553443290463776,-1.3623118188600518,0.7618487345022723,0.20763182500838978,1.1241299526043822,1.4000611684864028,1.9265523628315546,-1.117246996718275,-0.8479402269080017,-0.7548085625443648,-0.24581355095701055,0.6475149026297177,-0.23334953930825414,-0.16900379686646072,0.46499139052205085,-0.05045453756007351
12.6889,79.9728,69,chengalpattu,-90,2024-12-28,0.04842915300185297,-1.6164340521907063,0.34975718443309,0.13518094746984685,0.4553443290463776,1.1241299526043822,1.4000611684864028,-1.3623118188600518,-1.117246996718275,-0.8479402269080017,0.7618487345022723,-0.24581355095701055,0.6475149026297177,0.20763182500838978,-0.16900379686646072,0.46499139052205085
13.1107,80.2459,15,chennai,-89,2024-12-29,0.8752346823519823,-0.6906253602019342,-0.1858582420236706,1.078428913259086,0.04842915300185297,0.4553443290463776,1.1241299526043822,-1.6164340521907063,-1.3623118188600518,-1.117246996718275,0.34975718443309,0.7618487345022723,-0.24581355095701055,0.13518094746984685,0.20763182500838978,-0.16900379686646072
12.6889,79.9728,69,chengalpattu,-89,2024-12-29,0.43243597160308545,-0.8849650601440143,-0.31266195471423885,1.0286726199355383,0.8752346823519823,0.04842915300185297,0.4553443290463776,-0.6906253602019342,-1.6164340521907063,-1.3623118188600518,-0.1858582420236706,0.34975718443309,0.7618487345022723,1.078428913259086,0.13518094746984685,0.20763182500838978
13.1107,80.2459,15,chennai,-88,2024-12-30,1.5805768387468662,-0.6828311230403069,0.24767343032772754,0.15298223293860044,0.43243597160308545,0.8752346823519823,0.04842915300185297,-0.8849650601440143,-0.6906253602019342,-1.6164340521907063,-0.31266195471423885,-0.1858582420236706,0.34975718443309,1.0286726199355383,1.078428913259086,0.13518094746984685
12.6889,79.9728,69,chengalpattu,-88,2024-12-30,1.1891797779432807,-0.7989020339602136,0.06553212276995424,0.6091394467652999,1.5805768387468662,0.43243597160308545,0.8752346823519823,-0.6828311230403069,-0.8849650601440143,-0.6906253602019342,0.24767343032772754,-0.31266195471423885,-0.1858582420236706,0.15298223293860044,1.0286726199355383,1.078428913259086
13.1107,80.2459,15,chennai,-87,2024-12-31,0.7197237323981653,-0.9955944805419511,0.668014158896661,0.9228654210046761,1.1891797779432807,1.5805768387468662,0.43243597160308545,-0.7989020339602136,-0.6828311230403069,-0.8849650601440143,0.06553212276995424,0.24767343032772754,-0.31266195471423885,0.6091394467652999,0.15298223293860044,1.0286726199355383
12.6889,79.9728,69,chengalpattu,-87,2024-12-31,0.6226735641783863,-1.309580169476742,0.6532784579537226,0.7705326418293131,0.7197237323981653,1.1891797779432807,1.5805768387468662,-0.9955944805419511,-0.7989020339602136,-0.6828311230403069,0.668014158896661,0.06553212276995424,0.24767343032772754,0.9228654210046761,0.6091394467652999,0.15298223293860044
13.1107,80.2459,15,chennai,-86,2025-01-01,0.11577996737244965,-1.1768260583434393,0.2562501352911221,0.7687503722282426,0.6226735641783863,0.7197237323981653,1.1891797779432807,-1.309580169476742,-0.9955944805419511,-0.7989020339602136,0.6532784579537226,0.668014158896661,0.06553212276995424,0.7705326418293131,0.9228654210046761,0.6091394467652999
12.6889,79.9728,69,chengalpattu,-86,2025-01-01,0.22056569974797996,-1.468820354109768,0.38435486965136173,0.8870073288245011,0.11577996737244965,0.6226735641783863,0.7197237323981653,-1.1768260583434393,-1.309580169476742,-0.9955944805419511,0.2562501352911221,0.6532784579537226,0.668014158896661,0.7687503722282426,0.7705326418293131,0.9228654210046761
13.1107,80.2459,15,chennai,-85,2025-01-02,-0.3707634285984245,-1.6298095696861845,-0.0730421500599323,0.9821503254751578,0.22056569974797996,0.11577996737244965,0.6226735641783863,-1.468820354109768,-1.1768260583434393,-1.309580169476742,0.38435486965136173,0.2562501352911221,0.6532784579537226,0.8870073288245011,0.7687503722282426,0.7705326418293131
12.6889,79.9728,69,chengalpattu,-85,2025-01-02,-0.43953702454948296,-1.6048552055381715,-0.2811393755951708,1.059820660938942,-0.3707634285984245,0.22056569974797996,0.11577996737244965,-1.6298095696861845,-1.468820354109768,-1.1768260583434393,-0.0730421500599323,0.38435486965136173,0.2562501352911221,0.9821503254751578,0.8870073288245011,0.7687503722282426
13.1107,80.2459,15,chennai,-84,2025-01-03,-0.16532680593063132,-1.5016388222679515,0.016831191702584083,1.534453172133126,-0.43953702454948296,-0.3707634285984245,0.22056569974797996,-1.6048552055381715,-1.6298095696861845,-1.468820354109768,-0.2811393755951708,-0.0730421500599323,0.38435486965136173,1.059820660938942,0.9821503254751578,0.8870073288245011
12.6889,79.9728,69,chengalpattu,-84,2025-01-03,-0.3811236956013854,-1.6376775993593913,-0.3695130880332359,1.580766919829788,-0.16532680593063132,-0.43953702454948296,-0.3707634285984245,-1.5016388222679515,-1.6048552055381715,-1.6298095696861845,0.016831191702584083,-0.2811393755951708,-0.0730421500599323,1.534453172133126,1.059820660938942,0.9821503254751578
13.1107,80.2459,15,chennai,-83,2025-01-04,-0.5907878762924818,-2.1195709250792953,-0.14340046153772704,0.5779769210635491,-0.3811236956013854,-0.16532680593063132,-0.43953702454948296,-1.6376775993593913,-1.5016388222679515,-1.6048552055381715,-0.3695130880332359,0.016831191702584083,-0.2811393755951708,1.580766919829788,1.534453172133126,1.059820660938942
12.6889,79.9728,69,chengalpattu,-83,2025-01-04,-0.5137620079970803,-2.3606437428473184,-0.09856148509819705,0.8864259548615266,-0.5907878762924818,-0.3811236956013854,-0.16532680593063132,-2.1195709250792953,-1.6376775993593913,-1.5016388222679515,-0.14340046153772704,-0.3695130880332359,0.016831191702584083,0.5779769210635491,1.580766919829788,1.534453172133126
13.1107,80.2459,15,chennai,-82,2025-01-05,-0.8577913848486447,-1.9150023013580115,-0.43506432778834575,0.7291061340827371,-0.5137620079970803,-0.5907878762924818,-0.3811236956013854,-2.3606437428473184,-2.1195709250792953,-1.6376775993593913,-0.09856148509819705,-0.14340046153772704,-0.3695130880332359,0.8864259548615266,0.5779769210635491,1.580766919829788
12.6889,79.9728,69,chengalpattu,-82,2025-01-05,-0.8579257408269415,-1.9314310116043516,-0.7907210971156707,0.9961460675467881,-0.8577913848486447,-0.5137620079970803,-0.5907878762924818,-1.9150023013580115,-2.3606437428473184,-2.1195709250792953,-0.43506432778834575,-0.09856148509819705,-0.14340046153772704,0.7291061340827371,0.8864259548615266,0.5779769210635491
13.1107,80.2459,15,chennai,-81,2025-01-06,-0.6028509877510612,-2.2197236281423707,-0.20026935670716572,0.3148524105433442,-0.8579257408269415,-0.8577913848486447,-0.5137620079970803,-1.9314310116043516,-1.9150023013580115,-2.3606437428473184,-0.7907210971156707,-0.43506432778834575,-0.09856148509819705,0.9961460675467881,0.7291061340827371,0.8864259548615266
12.6889,79.9728,69,chengalpattu,-81,2025-01-06,-0.5880090045295905,-2.3560538818881764,-0.2982314176727244,0.6476704262404059,-0.6028509877510612,-0.8579257408269415,-0.8577913848486447,-2.2197236281423707,-1.9314310116043516,-1.9150023013580115,-0.20026935670716572,-0.7907210971156707,-0.43506432778834575,0.3148524105433442,0.9961460675467881,0.7291061340827371
13.1107,80.2459,15,chennai,-80,2025-01-07,0.5045582360383216,-1.815455474262577,0.1093718283002327,0.31811575657395047,-0.5880090045295905,-0.6028509877510612,-0.8579257408269415,-2.3560538818881764,-2.2197236281423707,-1.9314310116043516,-0.2982314176727244,-0.20026935670716572,-0.7907210971156707,0.6476704262404059,0.3148524105433442,0.9961460675467881
12.6889,79.9728,69,chengalpattu,-80,2025-01-07,0.48595718770916824,-1.8515321440859855,-0.08266111892719871,0.40464366553764086,0.5045582360383216,-0.5880090045295905,-0.6028509877510612,-1.815455474262577,-2.3560538818881764,-2.2197236281423707,0.1093718283002327,-0.2982314176727244,-0.20026935670716572,0.31811575657395047,0.6476704262404059,0.3148524105433442
13.1107,80.2459,15,chennai,-79,2025-01-08,-0.20340943778837917,-2.097633993538344,0.6612713617262864,1.3720898415592557,0.48595718770916824,0.5045582360383216,-0.5880090045295905,-1.8515321440859855,-1.815455474262577,-2.3560538818881764,-0.08266111892719871,0.1093718283002327,-0.2982314176727244,0.40464366553764086,0.31811575657395047,0.6476704262404059
12.6889,79.9728,69,chengalpattu,-79,2025-01-08,-0.39174202258625307,-2.468701734076381,0.3815434100640108,1.0417050509233634,-0.20340943778837917,0.48595718770916824,0.5045582360383216,-2.097633993538344,-1.8515321440859855,-1.815455474262577,0.6612713617262864,-0.08266111892719871,0.1093718283002327,1.3720898415592557,0.40464366553764086,0.31811575657395047
13.1107,80.2459,15,chennai,-78,2025-01-09,0.026106187307445242,-1.676390968688462,0.673550530296952,1.9584991550557258,-0.39174202258625307,-0.20340943778837917,0.48595718770916824,-2.468701734076381,-2.097633993538344,-1.8515321440859855,0.3815434100640108,0.6612713617262864,-0.08266111892719871,1.0417050509233634,1.3720898415592557,0.40464366553764086
12.6889,79.9728,69,chengalpattu,-78,2025-01-09,-0.2879839578998314,-2.1621369815425138,0.10718007790298624,1.5692167100243408,0.026106187307445242,-0.39174202258625307,-0.20340943778837917,-1.676390968688462,-2.468701734076381,-2.097633993538344,0.673550530296952,0.3815434100640108,0.6612713617262864,1.9584991550557258,1.0417050509233634,1.3720898415592557
13.1107,80.2459,15,chennai,-77,2025-01-10,0.655047401577518,-1.1979166019535543,0.13014938761086936,1.0293321275587388,-0.2879839578998314,0.026106187307445242,-0.39174202258625307,-2.1621369815425138,-1.676390968688462,-2.468701734076381,0.10718007790298624,0.673550530296952,0.3815434100640108,1.5692167100243408,1.9584991550557258,1.0417050509233634
12.6889,79.9728,69,chengalpattu,-77,2025-01-10,0.36817638278139986,-1.6860694071291125,-0.16187842472192351,1.123754522592439,0.655047401577518,-0.2879839578998314,0.026106187307445242,-1.1979166019535543,-2.1621369815425138,-1.676390968688462,0.13014938761086936,0.10718007790298624,0.673550530296952,1.0293321275587388,1.5692167100243408,1.9584991550557258
13.1107,80.2459,15,chennai,-76,2025-01-11,0.20879657217376493,-0.8638855270840051,0.28176819626650207,2.223847720709463,0.36817638278139986,0.655047401577518,-0.2879839578998314,-1.6860694071291125,-1.1979166019535543,-2.1621369815425138,-0.16187842472192351,0.13014938761086936,0.10718007790298624,1.123754522592439,1.0293321275587388,1.5692167100243408
12.6889,79.9728,69,chengalpattu,-76,2025-01-11,-0.08357995981067425,-1.2540832897955523,-0.39322169460130585,1.7294310432193394,0.20879657217376493,0.36817638278139986,0.655047401577518,-0.8638855270840051,-1.6860694071291125,-1.1979166019535543,0.28176819626650207,-0.16187842472192351,0.13014938761086936,2.223847720709463,1.123754522592439,1.0293321275587388
13.1107,80.2459,15,chennai,-75,2025-01-12,0.3218120413859859,-0.8817799261792605,-2.3726482675830947,1.7016818435094596,-0.08357995981067425,0.20879657217376493,0.36817638278139986,-1.2540832897955523,-0.8638855270840051,-1.6860694071291125,-0.39322169460130585,0.28176819626650207,-0.16187842472192351,1.7294310432193394,2.223847720709463,1.123754522592439
12.6889,79.9728,69,chengalpattu,-75,2025-01-12,0.28734395817206154,-1.0991618109146755,-2.331948448284632,1.5772059785308385,0.3218120413859859,-0.08357995981067425,0.20879657217376493,-0.8817799261792605,-1.2540832897955523,-0.8638855270840051,-2.3726482675830947,-0.39322169460130585,0.28176819626650207,1.7016818435094596,1.7294310432193394,2.223847720709463
13.1107,80.2459,15,chennai,-74,2025-01-13,1.417363773741206,-1.053311545687452,-0.3721051693193706,-0.14687204299575063,0.28734395817206154,0.3218120413859859,-0.08357995981067425,-1.0991618109146755,-0.8817799261792605,-1.2540832897955523,-2.331948448284632,-2.3726482675830947,-0.39322169460130585,1.5772059785308385,1.7016818435094596,1.7294310432193394
12.6889,79.9728,69,chengalpattu,-74,2025-01-13,0.743692716373403,-1.2529039328371547,-0.6224609261561551,0.14932569931895115,1.417363773741206,0.28734395817206154,0.3218120413859859,-1.053311545687452,-1.0991618109146755,-0.8817799261792605,-0.3721051693193706,-2.331948448284632,-2.3726482675830947,-0.14687204299575063,1.5772059785308385,1.7016818435094596
13.1107,80.2459,15,chennai,-73,2025-01-14,0.4573913093300864,-0.9328527175776449,0.3902674703436741,1.1831481270021185,0.743692716373403,1.417363773741206,0.28734395817206154,-1.2529039328371547,-1.053311545687452,-1.0991618109146755,-0.6224609261561551,-0.3721051693193706,-2.331948448284632,0.14932569931895115,-0.14687204299575063,1.5772059785308385
12.6889,79.9728,69,chengalpattu,-73,2025-01-14,0.06535391469614905,-1.047942232751141,-0.05068417557451393,1.1871909471409687,0.4573913093300864,0.743692716373403,1.417363773741206,-0.9328527175776449,-1.2529039328371547,-1.053311545687452,0.3902674703436741,-0.6224609261561551,-0.3721051693193706,1.1831481270021185,0.14932569931895115,-0.14687204299575063
13.1107,80.2459,15,chennai,-72,2025-01-15,0.7276390171338376,-1.0348209974124092,1.1995882842947905,1.8553217973097602,0.06535391469614905,0.4573913093300864,0.743692716373403,-1.047942232751141,-0.9328527175776449,-1.2529039328371547,-0.05068417557451393,0.3902674703436741,-0.6224609261561551,1.1871909471409687,1.1831481270021185,0.14932569931895115
12.6889,79.9728,69,chengalpattu,-72,2025-01-15,0.2953639073966447,-1.2986256988425304,0.5406412492934006,1.4825037727130699,0.7276390171338376,0.06535391469614905,0.4573913093300864,-1.0348209974124092,-1.047942232751141,-0.9328527175776449,1.1995882842947905,-0.05068417557451393,0.3902674703436741,1.8553217973097602,1.1871909471409687,1.1831481270021185
13.1107,80.2459,15,chennai,-71,2025-01-16,0.35061307290312727,-1.3470223565224915,0.7159663812940869,1.6468702874260523,0.2953639073966447,0.7276390171338376,0.06535391469614905,-1.2986256988425304,-1.0348209974124092,-1.047942232751141,0.5406412492934006,1.1995882842947905,-0.05068417557451393,1.4825037727130699,1.8553217973097602,1.1871909471409687
12.6889,79.9728,69,chengalpattu,-71,2025-01-16,-0.060537891397321214,-1.547673207639277,-0.015512716274390171,1.48005435930458,0.35061307290312727,0.2953639073966447,0.7276390171338376,-1.3470223565224915,-1.2986256988425304,-1.0348209974124092,0.7159663812940869,0.5406412492934006,1.1995882842947905,1.6468702874260523,1.4825037727130699,1.8553217973097602
13.1107,80.2459,15,chennai,-70,2025-01-17,0.6707742683313965,-1.456716288143013,0.8490486998105713,1.5480684954574058,-0.060537891397321214,0.35061307290312727,0.2953639073966447,-1.547673207639277,-1.3470223565224915,-1.2986256988425304,-0.015512716274390171,0.7159663812940869,0.5406412492934006,1.48005435930458,1.6468702874260523,1.4825037727130699
12.6889,79.9728,69,chengalpattu,-70,2025-01-17,0.22125510464131082,-1.6837666144065448,0.3439924944028127,1.5813443006020496,0.6707742683313965,-0.060537891397321214,0.35061307290312727,-1.456716288143013,-1.547673207639277,-1.3470223565224915,0.8490486998105713,-0.015512716274390171,0.7159663812940869,1.5480684954574058,1.48005435930458,1.6468702874260523
13.1107,80.2459,15,chennai,-69,2025-01-18,0.5522799299351808,-0.7627279457605827,-1.2999781471903968,2.3435002001980476,0.22125510464131082,0.6707742683313965,-0.060537891397321214,-1.6837666144065448,-1.456716288143013,-1.547673207639277,0.3439924944028127,0.8490486998105713,-0.015512716274390171,1.5813443006020496,1.5480684954574058,1.48005435930458
12.6889,79.9728,69,chengalpattu,-69,2025-01-18,0.29484678389229013,-1.1256560494676562,-1.3066396431034355,2.0981084950098166,0.5522799299351808,0.22125510464131082,0.6707742683313965,-0.7627279457605827,-1.6837666144065448,-1.456716288143013,-1.2999781471903968,0.3439924944028127,0.8490486998105713,2.3435002001980476,1.5813443006020496,1.5480684954574058
13.1107,80.2459,15,chennai,-68,2025-01-19,1.7454448954438568,-0.6338244502624555,-0.02217116455099906,0.5360878237506864,0.29484678389229013,0.5522799299351808,0.22125510464131082,-1.1256560494676562,-0.7627279457605827,-1.6837666144065448,-1.3066396431034355,-1.2999781471903968,0.3439924944028127,2.0981084950098166,2.3435002001980476,1.5813443006020496
12.6889,79.9728,69,chengalpattu,-68,2025-01-19,1.3707144845402028,-0.8598553645450071,-0.3802002086756197,0.41749260609177297,1.7454448954438568,0.29484678389229013,0.5522799299351808,-0.6338244502624555,-1.1256560494676562,-0.7627279457605827,-0.02217116455099906,-1.3066396431034355,-1.2999781471903968,0.5360878237506864,2.0981084950098166,2.3435002001980476
13.1107,80.2459,15,chennai,-67,2025-01-20,-0.09607250342204793,-1.1394482903864713,-0.08698417767682444,1.1476329988775715,1.3707144845402028,1.7454448954438568,0.29484678389229013,-0.8598553645450071,-0.6338244502624555,-1.1256560494676562,-0.3802002086756197,-0.02217116455099906,-1.3066396431034355,0.41749260609177297,0.5360878237506864,2.0981084950098166
12.6889,79.9728,69,chengalpattu,-67,2025-01-20,-0.18276736786971684,-1.2103167282868796,-0.05572774910734942,1.3731146812662538,-0.09607250342204793,1.3707144845402028,1.7454448954438568,-1.1394482903864713,-0.8598553645450071,-0.6338244502624555,-0.08698417767682444,-0.3802002086756197,-0.02217116455099906,1.1476329988775715,0.41749260609177297,0.5360878237506864
13.1107,80.2459,15,chennai,-66,2025-01-21,-0.5225821262708426,-1.638917636097203,-0.12395600859405824,0.9919997310656438,-0.18276736786971684,-0.09607250342204793,1.3707144845402028,-1.2103167282868796,-1.1394482903864713,-0.8598553645450071,-0.05572774910734942,-0.08698417767682444,-0.3802002086756197,1.3731146812662538,1.1476329988775715,0.41749260609177297
12.6889,79.9728,69,chengalpattu,-66,2025-01-21,-0.44833704679827463,-1.7195296353926741,-0.16587771848506086,1.1703110806177826,-0.5225821262708426,-0.18276736786971684,-0.09607250342204793,-1.638917636097203,-1.2103167282868796,-1.1394482903864713,-0.12395600859405824,-0.05572774910734942,-0.08698417767682444,0.9919997310656438,1.3731146812662538,1.1476329988775715
13.1107,80.2459,15,chennai,-65,2025-01-22,-0.45875382371322987,-1.6967967310821424,-0.0552522799123181,0.6372251043851013,-0.44833704679827463,-0.5225821262708426,-0.18276736786971684,-1.7195296353926741,-1.638917636097203,-1.2103167282868796,-0.16587771848506086,-0.12395600859405824,-0.05572774910734942,1.1703110806177826,0.9919997310656438,1.3731146812662538
12.6889,79.9728,69,chengalpattu,-65,2025-01-22,-0.09553941799285277,-1.9559534303430197,0.21375453074534154,0.8438235162284468,-0.45875382371322987,-0.44833704679827463,-0.5225821262708426,-1.6967967310821424,-1.7195296353926741,-1.638917636097203,-0.0552522799123181,-0.16587771848506086,-0.12395600859405824,0.6372251043851013,1.1703110806177826,0.9919997310656438
13.1107,80.2459,15,chennai,-64,2025-01-23,-0.7460906506240369,-1.4358715935623134,-0.45590726688928596,0.6553529641501703,-0.09553941799285277,-0.45875382371322987,-0.44833704679827463,-1.9559534303430197,-1.6967967310821424,-1.7195296353926741,0.21375453074534154,-0.0552522799123181,-0.16587771848506086,0.8438235162284468,0.6372251043851013,1.1703110806177826
12.6889,79.9728,69,chengalpattu,-64,2025-01-23,-0.9197068609997265,-1.5268508224587516,-0.9075184868024154,0.8263615165026856,-0.7460906506240369,-0.09553941799285277,-0.45875382371322987,-1.4358715935623134,-1.9559534303430197,-1.6967967310821424,-0.45590726688928596,0.21375453074534154,-0.0552522799123181,0.6553529641501703,0.8438235162284468,0.6372251043851013
13.1107,80.2459,15,chennai,-63,2025-01-24,-0.7883237092146903,-2.0066326419910276,-0.0851188711158513,0.6485616311112032,-0.9197068609997265,-0.7460906506240369,-0.09553941799285277,-1.5268508224587516,-1.4358715935623134,-1.9559534303430197,-0.9075184868024154,-0.45590726688928596,0.21375453074534154,0.8263615165026856,0.6553529641501703,0.8438235162284468
12.6889,79.9728,69,chengalpattu,-63,2025-01-24,-0.7125229152863813,-2.1897087498449754,-0.03716129752478108,0.8041640220166731,-0.7883237092146903,-0.9197068609997265,-0.7460906506240369,-2.0066326419910276,-1.5268508224587516,-1.4358715935623134,-0.0851188711158513,-0.9075184868024154,-0.45590726688928596,0.6485616311112032,0.8263615165026856,0.6553529641501703
13.1107,80.2459,15,chennai,-62,2025-01-25,-0.5366665975243041,-1.6993652687510807,-0.04262724299408601,0.7320572145900346,-0.7125229152863813,-0.7883237092146903,-0.9197068609997265,-2.1897087498449754,-2.0066326419910276,-1.5268508224587516,-0.03716129752478108,-0.0851188711158513,-0.9075184868024154,0.8041640220166731,0.6485616311112032,0.8263615165026856
12.6889,79.9728,69,chengalpattu,-62,2025-01-25,-0.5494599044238906,-1.863393373494331,-0.008096724128563893,0.9885197441864378,-0.5366665975243041,-0.7125229152863813,-0.7883237092146903,-1.6993652687510807,-2.1897087498449754,-2.0066326419910276,-0.04262724299408601,-0.03716129752478108,-0.0851188711158513,0.7320572145900346,0.8041640220166731,0.6485616311112032
13.1107,80.2459,15,chennai,-61,2025-01-26,-0.8355270038925674,-1.5121773527194005,-0.5492509722878588,0.640468262572359,-0.5494599044238906,-0.5366665975243041,-0.7125229152863813,-1.863393373494331,-1.6993652687510807,-2.1897087498449754,-0.008096724128563893,-0.04262724299408601,-0.03716129752478108,0.9885197441864378,0.7320572145900346,0.8041640220166731
12.6889,79.9728,69,chengalpattu,-61,2025-01-26,-0.73273240088685,-1.755335758295709,-0.5279430779962645,0.7961795135717171,-0.8355270038925674,-0.5494599044238906,-0.5366665975243041,-1.5121773527194005,-1.863393373494331,-1.6993652687510807,-0.5492509722878588,-0.008096724128563893,-0.04262724299408601,0.640468262572359,0.9885197441864378,0.7320572145900346
13.1107,80.2459,15,chennai,-60,2025-01-27,-0.8405034298193853,-1.5724438683923254,-0.46202355999877565,0.4010082036860399,-0.73273240088685,-0.8355270038925674,-0.5494599044238906,-1.755335758295709,-1.5121773527194005,-1.863393373494331,-0.5279430779962645,-0.5492509722878588,-0.008096724128563893,0.7961795135717171,0.640468262572359,0.9885197441864378
12.6889,79.9728,69,chengalpattu,-60,2025-01-27,-0.7353303044224865,-1.7303873519145456,-0.33136488165596767,0.6096255797483353,-0.8405034298193853,-0.73273240088685,-0.8355270038925674,-1.5724438683923254,-1.755335758295709,-1.5121773527194005,-0.46202355999877565,-0.5279430779962645,-0.5492509722878588,0.4010082036860399,0.7961795135717171,0.640468262572359
13.1107,80.2459,15,chennai,-59,2025-01-28,-1.2503312630740484,-1.4420773183934483,-0.7219786673139635,0.5767284169957164,-0.7353303044224865,-0.8405034298193853,-0.73273240088685,-1.7303873519145456,-1.5724438683923254,-1.755335758295709,-0.33136488165596767,-0.46202355999877565,-0.5279430779962645,0.6096255797483353,0.4010082036860399,0.7961795135717171
12.6889,79.9728,69,chengalpattu,-59,2025-01-28,-1.0976682892360836,-1.5640521917457109,-1.063865682333123,0.8881457436346633,-1.2503312630740484,-0.7353303044224865,-0.8405034298193853,-1.4420773183934483,-1.7303873519145456,-1.5724438683923254,-0.7219786673139635,-0.33136488165596767,-0.46202355999877565,0.5767284169957164,0.6096255797483353,0.4010082036860399
13.1107,80.2459,15,chennai,-58,2025-01-29,-0.6637529943722088,-1.5754291905166313,0.16279001277580193,1.1740321555748179,-1.0976682892360836,-1.2503312630740484,-0.7353303044224865,-1.5640521917457109,-1.4420773183934483,-1.7303873519145456,-1.063865682333123,-0.7219786673139635,-0.33136488165596767,0.8881457436346633,0.5767284169957164,0.6096255797483353
12.6889,79.9728,69,chengalpattu,-58,2025-01-29,-0.5511264120290498,-1.630832813263222,0.051283230365415274,1.0939021818203398,-0.6637529943722088,-1.0976682892360836,-1.2503312630740484,-1.5754291905166313,-1.5640521917457109,-1.4420773183934483,0.16279001277580193,-1.063865682333123,-0.7219786673139635,1.1740321555748179,0.8881457436346633,0.5767284169957164
13.1107,80.2459,15,chennai,-57,2025-01-30,-0.2309925084126882,-1.3577453811469897,0.41351878175288226,0.47115196872844173,-0.5511264120290498,-0.6637529943722088,-1.0976682892360836,-1.630832813263222,-1.5754291905166313,-1.5640521917457109,0.051283230365415274,0.16279001277580193,-1.063865682333123,1.0939021818203398,1.1740321555748179,0.8881457436346633
12.6889,79.9728,69,chengalpattu,-57,2025-01-30,-0.2781207045494077,-1.385481178737067,0.027664037930375675,0.6032983664189476,-0.2309925084126882,-0.5511264120290498,-0.6637529943722088,-1.3577453811469897,-1.630832813263222,-1.5754291905166313,0.41351878175288226,0.051283230365415274,0.16279001277580193,0.47115196872844173,1.0939021818203398,1.1740321555748179
13.1107,80.2459,15,chennai,-56,2025-01-31,0.030429151638629363,-1.1918743304649173,0.3607792381745166,-0.6502536640217155,-0.2781207045494077,-0.2309925084126882,-0.5511264120290498,-1.385481178737067,-1.3577453811469897,-1.630832813263222,0.027664037930375675,0.41351878175288226,0.051283230365415274,0.6032983664189476,0.47115196872844173,1.0939021818203398
12.6889,79.9728,69,chengalpattu,-56,2025-01-31,0.2098741132282066,-1.2290404682477953,0.06860619898915898,-0.6499150414058157,0.030429151638629363,-0.2781207045494077,-0.2309925084126882,-1.1918743304649173,-1.385481178737067,-1.3577453811469897,0.3607792381745166,0.027664037930375675,0.41351878175288226,-0.6502536640217155,0.6032983664189476,0.47115196872844173
13.1107,80.2459,15,chennai,-55,2025-02-01,0.1178144894195116,-1.1757431325891707,0.28196509840246975,-0.8838813466513687,0.2098741132282066,0.030429151638629363,-0.2781207045494077,-1.2290404682477953,-1.1918743304649173,-1.385481178737067,0.06860619898915898,0.3607792381745166,0.027664037930375675,-0.6499150414058157,-0.6502536640217155,0.6032983664189476
12.6889,79.9728,69,chengalpattu,-55,2025-02-01,-0.5372592957489128,-1.1834353247241216,-0.3946384631595883,-0.5784086337234183,0.1178144894195116,0.2098741132282066,0.030429151638629363,-1.1757431325891707,-1.2290404682477953,-1.1918743304649173,0.28196509840246975,0.06860619898915898,0.3607792381745166,-0.8838813466513687,-0.6499150414058157,-0.6502536640217155
13.1107,80.2459,15,chennai,-54,2025-02-02,-0.46424948334555716,-1.4504465638089017,0.18084120659638075,-0.29158490487126476,-0.5372592957489128,0.1178144894195116,0.2098741132282066,-1.1834353247241216,-1.1757431325891707,-1.2290404682477953,-0.3946384631595883,0.28196509840246975,0.06860619898915898,-0.5784086337234183,-0.8838813466513687,-0.6499150414058157
12.6889,79.9728,69,chengalpattu,-54,2025-02-02,-0.9781478313319324,-1.5316393700957482,-0.25733548953103086,-0.27598063593111355,-0.46424948334555716,-0.5372592957489128,0.1178144894195116,-1.4504465638089017,-1.1834353247241216,-1.1757431325891707,0.18084120659638075,-0.3946384631595883,0.28196509840246975,-0.29158490487126476,-0.5784086337234183,-0.8838813466513687
13.1107,80.2459,15,chennai,-53,2025-02-03,-0.9165054470372542,-1.6745004044900746,-0.029851667520458397,0.07119520601008454,-0.9781478313319324,-0.46424948334555716,-0.5372592957489128,-1.5316393700957482,-1.4504465638089017,-1.1834353247241216,-0.25733548953103086,0.18084120659638075,-0.3946384631595883,-0.27598063593111355,-0.29158490487126476,-0.5784086337234183
12.6889,79.9728,69,chengalpattu,-53,2025-02-03,-0.9206357347205075,-1.9304727136219169,-0.09029530836151076,0.005425039578463402,-0.9165054470372542,-0.9781478313319324,-0.46424948334555716,-1.6745004044900746,-1.5316393700957482,-1.4504465638089017,-0.029851667520458397,-0.25733548953103086,0.18084120659638075,0.07119520601008454,-0.27598063593111355,-0.29158490487126476
13.1107,80.2459,15,chennai,-52,2025-02-04,-1.1520405407553505,-1.5506169864359907,-0.3677177714400913,0.010831253263386806,-0.9206357347205075,-0.9165054470372542,-0.9781478313319324,-1.9304727136219169,-1.6745004044900746,-1.5316393700957482,-0.09029530836151076,-0.029851667520458397,-0.25733548953103086,0.005425039578463402,0.07119520601008454,-0.27598063593111355
12.6889,79.9728,69,chengalpattu,-52,2025-02-04,-1.2714812418703638,-1.7267768965539914,-0.652577028981462,0.32825885634134455,-1.1520405407553505,-0.9206357347205075,-0.9165054470372542,-1.5506169864359907,-1.9304727136219169,-1.6745004044900746,-0.3677177714400913,-0.09029530836151076,-0.029851667520458397,0.010831253263386806,0.005425039578463402,0.07119520601008454
13.1107,80.2459,15,chennai,-51,2025-02-05,-0.9197804782471717,-1.5244258936813349,0.11940641140568857,-0.04846007752066775,-1.2714812418703638,-1.1520405407553505,-0.9206357347205075,-1.7267768965539914,-1.5506169864359907,-1.9304727136219169,-0.652577028981462,-0.3677177714400913,-0.09029530836151076,0.32825885634134455,0.010831253263386806,0.005425039578463402
12.6889,79.9728,69,chengalpattu,-51,2025-02-05,-1.0517497925189976,-1.6402270177175247,-0.15953541877585922,-0.16344752663934287,-0.9197804782471717,-1.2714812418703638,-1.1520405407553505,-1.5244258936813349,-1.7267768965539914,-1.5506169864359907,0.11940641140568857,-0.652577028981462,-0.3677177714400913,-0.04846007752066775,0.32825885634134455,0.010831253263386806
13.1107,80.2459,15,chennai,-50,2025-02-06,-0.8515146475214711,-1.66475521171711,0.3006911118682747,-0.2398129182716523,-1.0517497925189976,-0.9197804782471717,-1.2714812418703638,-1.6402270177175247,-1.5244258936813349,-1.7267768965539914,-0.15953541877585922,0.11940641140568857,-0.652577028981462,-0.16344752663934287,-0.04846007752066775,0.32825885634134455
12.6889,79.9728,69,chengalpattu,-50,2025-02-06,-0.9100273196846818,-1.8611424407452444,0.07524576143871609,-0.1544315943622865,-0.8515146475214711,-1.0517497925189976,-0.9197804782471717,-1.66475521171711,-1.6402270177175247,-1.5244258936813349,0.3006911118682747,-0.15953541877585922,0.11940641140568857,-0.2398129182716523,-0.16344752663934287,-0.04846007752066775
13.1107,80.2459,15,chennai,-49,2025-02-07,-1.0329245011889734,-1.2002239278783784,-0.4201043081393537,-0.12748494685949047,-0.9100273196846818,-0.8515146475214711,-1.0517497925189976,-1.8611424407452444,-1.66475521171711,-1.6402270177175247,0.07524576143871609,0.3006911118682747,-0.15953541877585922,-0.1544315943622865,-0.2398129182716523,-0.16344752663934287
12.6889,79.9728,69,chengalpattu,-49,2025-02-07,-1.094489665474763,-1.4442789249240968,-0.411057458484319,0.19035971157839907,-1.0329245011889734,-0.9100273196846818,-0.8515146475214711,-1.2002239278783784,-1.8611424407452444,-1.66475521171711,-0.4201043081393537,0.07524576143871609,0.3006911118682747,-0.12748494685949047,-0.1544315943622865,-0.2398129182716523
13.1107,80.2459,15,chennai,-48,2025-02-08,-0.9772992546453828,-1.1129835381305409,-0.32171048118761925,-0.06175713692461771,-1.094489665474763,-1.0329245011889734,-0.9100273196846818,-1.4442789249240968,-1.2002239278783784,-1.8611424407452444,-0.411057458484319,-0.4201043081393537,0.07524576143871609,0.19035971157839907,-0.12748494685949047,-0.1544315943622865
12.6889,79.9728,69,chengalpattu,-48,2025-02-08,-1.0339550978377725,-1.480919217988953,-0.2659612322914166,0.09297538343441446,-0.9772992546453828,-1.094489665474763,-1.0329245011889734,-1.1129835381305409,-1.4442789249240968,-1.2002239278783784,-0.32171048118761925,-0.411057458484319,-0.4201043081393537,-0.06175713692461771,0.19035971157839907,-0.12748494685949047
13.1107,80.2459,15,chennai,-47,2025-02-09,-0.5093684316233943,-1.0800781889983255,-0.07350204133467282,-0.06064772959391724,-1.0339550978377725,-0.9772992546453828,-1.094489665474763,-1.480919217988953,-1.1129835381305409,-1.4442789249240968,-0.2659612322914166,-0.32171048118761925,-0.411057458484319,0.09297538343441446,-0.06175713692461771,0.19035971157839907
12.6889,79.9728,69,chengalpattu,-47,2025-02-09,-0.6522841008210581,-1.3740830686203742,1.3981969051036946e-4,0.27511695832460953,-0.5093684316233943,-1.0339550978377725,-0.9772992546453828,-1.0800781889983255,-1.480919217988953,-1.1129835381305409,-0.07350204133467282,-0.2659612322914166,-0.32171048118761925,-0.06064772959391724,0.09297538343441446,-0.06175713692461771
13.1107,80.2459,15,chennai,-46,2025-02-10,-0.6169933743084378,-1.225882867586193,0.3586773139047419,0.7929492659798623,-0.6522841008210581,-0.5093684316233943,-1.0339550978377725,-1.3740830686203742,-1.0800781889983255,-1.480919217988953,1.3981969051036946e-4,-0.07350204133467282,-0.2659612322914166,0.27511695832460953,-0.06064772959391724,0.09297538343441446
12.6889,79.9728,69,chengalpattu,-46,2025-02-10,-0.7326392807588229,-1.4419656378953039,-0.01817160495343458,0.5227747049046791,-0.6169933743084378,-0.6522841008210581,-0.5093684316233943,-1.225882867586193,-1.3740830686203742,-1.0800781889983255,0.3586773139047419,1.3981969051036946e-4,-0.07350204133467282,0.7929492659798623,0.27511695832460953,-0.06064772959391724
13.1107,80.2459,15,chennai,-45,2025-02-11,-1.186147870509128,-1.144884221684151,-0.29342632338045943,0.6091347155381673,-0.7326392807588229,-0.6169933743084378,-0.6522841008210581,-1.4419656378953039,-1.225882867586193,-1.3740830686203742,-0.01817160495343458,0.3586773139047419,1.3981969051036946e-4,0.5227747049046791,0.7929492659798623,0.27511695832460953
12.6889,79.9728,69,chengalpattu,-45,2025-02-11,-1.3893431169600903,-1.41479804669246,-0.6716387202738288,0.24298804508632713,-1.186147870509128,-0.7326392807588229,-0.6169933743084378,-1.144884221684151,-1.4419656378953039,-1.225882867586193,-0.29342632338045943,-0.01817160495343458,0.3586773139047419,0.6091347155381673,0.5227747049046791,0.7929492659798623
13.1107,80.2459,15,chennai,-44,2025-02-12,-1.1194754100085291,-1.2199559512376237,-0.28301877912294127,0.1665298443202399,-1.3893431169600903,-1.186147870509128,-0.7326392807588229,-1.41479804669246,-1.144884221684151,-1.4419656378953039,-0.6716387202738288,-0.29342632338045943,-0.01817160495343458,0.24298804508632713,0.6091347155381673,0.5227747049046791
12.6889,79.9728,69,chengalpattu,-44,2025-02-12,-1.3961482026642722,-1.4190171976149086,-0.8078629741805476,0.3013801687305884,-1.1194754100085291,-1.3893431169600903,-1.186147870509128,-1.2199559512376237,-1.41479804669246,-1.144884221684151,-0.28301877912294127,-0.6716387202738288,-0.29342632338045943,0.1665298443202399,0.24298804508632713,0.6091347155381673
13.1107,80.2459,15,chennai,-43,2025-02-13,-1.0959559705711617,-1.2782349893529446,-0.16472418257397636,0.2729533032575947,-1.3961482026642722,-1.1194754100085291,-1.3893431169600903,-1.4190171976149086,-1.2199559512376237,-1.41479804669246,-0.8078629741805476,-0.28301877912294127,-0.6716387202738288,0.3013801687305884,0.1665298443202399,0.24298804508632713
12.6889,79.9728,69,chengalpattu,-43,2025-02-13,-1.391584790864401,-1.6441814926297293,-0.5470075138290749,0.3845741911127498,-1.0959559705711617,-1.3961482026642722,-1.1194754100085291,-1.2782349893529446,-1.4190171976149086,-1.2199559512376237,-0.16472418257397636,-0.8078629741805476,-0.28301877912294127,0.2729533032575947,0.3013801687305884,0.1665298443202399
13.1107,80.2459,15,chennai,-42,2025-02-14,-0.6539672787279454,-1.5571434712585153,0.4645159112558627,0.25334589041195366,-1.391584790864401,-1.0959559705711617,-1.3961482026642722,-1.6441814926297293,-1.2782349893529446,-1.4190171976149086,-0.5470075138290749,-0.16472418257397636,-0.8078629741805476,0.3845741911127498,0.2729533032575947,0.3013801687305884
12.6889,79.9728,69,chengalpattu,-42,2025-02-14,-1.200289100957908,-1.6498263985821808,-0.46816645836816595,0.3522559890967504,-0.6539672787279454,-1.391584790864401,-1.0959559705711617,-1.5571434712585153,-1.6441814926297293,-1.2782349893529446,0.4645159112558627,-0.5470075138290749,-0.16472418257397636,0.25334589041195366,0.3845741911127498,0.2729533032575947
13.1107,80.2459,15,chennai,-41,2025-02-15,-0.4627625635639152,-1.1586287464735976,0.5039035080320604,0.1462476153940228,-1.200289100957908,-0.6539672787279454,-1.391584790864401,-1.6498263985821808,-1.5571434712585153,-1.6441814926297293,-0.46816645836816595,0.4645159112558627,-0.5470075138290749,0.3522559890967504,0.25334589041195366,0.3845741911127498
12.6889,79.9728,69,chengalpattu,-41,2025-02-15,-0.9737797995131995,-1.4293298316711962,-0.1094415075113185,0.1294569506742792,-0.4627625635639152,-1.200289100957908,-0.6539672787279454,-1.1586287464735976,-1.6498263985821808,-1.5571434712585153,0.5039035080320604,-0.46816645836816595,0.4645159112558627,0.1462476153940228,0.3522559890967504,0.25334589041195366
13.1107,80.2459,15,chennai,-40,2025-02-16,-0.28168386344195423,-1.3016794127773401,1.044095475293819,0.23862884668202744,-0.9737797995131995,-0.4627625635639152,-1.200289100957908,-1.4293298316711962,-1.1586287464735976,-1.6498263985821808,-0.1094415075113185,0.5039035080320604,-0.46816645836816595,0.1294569506742792,0.1462476153940228,0.3522559890967504
12.6889,79.9728,69,chengalpattu,-40,2025-02-16,-0.7018914294689562,-1.6179276646000749,0.6265483534215984,0.22426305440044197,-0.28168386344195423,-0.9737797995131995,-0.4627625635639152,-1.3016794127773401,-1.4293298316711962,-1.1586287464735976,1.044095475293819,-0.1094415075113185,0.5039035080320604,0.23862884668202744,0.1294569506742792,0.1462476153940228
13.1107,80.2459,15,chennai,-39,2025-02-17,-0.5048133896078836,-1.2558477927369063,0.6814284312941766,-0.12343841540068294,-0.7018914294689562,-0.28168386344195423,-0.9737797995131995,-1.6179276646000749,-1.3016794127773401,-1.4293298316711962,0.6265483534215984,1.044095475293819,-0.1094415075113185,0.22426305440044197,0.23862884668202744,0.1294569506742792
12.6889,79.9728,69,chengalpattu,-39,2025-02-17,-0.6870609569148656,-1.561193644459539,0.38920508199037784,-0.1497889462018508,-0.5048133896078836,-0.7018914294689562,-0.28168386344195423,-1.2558477927369063,-1.6179276646000749,-1.3016794127773401,0.6814284312941766,0.6265483534215984,1.044095475293819,-0.12343841540068294,0.22426305440044197,0.23862884668202744
13.1107,80.2459,15,chennai,-38,2025-02-18,-0.6275611939183529,-1.3128083536451012,0.5543874642702084,0.019275325998330102,-0.6870609569148656,-0.5048133896078836,-0.7018914294689562,-1.561193644459539,-1.2558477927369063,-1.6179276646000749,0.38920508199037784,0.6814284312941766,0.6265483534215984,-0.1497889462018508,-0.12343841540068294,0.22426305440044197
12.6889,79.9728,69,chengalpattu,-38,2025-02-18,-0.8752143580933164,-1.6355211342665843,0.38074279604643846,-0.050563779156823,-0.6275611939183529,-0.6870609569148656,-0.5048133896078836,-1.3128083536451012,-1.561193644459539,-1.2558477927369063,0.5543874642702084,0.38920508199037784,0.6814284312941766,0.019275325998330102,-0.1497889462018508,-0.12343841540068294
13.1107,80.2459,15,chennai,-37,2025-02-19,-0.4018602962294812,-1.4027786992331708,0.9114155802063352,-0.1133488219147137,-0.8752143580933164,-0.6275611939183529,-0.6870609569148656,-1.6355211342665843,-1.3128083536451012,-1.561193644459539,0.38074279604643846,0.5543874642702084,0.38920508199037784,-0.050563779156823,0.019275325998330102,-0.1497889462018508
12.6889,79.9728,69,chengalpattu,-37,2025-02-19,-0.7057701993454334,-1.6605464770790848,0.6023213613881444,-0.09709086966495635,-0.4018602962294812,-0.8752143580933164,-0.6275611939183529,-1.4027786992331708,-1.6355211342665843,-1.3128083536451012,0.9114155802063352,0.38074279604643846,0.5543874642702084,-0.1133488219147137,-0.050563779156823,0.019275325998330102
13.1107,80.2459,15,chennai,-36,2025-02-20,-0.441963233625181,-1.2885980108630561,0.8957504250167811,-0.10906824256159191,-0.7057701993454334,-0.4018602962294812,-0.8752143580933164,-1.6605464770790848,-1.4027786992331708,-1.6355211342665843,0.6023213613881444,0.9114155802063352,0.38074279604643846,-0.09709086966495635,-0.1133488219147137,-0.050563779156823
12.6889,79.9728,69,chengalpattu,-36,2025-02-20,-0.8191778055595673,-1.649288235616476,0.5652738025640782,-0.08050111430147813,-0.441963233625181,-0.7057701993454334,-0.4018602962294812,-1.2885980108630561,-1.6605464770790848,-1.4027786992331708,0.8957504250167811,0.6023213613881444,0.9114155802063352,-0.10906824256159191,-0.09709086966495635,-0.1133488219147137
13.1107,80.2459,15,chennai,-35,2025-02-21,-0.5052674966143709,-1.2093802487289773,0.5389794925260939,-0.5789054255965648,-0.8191778055595673,-0.441963233625181,-0.7057701993454334,-1.649288235616476,-1.2885980108630561,-1.6605464770790848,0.5652738025640782,0.8957504250167811,0.6023213613881444,-0.08050111430147813,-0.10906824256159191,-0.09709086966495635
12.6889,79.9728,69,chengalpattu,-35,2025-02-21,-0.9263799261228997,-1.5312681266444688,0.5345130520513729,-0.16261094532777035,-0.5052674966143709,-0.8191778055595673,-0.441963233625181,-1.2093802487289773,-1.649288235616476,-1.2885980108630561,0.5389794925260939,0.5652738025640782,0.8957504250167811,-0.5789054255965648,-0.08050111430147813,-0.10906824256159191
13.1107,80.2459,15,chennai,-34,2025-02-22,-0.6022415382074584,-1.2277684682476198,0.6388785192802283,-0.4747660287259503,-0.9263799261228997,-0.5052674966143709,-0.8191778055595673,-1.5312681266444688,-1.2093802487289773,-1.649288235616476,0.5345130520513729,0.5389794925260939,0.5652738025640782,-0.16261094532777035,-0.5789054255965648,-0.08050111430147813
12.6889,79.9728,69,chengalpattu,-34,2025-02-22,-0.8229101097069704,-1.3314326391393148,0.20396635385081227,-0.27723286634876526,-0.6022415382074584,-0.9263799261228997,-0.5052674966143709,-1.2277684682476198,-1.5312681266444688,-1.2093802487289773,0.6388785192802283,0.5345130520513729,0.5389794925260939,-0.4747660287259503,-0.16261094532777035,-0.5789054255965648
13.1107,80.2459,15,chennai,-33,2025-02-23,-0.5182899092940033,-1.1587917343593652,0.8136871452558249,-0.40599787823641176,-0.8229101097069704,-0.6022415382074584,-0.9263799261228997,-1.3314326391393148,-1.2277684682476198,-1.5312681266444688,0.20396635385081227,0.6388785192802283,0.5345130520513729,-0.27723286634876526,-0.4747660287259503,-0.16261094532777035
12.6889,79.9728,69,chengalpattu,-33,2025-02-23,-0.9619871099619471,-1.2940502350027172,0.2767743393460931,-0.11328336662006501,-0.5182899092940033,-0.8229101097069704,-0.6022415382074584,-1.1587917343593652,-1.3314326391393148,-1.2277684682476198,0.8136871452558249,0.20396635385081227,0.6388785192802283,-0.40599787823641176,-0.27723286634876526,-0.4747660287259503
13.1107,80.2459,15,chennai,-32,2025-02-24,-0.0978743116810725,-0.9635231703436355,1.0426444426901935,-0.04655316257144388,-0.9619871099619471,-0.5182899092940033,-0.8229101097069704,-1.2940502350027172,-1.1587917343593652,-1.3314326391393148,0.2767743393460931,0.8136871452558249,0.20396635385081227,-0.11328336662006501,-0.40599787823641176,-0.27723286634876526
12.6889,79.9728,69,chengalpattu,-32,2025-02-24,-0.4118638717240589,-1.0835544396422812,0.8030970702264275,0.4283527499662999,-0.0978743116810725,-0.9619871099619471,-0.5182899092940033,-0.9635231703436355,-1.2940502350027172,-1.1587917343593652,1.0426444426901935,0.2767743393460931,0.8136871452558249,-0.04655316257144388,-0.11328336662006501,-0.40599787823641176
13.1107,80.2459,15,chennai,-31,2025-02-25,0.00453234777638531,-0.652152286433535,1.2707272119177038,0.6577428700187347,-0.4118638717240589,-0.0978743116810725,-0.9619871099619471,-1.0835544396422812,-0.9635231703436355,-1.2940502350027172,0.8030970702264275,1.0426444426901935,0.2767743393460931,0.4283527499662999,-0.04655316257144388,-0.11328336662006501
12.6889,79.9728,69,chengalpattu,-31,2025-02-25,-0.11687440933529866,-0.955771812387265,1.4480320960887687,1.2599504318851833,0.00453234777638531,-0.4118638717240589,-0.0978743116810725,-0.652152286433535,-1.0835544396422812,-0.9635231703436355,1.2707272119177038,0.8030970702264275,1.0426444426901935,0.6577428700187347,0.4283527499662999,-0.04655316257144388
13.1107,80.2459,15,chennai,-30,2025-02-26,0.5061047345813456,-0.5353607916954986,1.8484451335296024,0.9437961274758978,-0.11687440933529866,0.00453234777638531,-0.4118638717240589,-0.955771812387265,-0.652152286433535,-1.0835544396422812,1.4480320960887687,1.2707272119177038,0.8030970702264275,1.2599504318851833,0.6577428700187347,0.4283527499662999
12.6889,79.9728,69,chengalpattu,-30,2025-02-26,0.20831119666352224,-0.72815556730151,1.740815028177035,1.3828898904580247,0.5061047345813456,-0.11687440933529866,0.00453234777638531,-0.5353607916954986,-0.955771812387265,-0.652152286433535,1.8484451335296024,1.4480320960887687,1.2707272119177038,0.9437961274758978,1.2599504318851833,0.6577428700187347
13.1107,80.2459,15,chennai,-29,2025-02-27,-0.10018551294616265,-0.2360416500634666,0.7890103938798403,0.9493279009593029,0.20831119666352224,0.5061047345813456,-0.11687440933529866,-0.72815556730151,-0.5353607916954986,-0.955771812387265,1.740815028177035,1.8484451335296024,1.4480320960887687,1.3828898904580247,0.9437961274758978,1.2599504318851833
12.6889,79.9728,69,chengalpattu,-29,2025-02-27,-0.3903806361523199,-0.39729507437608547,0.649341134751931,1.2903543347466018,-0.10018551294616265,0.20831119666352224,0.5061047345813456,-0.2360416500634666,-0.72815556730151,-0.5353607916954986,0.7890103938798403,1.740815028177035,1.8484451335296024,0.9493279009593029,1.3828898904580247,0.9437961274758978
13.1107,80.2459,15,chennai,-28,2025-02-28,0.011437341941527018,-0.10747708332133724,0.5488565214992559,0.8398879644183664,-0.3903806361523199,-0.10018551294616265,0.20831119666352224,-0.39729507437608547,-0.2360416500634666,-0.72815556730151,0.649341134751931,0.7890103938798403,1.740815028177035,1.2903543347466018,0.9493279009593029,1.3828898904580247
12.6889,79.9728,69,chengalpattu,-28,2025-02-28,-0.07446600820707153,-0.20495840959568604,0.4927534710284347,1.066337072502564,0.011437341941527018,-0.3903806361523199,-0.10018551294616265,-0.10747708332133724,-0.39729507437608547,-0.2360416500634666,0.5488565214992559,0.649341134751931,0.7890103938798403,0.8398879644183664,1.2903543347466018,0.9493279009593029
13.1107,80.2459,15,chennai,-27,2025-03-01,0.43365160043183376,-0.44590502331166953,1.2546416937157214,-0.05718795071985312,-0.07446600820707153,0.011437341941527018,-0.3903806361523199,-0.20495840959568604,-0.10747708332133724,-0.39729507437608547,0.4927534710284347,0.5488565214992559,0.649341134751931,1.066337072502564,0.8398879644183664,1.2903543347466018
12.6889,79.9728,69,chengalpattu,-27,2025-03-01,0.2458228324330429,-0.37693365284929703,0.4863111771727046,-0.04757581499831684,0.43365160043183376,-0.07446600820707153,0.011437341941527018,-0.44590502331166953,-0.20495840959568604,-0.10747708332133724,1.2546416937157214,0.4927534710284347,0.5488565214992559,-0.05718795071985312,1.066337072502564,0.8398879644183664
13.1107,80.2459,15,chennai,-26,2025-03-02,-0.5167459377010084,-0.33211193223153296,0.4950222381570285,-0.3188793587144857,0.2458228324330429,0.43365160043183376,-0.07446600820707153,-0.37693365284929703,-0.44590502331166953,-0.20495840959568604,0.4863111771727046,1.2546416937157214,0.4927534710284347,-0.04757581499831684,-0.05718795071985312,1.066337072502564
12.6889,79.9728,69,chengalpattu,-26,2025-03-02,-0.6521052669781633,-0.3032342035014584,0.1340746301860855,-0.050691271755693934,-0.5167459377010084,0.2458228324330429,0.43365160043183376,-0.33211193223153296,-0.37693365284929703,-0.44590502331166953,0.4950222381570285,0.4863111771727046,1.2546416937157214,-0.3188793587144857,-0.04757581499831684,-0.05718795071985312
13.1107,80.2459,15,chennai,-25,2025-03-03,-0.7066095141376363,-0.24648776820378462,0.16390704270129453,-0.5323261808740002,-0.6521052669781633,-0.5167459377010084,0.2458228324330429,-0.3032342035014584,-0.33211193223153296,-0.37693365284929703,0.1340746301860855,0.4950222381570285,0.4863111771727046,-0.050691271755693934,-0.3188793587144857,-0.04757581499831684
12.6889,79.9728,69,chengalpattu,-25,2025-03-03,-1.0842776385991726,-0.39227749180718513,-0.3409863870794375,-0.2874215105748278,-0.7066095141376363,-0.6521052669781633,-0.5167459377010084,-0.24648776820378462,-0.3032342035014584,-0.33211193223153296,0.16390704270129453,0.1340746301860855,0.4950222381570285,-0.5323261808740002,-0.050691271755693934,-0.3188793587144857
13.1107,80.2459,15,chennai,-24,2025-03-04,-0.6379462170499051,-0.1840091629083513,0.3582984445531524,-0.19967002067563105,-1.0842776385991726,-0.7066095141376363,-0.6521052669781633,-0.39227749180718513,-0.24648776820378462,-0.3032342035014584,-0.3409863870794375,0.16390704270129453,0.1340746301860855,-0.2874215105748278,-0.5323261808740002,-0.050691271755693934
12.6889,79.9728,69,chengalpattu,-24,2025-03-04,-0.9878838830423077,-0.4596115263282467,0.2204441913041951,-0.07518565563265557,-0.6379462170499051,-1.0842776385991726,-0.7066095141376363,-0.1840091629083513,-0.39227749180718513,-0.24648776820378462,0.3582984445531524,-0.3409863870794375,0.16390704270129453,-0.19967002067563105,-0.2874215105748278,-0.5323261808740002
13.1107,80.2459,15,chennai,-23,2025-03-05,-0.5708443408519436,-0.23912484610864093,0.4324319969690877,-0.08073944826653719,-0.9878838830423077,-0.6379462170499051,-1.0842776385991726,-0.4596115263282467,-0.1840091629083513,-0.39227749180718513,0.2204441913041951,0.3582984445531524,-0.3409863870794375,-0.07518565563265557,-0.19967002067563105,-0.2874215105748278
12.6889,79.9728,69,chengalpattu,-23,2025-03-05,-0.9995228160132654,-0.4371285140252797,0.06155623494583707,0.31716374516957807,-0.5708443408519436,-0.9878838830423077,-0.6379462170499051,-0.23912484610864093,-0.4596115263282467,-0.1840091629083513,0.4324319969690877,0.2204441913041951,0.3582984445531524,-0.08073944826653719,-0.07518565563265557,-0.19967002067563105
13.1107,80.2459,15,chennai,-22,2025-03-06,-0.7187050194298247,-0.508556949263066,0.8250845267478073,0.3795832207630088,-0.9995228160132654,-0.5708443408519436,-0.9878838830423077,-0.4371285140252797,-0.23912484610864093,-0.4596115263282467,0.06155623494583707,0.4324319969690877,0.2204441913041951,0.31716374516957807,-0.08073944826653719,-0.07518565563265557
12.6889,79.9728,69,chengalpattu,-22,2025-03-06,-0.8893236720959236,-0.8261958701089607,0.7075586204496024,0.09743145058010996,-0.7187050194298247,-0.9995228160132654,-0.5708443408519436,-0.508556949263066,-0.4371285140252797,-0.23912484610864093,0.8250845267478073,0.06155623494583707,0.4324319969690877,0.3795832207630088,0.31716374516957807,-0.08073944826653719
13.1107,80.2459,15,chennai,-21,2025-03-07,-0.8737214853170606,-0.7663232584213119,0.5260296793944237,0.41557311697459515,-0.8893236720959236,-0.7187050194298247,-0.9995228160132654,-0.8261958701089607,-0.508556949263066,-0.4371285140252797,0.7075586204496024,0.8250845267478073,0.06155623494583707,0.09743145058010996,0.3795832207630088,0.31716374516957807
12.6889,79.9728,69,chengalpattu,-21,2025-03-07,-1.0570931827667323,-1.0795930278976378,0.48078192880637505,0.24006111687261414,-0.8737214853170606,-0.8893236720959236,-0.7187050194298247,-0.7663232584213119,-0.8261958701089607,-0.508556949263066,0.5260296793944237,0.7075586204496024,0.8250845267478073,0.41557311697459515,0.09743145058010996,0.3795832207630088
13.1107,80.2459,15,chennai,-20,2025-03-08,-0.3015746534053163,-0.929468050088378,1.3262766008574387,0.0637981987576646,-1.0570931827667323,-0.8737214853170606,-0.8893236720959236,-1.0795930278976378,-0.7663232584213119,-0.8261958701089607,0.48078192880637505,0.5260296793944237,0.7075586204496024,0.24006111687261414,0.41557311697459515,0.09743145058010996
12.6889,79.9728,69,chengalpattu,-20,2025-03-08,-0.8325258240805127,-1.1904443959190374,0.774346837485525,0.19039615277645905,-0.3015746534053163,-1.0570931827667323,-0.8737214853170606,-0.929468050088378,-1.0795930278976378,-0.7663232584213119,1.3262766008574387,0.48078192880637505,0.5260296793944237,0.0637981987576646,0.24006111687261414,0.41557311697459515
13.1107,80.2459,15,chennai,-19,2025-03-09,-0.2803484074530861,-0.7747160455959559,1.1211452484464897,0.0767524118331926,-0.8325258240805127,-0.3015746534053163,-1.0570931827667323,-1.1904443959190374,-0.929468050088378,-1.0795930278976378,0.774346837485525,1.3262766008574387,0.48078192880637505,0.19039615277645905,0.0637981987576646,0.24006111687261414
12.6889,79.9728,69,chengalpattu,-19,2025-03-09,-0.8135347024843697,-1.038378426646262,0.39447339704559553,0.07715690514716841,-0.2803484074530861,-0.8325258240805127,-0.3015746534053163,-0.7747160455959559,-1.1904443959190374,-0.929468050088378,1.1211452484464897,0.774346837485525,1.3262766008574387,0.0767524118331926,0.19039615277645905,0.0637981987576646
13.1107,80.2459,15,chennai,-18,2025-03-10,-0.1933612371531455,-0.4938963125737789,1.2578225521023243,1.132843533114009,-0.8135347024843697,-0.2803484074530861,-0.8325258240805127,-1.038378426646262,-0.7747160455959559,-1.1904443959190374,0.39447339704559553,1.1211452484464897,0.774346837485525,0.07715690514716841,0.0767524118331926,0.19039615277645905
12.6889,79.9728,69,chengalpattu,-18,2025-03-10,-0.4806918659839028,-0.5521395713396353,0.7930175993668142,1.1454824056351947,-0.1933612371531455,-0.8135347024843697,-0.2803484074530861,-0.4938963125737789,-1.038378426646262,-0.7747160455959559,1.2578225521023243,0.39447339704559553,1.1211452484464897,1.132843533114009,0.07715690514716841,0.0767524118331926
13.1107,80.2459,15,chennai,-17,2025-03-11,1.4707732082338683,0.051906445690505905,-0.13015994537763567,0.04629340701235404,-0.4806918659839028,-0.1933612371531455,-0.8135347024843697,-0.5521395713396353,-0.4938963125737789,-1.038378426646262,0.7930175993668142,1.2578225521023243,0.39447339704559553,1.1454824056351947,1.132843533114009,0.07715690514716841
12.6889,79.9728,69,chengalpattu,-17,2025-03-11,1.140355251050856,-0.16228165414122103,-0.23414549591662667,0.05016920963070266,1.4707732082338683,-0.4806918659839028,-0.1933612371531455,0.051906445690505905,-0.5521395713396353,-0.4938963125737789,-0.13015994537763567,0.7930175993668142,1.2578225521023243,0.04629340701235404,1.1454824056351947,1.132843533114009
13.1107,80.2459,15,chennai,-16,2025-03-12,-0.18437157571732357,-0.4747071622399697,0.008899369636684853,-1.1452104342519887,1.140355251050856,1.4707732082338683,-0.4806918659839028,-0.16228165414122103,0.051906445690505905,-0.5521395713396353,-0.23414549591662667,-0.13015994537763567,0.7930175993668142,0.05016920963070266,0.04629340701235404,1.1454824056351947
12.6889,79.9728,69,chengalpattu,-16,2025-03-12,-0.20469572414274728,-0.3664730581813058,-0.33496542981899197,-0.6143543200139208,-0.18437157571732357,1.140355251050856,1.4707732082338683,-0.4747071622399697,-0.16228165414122103,0.051906445690505905,0.008899369636684853,-0.23414549591662667,-0.13015994537763567,-1.1452104342519887,0.05016920963070266,0.04629340701235404
13.1107,80.2459,15,chennai,-15,2025-03-13,-0.5527240885859479,-0.2987541516557867,0.6383549874356252,-0.7694198108311479,-0.20469572414274728,-0.18437157571732357,1.140355251050856,-0.3664730581813058,-0.4747071622399697,-0.16228165414122103,-0.33496542981899197,0.008899369636684853,-0.23414549591662667,-0.6143543200139208,-1.1452104342519887,0.05016920963070266
12.6889,79.9728,69,chengalpattu,-15,2025-03-13,-0.95739744673663,-0.4870875454272247,0.12199309891785191,-0.6139125779903867,-0.5527240885859479,-0.20469572414274728,-0.18437157571732357,-0.2987541516557867,-0.3664730581813058,-0.4747071622399697,0.6383549874356252,-0.33496542981899197,0.008899369636684853,-0.7694198108311479,-0.6143543200139208,-1.1452104342519887
13.1107,80.2459,15,chennai,-14,2025-03-14,-0.08490130693738782,-0.2598432157894771,1.2668908733954547,-0.3200501818274065,-0.95739744673663,-0.5527240885859479,-0.20469572414274728,-0.4870875454272247,-0.2987541516557867,-0.3664730581813058,0.12199309891785191,0.6383549874356252,-0.33496542981899197,-0.6139125779903867,-0.7694198108311479,-0.6143543200139208
12.6889,79.9728,69,chengalpattu,-14,2025-03-14,-0.6091140109577371,-0.5559222782544976,0.6286405791835326,-0.44756501669765375,-0.08490130693738782,-0.95739744673663,-0.5527240885859479,-0.2598432157894771,-0.4870875454272247,-0.2987541516557867,1.2668908733954547,0.12199309891785191,0.6383549874356252,-0.3200501818274065,-0.6139125779903867,-0.7694198108311479
13.1107,80.2459,15,chennai,-13,2025-03-15,-0.08387238075057635,-0.2626427014191042,1.470066238069151,-0.025893735533397917,-0.6091140109577371,-0.08490130693738782,-0.95739744673663,-0.5559222782544976,-0.2598432157894771,-0.4870875454272247,0.6286405791835326,1.2668908733954547,0.12199309891785191,-0.44756501669765375,-0.3200501818274065,-0.6139125779903867
12.6889,79.9728,69,chengalpattu,-13,2025-03-15,-0.591149819964505,-0.6206508469261948,0.964177387612348,-0.08930483652794265,-0.08387238075057635,-0.6091140109577371,-0.08490130693738782,-0.2626427014191042,-0.5559222782544976,-0.2598432157894771,1.470066238069151,0.6286405791835326,1.2668908733954547,-0.025893735533397917,-0.44756501669765375,-0.3200501818274065
13.1107,80.2459,15,chennai,-12,2025-03-16,-0.053176115254688024,-0.3397278589350435,1.0686810488830316,-0.948129563869115,-0.591149819964505,-0.08387238075057635,-0.6091140109577371,-0.6206508469261948,-0.2626427014191042,-0.5559222782544976,0.964177387612348,1.470066238069151,0.6286405791835326,-0.08930483652794265,-0.025893735533397917,-0.44756501669765375
12.6889,79.9728,69,chengalpattu,-12,2025-03-16,-0.36978991739682,-0.5328341107355371,0.6538006827538265,-0.8906484810151287,-0.053176115254688024,-0.591149819964505,-0.08387238075057635,-0.3397278589350435,-0.6206508469261948,-0.2626427014191042,1.0686810488830316,0.964177387612348,1.470066238069151,-0.948129563869115,-0.08930483652794265,-0.025893735533397917
13.1107,80.2459,15,chennai,-11,2025-03-17,0.04279749813937404,0.17021462917691477,1.1171841529863096,-0.3154732133661055,-0.36978991739682,-0.053176115254688024,-0.591149819964505,-0.5328341107355371,-0.3397278589350435,-0.6206508469261948,0.6538006827538265,1.0686810488830316,0.964177387612348,-0.8906484810151287,-0.948129563869115,-0.08930483652794265
12.6889,79.9728,69,chengalpattu,-11,2025-03-17,-0.566902845683689,-0.04932819934620338,0.4971197479531057,-0.41520134527463914,0.04279749813937404,-0.36978991739682,-0.053176115254688024,0.17021462917691477,-0.5328341107355371,-0.3397278589350435,1.1171841529863096,0.6538006827538265,1.0686810488830316,-0.3154732133661055,-0.8906484810151287,-0.948129563869115
13.1107,80.2459,15,chennai,-10,2025-03-18,0.24496324244407633,0.0287935109919855,1.4207064798250504,-0.47284363566249527,-0.566902845683689,0.04279749813937404,-0.36978991739682,-0.04932819934620338,0.17021462917691477,-0.5328341107355371,0.4971197479531057,1.1171841529863096,0.6538006827538265,-0.41520134527463914,-0.3154732133661055,-0.8906484810151287
12.6889,79.9728,69,chengalpattu,-10,2025-03-18,-0.2214356423899364,-0.18146610415850542,0.8485759485339766,-0.5456251107819279,0.24496324244407633,-0.566902845683689,0.04279749813937404,0.0287935109919855,-0.04932819934620338,0.17021462917691477,1.4207064798250504,0.4971197479531057,1.1171841529863096,-0.47284363566249527,-0.41520134527463914,-0.3154732133661055
13.1107,80.2459,15,chennai,-9,2025-03-19,0.2175969690915633,0.2843869960349757,1.2220185887380852,-0.20172752612584538,-0.2214356423899364,0.24496324244407633,-0.566902845683689,-0.18146610415850542,0.0287935109919855,-0.04932819934620338,0.8485759485339766,1.4207064798250504,0.4971197479531057,-0.5456251107819279,-0.47284363566249527,-0.41520134527463914
12.6889,79.9728,69,chengalpattu,-9,2025-03-19,-0.19207421578614128,0.03371195731986947,0.7662237175958531,-0.2781160016328101,0.2175969690915633,-0.2214356423899364,0.24496324244407633,0.2843869960349757,-0.18146610415850542,0.0287935109919855,1.2220185887380852,0.8485759485339766,1.4207064798250504,-0.20172752612584538,-0.5456251107819279,-0.47284363566249527
13.1107,80.2459,15,chennai,-8,2025-03-20,0.06685943602473428,-0.12038882968340894,1.7472389357821467,-0.12142084787830709,-0.19207421578614128,0.2175969690915633,-0.2214356423899364,0.03371195731986947,0.2843869960349757,-0.18146610415850542,0.7662237175958531,1.2220185887380852,0.8485759485339766,-0.2781160016328101,-0.20172752612584538,-0.5456251107819279
12.6889,79.9728,69,chengalpattu,-8,2025-03-20,-0.4535354612180528,-0.4257236641932094,1.3903604262744025,-0.24267220962851457,0.06685943602473428,-0.19207421578614128,0.2175969690915633,-0.12038882968340894,0.03371195731986947,0.2843869960349757,1.7472389357821467,0.7662237175958531,1.2220185887380852,-0.12142084787830709,-0.2781160016328101,-0.20172752612584538
13.1107,80.2459,15,chennai,-7,2025-03-21,0.27955320867436984,0.015719016578181293,1.9170225645545385,0.055666302786648046,-0.4535354612180528,0.06685943602473428,-0.19207421578614128,-0.4257236641932094,-0.12038882968340894,0.03371195731986947,1.3903604262744025,1.7472389357821467,0.7662237175958531,-0.24267220962851457,-0.12142084787830709,-0.2781160016328101
12.6889,79.9728,69,chengalpattu,-7,2025-03-21,-0.17913094615764102,-0.32712021881123476,1.5945814693641327,-0.17511416454938583,0.27955320867436984,-0.4535354612180528,0.06685943602473428,0.015719016578181293,-0.4257236641932094,-0.12038882968340894,1.9170225645545385,1.3903604262744025,1.7472389357821467,0.055666302786648046,-0.24267220962851457,-0.12142084787830709
13.1107,80.2459,15,chennai,-6,2025-03-22,0.47355588565512907,0.11005922870765762,1.5000571373118905,-0.3667294108282311,-0.17913094615764102,0.27955320867436984,-0.4535354612180528,-0.32712021881123476,0.015719016578181293,-0.4257236641932094,1.5945814693641327,1.9170225645545385,1.3903604262744025,-0.17511416454938583,0.055666302786648046,-0.24267220962851457
12.6889,79.9728,69,chengalpattu,-6,2025-03-22,0.11754802619140753,-0.1481828346018197,0.9121052624248039,-0.7528514781082235,0.47355588565512907,-0.17913094615764102,0.27955320867436984,0.11005922870765762,-0.32712021881123476,0.015719016578181293,1.5000571373118905,1.5945814693641327,1.9170225645545385,-0.3667294108282311,-0.17511416454938583,0.055666302786648046
13.1107,80.2459,15,chennai,-5,2025-03-23,0.19416229617594982,0.06751492741892254,1.423417444713186,-0.20070279687260092,0.11754802619140753,0.47355588565512907,-0.17913094615764102,-0.1481828346018197,0.11005922870765762,-0.32712021881123476,0.9121052624248039,1.5000571373118905,1.5945814693641327,-0.7528514781082235,-0.3667294108282311,-0.17511416454938583
12.6889,79.9728,69,chengalpattu,-5,2025-03-23,-0.33263471990458005,-0.21270688334665233,1.0012940934900723,-0.2050725964726729,0.19416229617594982,0.11754802619140753,0.47355588565512907,0.06751492741892254,-0.1481828346018197,0.11005922870765762,1.423417444713186,0.9121052624248039,1.5000571373118905,-0.20070279687260092,-0.7528514781082235,-0.3667294108282311
13.1107,80.2459,15,chennai,-4,2025-03-24,0.03622240432512526,-0.19696930191407028,1.0385037076392605,-0.8347593675152474,-0.33263471990458005,0.19416229617594982,0.11754802619140753,-0.21270688334665233,0.06751492741892254,-0.1481828346018197,1.0012940934900723,1.423417444713186,0.9121052624248039,-0.2050725964726729,-0.20070279687260092,-0.7528514781082235
12.6889,79.9728,69,chengalpattu,-4,2025-03-24,-0.23799790131932433,-0.2822935016875725,0.4904222876740047,-1.1456204667225094,0.03622240432512526,-0.33263471990458005,0.19416229617594982,-0.19696930191407028,-0.21270688334665233,0.06751492741892254,1.0385037076392605,1.0012940934900723,1.423417444713186,-0.8347593675152474,-0.2050725964726729,-0.20070279687260092
13.1107,80.2459,15,chennai,-3,2025-03-25,-0.3737841419377479,-0.4031379526680884,1.1925026723986887,-0.6197411303358271,-0.23799790131932433,0.03622240432512526,-0.33263471990458005,-0.2822935016875725,-0.19696930191407028,-0.21270688334665233,0.4904222876740047,1.0385037076392605,1.0012940934900723,-1.1456204667225094,-0.8347593675152474,-0.2050725964726729
12.6889,79.9728,69,chengalpattu,-3,2025-03-25,-0.7547961366787357,-0.5646752084647668,0.7403658884250172,-0.5599151482930738,-0.3737841419377479,-0.23799790131932433,0.03622240432512526,-0.4031379526680884,-0.2822935016875725,-0.19696930191407028,1.1925026723986887,0.4904222876740047,1.0385037076392605,-0.6197411303358271,-1.1456204667225094,-0.8347593675152474
13.1107,80.2459,15,chennai,-2,2025-03-26,-0.2073328561256345,-0.2455101464327115,1.3444821587359437,-0.2311432057400729,-0.7547961366787357,-0.3737841419377479,-0.23799790131932433,-0.5646752084647668,-0.4031379526680884,-0.2822935016875725,0.7403658884250172,1.1925026723986887,0.4904222876740047,-0.5599151482930738,-0.6197411303358271,-1.1456204667225094
12.6889,79.9728,69,chengalpattu,-2,2025-03-26,-0.7648054773876892,-0.4329091464406594,0.5848124300636732,-0.34626074829812575,-0.2073328561256345,-0.7547961366787357,-0.3737841419377479,-0.2455101464327115,-0.5646752084647668,-0.4031379526680884,1.3444821587359437,0.7403658884250172,1.1925026723986887,-0.2311432057400729,-0.5599151482930738,-0.6197411303358271
13.1107,80.2459,15,chennai,-1,2025-03-27,-0.20567062323370922,0.17225811718081124,1.319910675441184,0.027373804930579195,-0.7648054773876892,-0.2073328561256345,-0.7547961366787357,-0.4329091464406594,-0.2455101464327115,-0.5646752084647668,0.5848124300636732,1.3444821587359437,0.7403658884250172,-0.34626074829812575,-0.2311432057400729,-0.5599151482930738
12.6889,79.9728,69,chengalpattu,-1,2025-03-27,-0.8955383166636595,-0.1619506108072514,0.7642544517403854,0.28002337235707697,-0.20567062323370922,-0.7648054773876892,-0.2073328561256345,0.17225811718081124,-0.4329091464406594,-0.2455101464327115,1.319910675441184,0.5848124300636732,1.3444821587359437,0.027373804930579195,-0.34626074829812575,-0.2311432057400729
13.1107,80.2459,15,chennai,0,2025-03-28,-0.1764159176650035,0.6858358378815363,0.9835628715320297,0.5669639170354923,-0.8955383166636595,-0.20567062323370922,-0.7648054773876892,-0.1619506108072514,0.17225811718081124,-0.4329091464406594,0.7642544517403854,1.319910675441184,0.5848124300636732,0.28002337235707697,0.027373804930579195,-0.34626074829812575
12.6889,79.9728,69,chengalpattu,0,2025-03-28,-0.7515893492415304,0.31361483871320056,0.5221481754295517,0.6117751172719799,-0.1764159176650035,-0.8955383166636595,-0.20567062323370922,0.6858358378815363,-0.1619506108072514,0.17225811718081124,0.9835628715320297,0.7642544517403854,1.319910675441184,0.5669639170354923,0.28002337235707697,0.027373804930579195
13.1107,80.2459,15,chennai,1,2025-03-29,-0.35143481145559036,0.023792752873282055,1.6528512517537055,0.3468814514187147,-0.7515893492415304,-0.1764159176650035,-0.8955383166636595,0.31361483871320056,0.6858358378815363,-0.1619506108072514,0.5221481754295517,0.9835628715320297,0.7642544517403854,0.6117751172719799,0.5669639170354923,0.28002337235707697
12.6889,79.9728,69,chengalpattu,1,2025-03-29,-0.7777814528730815,-0.44770662970622493,1.391020615286085,0.5286807183641548,-0.35143481145559036,-0.7515893492415304,-0.1764159176650035,0.023792752873282055,0.31361483871320056,0.6858358378815363,1.6528512517537055,0.5221481754295517,0.9835628715320297,0.3468814514187147,0.6117751172719799,0.5669639170354923
13.1107,80.2459,15,chennai,2,2025-03-30,0.17674429299285677,-0.0753412968065647,2.000628930554455,0.09195940784992522,-0.7777814528730815,-0.35143481145559036,-0.7515893492415304,-0.44770662970622493,0.023792752873282055,0.31361483871320056,1.391020615286085,1.6528512517537055,0.5221481754295517,0.5286807183641548,0.3468814514187147,0.6117751172719799
12.6889,79.9728,69,chengalpattu,2,2025-03-30,-0.46702478964831484,-0.46966043520350725,1.3594717133941254,0.028905883907103594,0.17674429299285677,-0.7777814528730815,-0.35143481145559036,-0.0753412968065647,-0.44770662970622493,0.023792752873282055,2.000628930554455,1.391020615286085,1.6528512517537055,0.09195940784992522,0.5286807183641548,0.3468814514187147
13.1107,80.2459,15,chennai,3,2025-03-31,-0.23430463277816735,-0.1391974432490576,1.3705544030782333,0.14501160255595053,-0.46702478964831484,0.17674429299285677,-0.7777814528730815,-0.46966043520350725,-0.0753412968065647,-0.44770662970622493,1.3594717133941254,2.000628930554455,1.391020615286085,0.028905883907103594,0.09195940784992522,0.5286807183641548
12.6889,79.9728,69,chengalpattu,3,2025-03-31,-0.6159212717757614,-0.565304157047704,1.0449580068641031,-0.009117491496230134,-0.23430463277816735,-0.46702478964831484,0.17674429299285677,-0.1391974432490576,-0.46966043520350725,-0.0753412968065647,1.3705544030782333,1.3594717133941254,2.000628930554455,0.14501160255595053,0.028905883907103594,0.09195940784992522
13.1107,80.2459,15,chennai,4,2025-04-01,-0.33765247080179384,-0.33270965570162403,1.4082544992295878,0.3668258705690104,-0.6159212717757614,-0.23430463277816735,-0.46702478964831484,-0.565304157047704,-0.1391974432490576,-0.46966043520350725,1.0449580068641031,1.3705544030782333,1.3594717133941254,-0.009117491496230134,0.14501160255595053,0.028905883907103594
12.6889,79.9728,69,chengalpattu,4,2025-04-01,-0.7642969986930646,-0.6783901835327218,1.0169623921956512,0.17976852815991332,-0.33765247080179384,-0.6159212717757614,-0.23430463277816735,-0.33270965570162403,-0.565304157047704,-0.1391974432490576,1.4082544992295878,1.0449580068641031,1.3705544030782333,0.3668258705690104,-0.009117491496230134,0.14501160255595053
13.1107,80.2459,15,chennai,5,2025-04-02,0.2720551634949978,0.2628926150948547,1.4215046199033767,-0.09460951178214005,-0.7642969986930646,-0.33765247080179384,-0.6159212717757614,-0.6783901835327218,-0.33270965570162403,-0.565304157047704,1.0169623921956512,1.4082544992295878,1.0449580068641031,0.17976852815991332,0.3668258705690104,-0.009117491496230134
12.6889,79.9728,69,chengalpattu,5,2025-04-02,-0.15401174525612876,-0.020854546033988175,1.1359480478945059,-0.21491723619499517,0.2720551634949978,-0.7642969986930646,-0.33765247080179384,0.2628926150948547,-0.6783901835327218,-0.33270965570162403,1.4215046199033767,1.0169623921956512,1.4082544992295878,-0.09460951178214005,0.17976852815991332,0.3668258705690104
13.1107,80.2459,15,chennai,6,2025-04-03,-0.39143720699362355,0.6091651596099931,-0.24946206380960154,0.19386900727303094,-0.15401174525612876,0.2720551634949978,-0.7642969986930646,-0.020854546033988175,0.2628926150948547,-0.6783901835327218,1.1359480478945059,1.4215046199033767,1.0169623921956512,-0.21491723619499517,-0.09460951178214005,0.17976852815991332
12.6889,79.9728,69,chengalpattu,6,2025-04-03,-0.45582955882081455,0.3886348133624884,-0.845918666458028,-0.22359829545297646,-0.39143720699362355,-0.15401174525612876,0.2720551634949978,0.6091651596099931,-0.020854546033988175,0.2628926150948547,-0.24946206380960154,1.1359480478945059,1.4215046199033767,0.19386900727303094,-0.21491723619499517,-0.09460951178214005
13.1107,80.2459,15,chennai,7,2025-04-04,0.13630062887632305,0.1868695933523294,0.21662980048240532,-1.011439708879648,-0.45582955882081455,-0.39143720699362355,-0.15401174525612876,0.3886348133624884,0.6091651596099931,-0.020854546033988175,-0.845918666458028,-0.24946206380960154,1.1359480478945059,-0.22359829545297646,0.19386900727303094,-0.21491723619499517
12.6889,79.9728,69,chengalpattu,7,2025-04-04,-0.4658858843492108,0.19022851566883717,-0.25650244883208234,-0.6581621207711341,0.13630062887632305,-0.45582955882081455,-0.39143720699362355,0.1868695933523294,0.3886348133624884,0.6091651596099931,0.21662980048240532,-0.845918666458028,-0.24946206380960154,-1.011439708879648,-0.22359829545297646,0.19386900727303094
13.1107,80.2459,15,chennai,8,2025-04-05,-0.3712045346886634,0.018654016153211984,0.17142221929036477,-1.067803055181011,-0.4658858843492108,0.13630062887632305,-0.45582955882081455,0.19022851566883717,0.1868695933523294,0.3886348133624884,-0.25650244883208234,0.21662980048240532,-0.845918666458028,-0.6581621207711341,-1.011439708879648,-0.22359829545297646
12.6889,79.9728,69,chengalpattu,8,2025-04-05,-0.48855748411322325,-0.1257507036320734,-0.1541817157044686,-1.249880838061216,-0.3712045346886634,-0.4658858843492108,0.13630062887632305,0.018654016153211984,0.19022851566883717,0.1868695933523294,0.17142221929036477,-0.25650244883208234,0.21662980048240532,-1.067803055181011,-0.6581621207711341,-1.011439708879648
13.1107,80.2459,15,chennai,9,2025-04-06,-0.633672729526964,0.12731470514720442,0.30538627712037725,-0.7239665157029359,-0.48855748411322325,-0.3712045346886634,-0.4658858843492108,-0.1257507036320734,0.018654016153211984,0.19022851566883717,-0.1541817157044686,0.17142221929036477,-0.25650244883208234,-1.249880838061216,-1.067803055181011,-0.6581621207711341
12.6889,79.9728,69,chengalpattu,9,2025-04-06,-0.9837651893917572,0.0560333165404586,0.23692395190868407,-0.7809119858981951,-0.633672729526964,-0.48855748411322325,-0.3712045346886634,0.12731470514720442,-0.1257507036320734,0.018654016153211984,0.30538627712037725,-0.1541817157044686,0.17142221929036477,-0.7239665157029359,-1.249880838061216,-1.067803055181011
13.1107,80.2459,15,chennai,10,2025-04-07,-0.4047871595188535,0.47604401747349734,0.7535246901706598,-0.786616594262396,-0.9837651893917572,-0.633672729526964,-0.48855748411322325,0.0560333165404586,0.12731470514720442,-0.1257507036320734,0.23692395190868407,0.30538627712037725,-0.1541817157044686,-0.7809119858981951,-0.7239665157029359,-1.249880838061216
12.6889,79.9728,69,chengalpattu,10,2025-04-07,-0.7266069890079122,0.3305846992820835,0.4058100507370405,-0.6772763367078595,-0.4047871595188535,-0.9837651893917572,-0.633672729526964,0.47604401747349734,0.0560333165404586,0.12731470514720442,0.7535246901706598,0.23692395190868407,0.30538627712037725,-0.786616594262396,-0.7809119858981951,-0.7239665157029359
13.1107,80.2459,15,chennai,11,2025-04-08,-0.5019120199259515,0.548334964107051,0.8234442539071332,-0.31357528185505956,-0.7266069890079122,-0.4047871595188535,-0.9837651893917572,0.3305846992820835,0.47604401747349734,0.0560333165404586,0.4058100507370405,0.7535246901706598,0.23692395190868407,-0.6772763367078595,-0.786616594262396,-0.7809119858981951
12.6889,79.9728,69,chengalpattu,11,2025-04-08,-0.7229826276672447,0.45308006532190936,0.513906761249746,-0.12137801547630903,-0.5019120199259515,-0.7266069890079122,-0.4047871595188535,0.548334964107051,0.3305846992820835,0.47604401747349734,0.8234442539071332,0.4058100507370405,0.7535246901706598,-0.31357528185505956,-0.6772763367078595,-0.786616594262396
13.1107,80.2459,15,chennai,12,2025-04-09,-0.15863704054836117,0.29245735989255844,1.3978355556258482,-0.21056344944121042,-0.7229826276672447,-0.5019120199259515,-0.7266069890079122,0.45308006532190936,0.548334964107051,0.3305846992820835,0.513906761249746,0.8234442539071332,0.4058100507370405,-0.12137801547630903,-0.31357528185505956,-0.6772763367078595
12.6889,79.9728,69,chengalpattu,12,2025-04-09,-0.37237697975155915,0.16708055967435953,1.1223204804308946,0.019288891800075068,-0.15863704054836117,-0.7229826276672447,-0.5019120199259515,0.29245735989255844,0.45308006532190936,0.548334964107051,1.3978355556258482,0.513906761249746,0.8234442539071332,-0.21056344944121042,-0.12137801547630903,-0.31357528185505956
13.1107,80.2459,15,chennai,13,2025-04-10,-0.4600738765598966,0.6927016910948118,0.58918815700529,-0.27126423529949956,-0.37237697975155915,-0.15863704054836117,-0.7229826276672447,0.16708055967435953,0.29245735989255844,0.45308006532190936,1.1223204804308946,1.3978355556258482,0.513906761249746,0.019288891800075068,-0.21056344944121042,-0.12137801547630903
12.6889,79.9728,69,chengalpattu,13,2025-04-10,-0.8380844887145715,0.583156611502085,0.2181900652919961,0.0525117251538672,-0.4600738765598966,-0.37237697975155915,-0.15863704054836117,0.6927016910948118,0.16708055967435953,0.29245735989255844,0.58918815700529,1.1223204804308946,1.3978355556258482,-0.27126423529949956,0.019288891800075068,-0.21056344944121042
13.1107,80.2459,15,chennai,14,2025-04-11,-0.3224537023244454,0.7384118414537564,1.1171507460523806,-0.6958771370028164,-0.8380844887145715,-0.4600738765598966,-0.37237697975155915,0.583156611502085,0.6927016910948118,0.16708055967435953,0.2181900652919961,0.58918815700529,1.1223204804308946,0.0525117251538672,-0.27126423529949956,0.019288891800075068
12.6889,79.9728,69,chengalpattu,14,2025-04-11,-0.8054706258529167,0.5801716741191074,0.8742744468022741,0.048638970384557806,-0.3224537023244454,-0.8380844887145715,-0.4600738765598966,0.7384118414537564,0.583156611502085,0.6927016910948118,1.1171507460523806,0.2181900652919961,0.58918815700529,-0.6958771370028164,0.0525117251538672,-0.27126423529949956
13.1107,80.2459,15,chennai,15,2025-04-12,-0.44179365835313966,0.5143601601882193,1.2885736319162742,-0.2564040248560422,-0.8054706258529167,-0.3224537023244454,-0.8380844887145715,0.5801716741191074,0.7384118414537564,0.583156611502085,0.8742744468022741,1.1171507460523806,0.2181900652919961,0.048638970384557806,-0.6958771370028164,0.0525117251538672
12.6889,79.9728,69,chengalpattu,15,2025-04-12,-0.7667397371175528,0.29304351723498845,0.578756780967552,-0.046818864043186345,-0.44179365835313966,-0.8054706258529167,-0.3224537023244454,0.5143601601882193,0.5801716741191074,0.7384118414537564,1.2885736319162742,0.8742744468022741,1.1171507460523806,-0.2564040248560422,0.048638970384557806,-0.6958771370028164
13.1107,80.2459,15,chennai,16,2025-04-13,-0.36454047728779615,0.4542366701400538,0.9586890776559693,-1.322355427010122,-0.7667397371175528,-0.44179365835313966,-0.8054706258529167,0.29304351723498845,0.5143601601882193,0.5801716741191074,0.578756780967552,1.2885736319162742,0.8742744468022741,-0.046818864043186345,-0.2564040248560422,0.048638970384557806
12.6889,79.9728,69,chengalpattu,16,2025-04-13,-0.814777987025907,0.20165512591406737,0.7200604535556206,-1.0263916818164676,-0.36454047728779615,-0.7667397371175528,-0.44179365835313966,0.4542366701400538,0.29304351723498845,0.5143601601882193,0.9586890776559693,0.578756780967552,1.2885736319162742,-1.322355427010122,-0.046818864043186345,-0.2564040248560422
13.1107,80.2459,15,chennai,17,2025-04-14,-0.18117420902419165,0.4264644700586438,1.0788169197833748,-0.8432339857672512,-0.814777987025907,-0.36454047728779615,-0.7667397371175528,0.20165512591406737,0.4542366701400538,0.29304351723498845,0.7200604535556206,0.9586890776559693,0.578756780967552,-1.0263916818164676,-1.322355427010122,-0.046818864043186345
12.6889,79.9728,69,chengalpattu,17,2025-04-14,-0.6051311415772483,0.1835258600046279,0.5444610282161487,-1.3339421969505971,-0.18117420902419165,-0.814777987025907,-0.36454047728779615,0.4264644700586438,0.20165512591406737,0.4542366701400538,1.0788169197833748,0.7200604535556206,0.9586890776559693,-0.8432339857672512,-1.0263916818164676,-1.322355427010122
13.1107,80.2459,15,chennai,18,2025-04-15,0.22327961353984732,0.5642967623646696,1.0730839918886192,-0.3724235342318625,-0.6051311415772483,-0.18117420902419165,-0.814777987025907,0.1835258600046279,0.4264644700586438,0.20165512591406737,0.5444610282161487,1.0788169197833748,0.7200604535556206,-1.3339421969505971,-0.8432339857672512,-1.0263916818164676
12.6889,79.9728,69,chengalpattu,18,2025-04-15,-0.2902684819593357,0.22745162637755653,0.9390480321559829,-0.7310179128927405,0.22327961353984732,-0.6051311415772483,-0.18117420902419165,0.5642967623646696,0.1835258600046279,0.4264644700586438,1.0730839918886192,0.5444610282161487,1.0788169197833748,-0.3724235342318625,-1.3339421969505971,-0.8432339857672512
13.1107,80.2459,15,chennai,19,2025-04-16,0.6020000321895514,0.46836145965364967,1.4664645493229187,-0.42917026555911836,-0.2902684819593357,0.22327961353984732,-0.6051311415772483,0.22745162637755653,0.5642967623646696,0.1835258600046279,0.9390480321559829,1.0730839918886192,0.5444610282161487,-0.7310179128927405,-0.3724235342318625,-1.3339421969505971
12.6889,79.9728,69,chengalpattu,19,2025-04-16,-0.31317588336579744,0.08133583208009165,0.8816686571930309,-0.7762796075294535,0.6020000321895514,-0.2902684819593357,0.22327961353984732,0.46836145965364967,0.22745162637755653,0.5642967623646696,1.4664645493229187,0.9390480321559829,1.0730839918886192,-0.42917026555911836,-0.7310179128927405,-0.3724235342318625
13.1107,80.2459,15,chennai,20,2025-04-17,0.5105979168651595,0.40916657342357426,1.6280077470245016,-0.6920127827274513,-0.31317588336579744,0.6020000321895514,-0.2902684819593357,0.08133583208009165,0.46836145965364967,0.22745162637755653,0.8816686571930309,1.4664645493229187,0.9390480321559829,-0.7762796075294535,-0.42917026555911836,-0.7310179128927405
12.6889,79.9728,69,chengalpattu,20,2025-04-17,-0.2496038286661354,0.2223424418029511,0.8821192774352226,-0.8678004794499675,0.5105979168651595,-0.31317588336579744,0.6020000321895514,0.40916657342357426,0.08133583208009165,0.46836145965364967,1.6280077470245016,0.8816686571930309,1.4664645493229187,-0.6920127827274513,-0.7762796075294535,-0.42917026555911836
13.1107,80.2459,15,chennai,21,2025-04-18,0.45182524077328917,0.7448538520446266,1.9535123978287425,-0.1677611560642631,-0.2496038286661354,0.5105979168651595,-0.31317588336579744,0.2223424418029511,0.40916657342357426,0.08133583208009165,0.8821192774352226,1.6280077470245016,0.8816686571930309,-0.8678004794499675,-0.6920127827274513,-0.7762796075294535
12.6889,79.9728,69,chengalpattu,21,2025-04-18,-0.04434439330773231,0.5671746166298323,1.1583439153839994,-0.5770450668860779,0.45182524077328917,-0.2496038286661354,0.5105979168651595,0.7448538520446266,0.2223424418029511,0.40916657342357426,1.9535123978287425,0.8821192774352226,1.6280077470245016,-0.1677611560642631,-0.8678004794499675,-0.6920127827274513
13.1107,80.2459,15,chennai,22,2025-04-19,0.16536252638083107,1.1333682488307517,1.5121688184828623,-0.10523915407974631,-0.04434439330773231,0.45182524077328917,-0.2496038286661354,0.5671746166298323,0.7448538520446266,0.2223424418029511,1.1583439153839994,1.9535123978287425,0.8821192774352226,-0.5770450668860779,-0.1677611560642631,-0.8678004794499675
12.6889,79.9728,69,chengalpattu,22,2025-04-19,-0.16782935195534146,0.7377258688249522,1.189833489939837,-0.47007286883236393,0.16536252638083107,-0.04434439330773231,0.45182524077328917,1.1333682488307517,0.5671746166298323,0.7448538520446266,1.5121688184828623,1.1583439153839994,1.9535123978287425,-0.10523915407974631,-0.5770450668860779,-0.1677611560642631
13.1107,80.2459,15,chennai,23,2025-04-20,0.4643730724776782,1.0201192629051858,2.1038280090487045,-0.20769457911246833,-0.16782935195534146,0.16536252638083107,-0.04434439330773231,0.7377258688249522,1.1333682488307517,0.5671746166298323,1.189833489939837,1.5121688184828623,1.1583439153839994,-0.47007286883236393,-0.10523915407974631,-0.5770450668860779
12.6889,79.9728,69,chengalpattu,23,2025-04-20,-0.09270707079499908,0.6217422100227674,1.5349254140159192,-0.5610798087256312,0.4643730724776782,-0.16782935195534146,0.16536252638083107,1.0201192629051858,0.7377258688249522,1.1333682488307517,2.1038280090487045,1.189833489939837,1.5121688184828623,-0.20769457911246833,-0.47007286883236393,-0.10523915407974631
13.1107,80.2459,15,chennai,24,2025-04-21,0.4824761566833096,0.8003692390133194,1.9674436938641398,-0.635009567147102,-0.09270707079499908,0.4643730724776782,-0.16782935195534146,0.6217422100227674,1.0201192629051858,0.7377258688249522,1.5349254140159192,2.1038280090487045,1.189833489939837,-0.5610798087256312,-0.20769457911246833,-0.47007286883236393
12.6889,79.9728,69,chengalpattu,24,2025-04-21,-0.20362512019170925,0.4642629584143777,1.3517905935524988,-0.8714634161898985,0.4824761566833096,-0.09270707079499908,0.4643730724776782,0.8003692390133194,0.6217422100227674,1.0201192629051858,1.9674436938641398,1.5349254140159192,2.1038280090487045,-0.635009567147102,-0.5610798087256312,-0.20769457911246833
13.1107,80.2459,15,chennai,25,2025-04-22,0.17757255075507475,0.6763131905307463,1.7773476723148889,-0.28954410089455634,-0.20362512019170925,0.4824761566833096,-0.09270707079499908,0.4642629584143777,0.8003692390133194,0.6217422100227674,1.3517905935524988,1.9674436938641398,1.5349254140159192,-0.8714634161898985,-0.635009567147102,-0.5610798087256312
12.6889,79.9728,69,chengalpattu,25,2025-04-22,-0.38823757917769514,0.37089170877676453,1.0619207455112936,-0.6560243968952186,0.17757255075507475,-0.20362512019170925,0.4824761566833096,0.6763131905307463,0.4642629584143777,0.8003692390133194,1.7773476723148889,1.3517905935524988,1.9674436938641398,-0.28954410089455634,-0.8714634161898985,-0.635009567147102
13.1107,80.2459,15,chennai,26,2025-04-23,0.3341165248541155,0.6783323540417862,2.1196225282686227,-0.11250023133206989,-0.38823757917769514,0.17757255075507475,-0.20362512019170925,0.37089170877676453,0.6763131905307463,0.4642629584143777,1.0619207455112936,1.7773476723148889,1.3517905935524988,-0.6560243968952186,-0.28954410089455634,-0.8714634161898985
12.6889,79.9728,69,chengalpattu,26,2025-04-23,-0.19720986957210004,0.3384419177923388,1.4822050895474856,-0.4465841769031604,0.3341165248541155,-0.38823757917769514,0.17757255075507475,0.6783323540417862,0.37089170877676453,0.6763131905307463,2.1196225282686227,1.0619207455112936,1.7773476723148889,-0.11250023133206989,-0.6560243968952186,-0.28954410089455634
13.1107,80.2459,15,chennai,27,2025-04-24,0.3627821490165422,0.9754112470989633,1.9458701287535676,-0.18774504705672707,-0.19720986957210004,0.3341165248541155,-0.38823757917769514,0.3384419177923388,0.6783323540417862,0.37089170877676453,1.4822050895474856,2.1196225282686227,1.0619207455112936,-0.4465841769031604,-0.11250023133206989,-0.6560243968952186
12.6889,79.9728,69,chengalpattu,27,2025-04-24,-0.17155442158468287,0.5876990061323382,1.4414595406292177,-0.5185483807349872,0.3627821490165422,-0.19720986957210004,0.3341165248541155,0.9754112470989633,0.3384419177923388,0.6783323540417862,1.9458701287535676,1.4822050895474856,2.1196225282686227,-0.18774504705672707,-0.4465841769031604,-0.11250023133206989
13.1107,80.2459,15,chennai,28,2025-04-25,0.8298621446943254,0.863567127218233,2.199316009131206,-0.4913388579913235,-0.17155442158468287,0.3627821490165422,-0.19720986957210004,0.5876990061323382,0.9754112470989633,0.3384419177923388,1.4414595406292177,1.9458701287535676,1.4822050895474856,-0.5185483807349872,-0.18774504705672707,-0.4465841769031604
12.6889,79.9728,69,chengalpattu,28,2025-04-25,0.15744996936237746,0.5091796870613222,1.563057463007774,-0.9181180176440265,0.8298621446943254,-0.17155442158468287,0.3627821490165422,0.863567127218233,0.5876990061323382,0.9754112470989633,2.199316009131206,1.4414595406292177,1.9458701287535676,-0.4913388579913235,-0.5185483807349872,-0.18774504705672707
13.1107,80.2459,15,chennai,29,2025-04-26,0.6782731513907417,0.9897681392095186,1.9863795627500165,-0.20890078292586034,0.15744996936237746,0.8298621446943254,-0.17155442158468287,0.5091796870613222,0.863567127218233,0.5876990061323382,1.563057463007774,2.199316009131206,1.4414595406292177,-0.9181180176440265,-0.4913388579913235,-0.5185483807349872
12.6889,79.9728,69,chengalpattu,29,2025-04-26,0.10370644251786502,0.7207228510928038,1.2397515031872814,-0.40633373572174464,0.6782731513907417,0.15744996936237746,0.8298621446943254,0.9897681392095186,0.5091796870613222,0.863567127218233,1.9863795627500165,1.563057463007774,2.199316009131206,-0.20890078292586034,-0.9181180176440265,-0.4913388579913235
13.1107,80.2459,15,chennai,30,2025-04-27,-0.16540749413448863,1.0841384075082086,0.8147526882796451,-0.19425374243735186,0.10370644251786502,0.6782731513907417,0.15744996936237746,0.7207228510928038,0.9897681392095186,0.5091796870613222,1.2397515031872814,1.9863795627500165,1.563057463007774,-0.40633373572174464,-0.20890078292586034,-0.9181180176440265
12.6889,79.9728,69,chengalpattu,30,2025-04-27,-0.2908954397065519,0.6038434488228859,0.20724193769517285,-0.8645999957035992,-0.16540749413448863,0.10370644251786502,0.6782731513907417,1.0841384075082086,0.7207228510928038,0.9897681392095186,0.8147526882796451,1.2397515031872814,1.9863795627500165,-0.19425374243735186,-0.40633373572174464,-0.20890078292586034
13.1107,80.2459,15,chennai,31,2025-04-28,-0.0488790072281551,0.8784479171885763,0.8743317325554817,-0.04342417458770489,-0.2908954397065519,-0.16540749413448863,0.10370644251786502,0.6038434488228859,1.0841384075082086,0.7207228510928038,0.20724193769517285,0.8147526882796451,1.2397515031872814,-0.8645999957035992,-0.19425374243735186,-0.40633373572174464
12.6889,79.9728,69,chengalpattu,31,2025-04-28,-0.16700126098824467,0.5093180308123907,0.40290705560644535,-0.9647493916936767,-0.0488790072281551,-0.2908954397065519,-0.16540749413448863,0.8784479171885763,0.6038434488228859,1.0841384075082086,0.8743317325554817,0.20724193769517285,0.8147526882796451,-0.04342417458770489,-0.8645999957035992,-0.19425374243735186
13.1107,80.2459,15,chennai,32,2025-04-29,0.39492316181760934,0.70691130153517,1.621594598773235,-0.41924307011470724,-0.16700126098824467,-0.0488790072281551,-0.2908954397065519,0.5093180308123907,0.8784479171885763,0.6038434488228859,0.40290705560644535,0.8743317325554817,0.20724193769517285,-0.9647493916936767,-0.04342417458770489,-0.8645999957035992
12.6889,79.9728,69,chengalpattu,32,2025-04-29,-0.2626417068857515,0.29023787585297633,1.0413660438266248,-0.8050660058351754,0.39492316181760934,-0.16700126098824467,-0.0488790072281551,0.70691130153517,0.5093180308123907,0.8784479171885763,1.621594598773235,0.40290705560644535,0.8743317325554817,-0.41924307011470724,-0.9647493916936767,-0.04342417458770489
13.1107,80.2459,15,chennai,33,2025-04-30,0.1119047765694463,1.0892319157653334,1.590013297790132,-0.08505329802866063,-0.2626417068857515,0.39492316181760934,-0.16700126098824467,0.29023787585297633,0.70691130153517,0.5093180308123907,1.0413660438266248,1.621594598773235,0.40290705560644535,-0.8050660058351754,-0.41924307011470724,-0.9647493916936767
12.6889,79.9728,69,chengalpattu,33,2025-04-30,-0.4714548108107566,0.81891556501612,0.9714156579378083,-0.4536810636240498,0.1119047765694463,-0.2626417068857515,0.39492316181760934,1.0892319157653334,0.29023787585297633,0.70691130153517,1.590013297790132,1.0413660438266248,1.621594598773235,-0.08505329802866063,-0.8050660058351754,-0.41924307011470724
13.1107,80.2459,15,chennai,34,2025-05-01,0.0395302166621488,1.3125035192081702,1.150340559324611,-0.021256208731418206,-0.4714548108107566,0.1119047765694463,-0.2626417068857515,0.81891556501612,1.0892319157653334,0.29023787585297633,0.9714156579378083,1.590013297790132,1.0413660438266248,-0.4536810636240498,-0.08505329802866063,-0.8050660058351754
12.6889,79.9728,69,chengalpattu,34,2025-05-01,-0.4781145397462567,1.2302914855315297,0.4963023057962976,-0.026292876772192154,0.0395302166621488,-0.4714548108107566,0.1119047765694463,1.3125035192081702,0.81891556501612,1.0892319157653334,1.150340559324611,0.9714156579378083,1.590013297790132,-0.021256208731418206,-0.4536810636240498,-0.08505329802866063
13.1107,80.2459,15,chennai,35,2025-05-02,0.2309150435097948,1.3622126535438623,1.1328908689596755,-0.13423014343533676,-0.4781145397462567,0.0395302166621488,-0.4714548108107566,1.2302914855315297,1.3125035192081702,0.81891556501612,0.4963023057962976,1.150340559324611,0.9714156579378083,-0.026292876772192154,-0.021256208731418206,-0.4536810636240498
12.6889,79.9728,69,chengalpattu,35,2025-05-02,-0.2184140898800738,1.0940067142588927,0.6838253174983291,-0.6301750455911821,0.2309150435097948,-0.4781145397462567,0.0395302166621488,1.3622126535438623,1.2302914855315297,1.3125035192081702,1.1328908689596755,0.4963023057962976,1.150340559324611,-0.13423014343533676,-0.026292876772192154,-0.021256208731418206
13.1107,80.2459,15,chennai,36,2025-05-03,0.33570016834483163,1.245959139332954,1.7256761507216014,-0.02255771726602989,-0.2184140898800738,0.2309150435097948,-0.4781145397462567,1.0940067142588927,1.3622126535438623,1.2302914855315297,0.6838253174983291,1.1328908689596755,0.4963023057962976,-0.6301750455911821,-0.13423014343533676,-0.026292876772192154
12.6889,79.9728,69,chengalpattu,36,2025-05-03,-0.1050267151175112,0.8680257095254873,1.4239345014325715,-0.279172155541724,0.33570016834483163,-0.2184140898800738,0.2309150435097948,1.245959139332954,1.0940067142588927,1.3622126535438623,1.7256761507216014,0.6838253174983291,1.1328908689596755,-0.02255771726602989,-0.6301750455911821,-0.13423014343533676
13.1107,80.2459,15,chennai,37,2025-05-04,0.32936809805230904,1.0086006580764377,1.727509692538231,-0.42850288289052857,-0.1050267151175112,0.33570016834483163,-0.2184140898800738,0.8680257095254873,1.245959139332954,1.0940067142588927,1.4239345014325715,1.7256761507216014,0.6838253174983291,-0.279172155541724,-0.02255771726602989,-0.6301750455911821
12.6889,79.9728,69,chengalpattu,37,2025-05-04,-0.273541801931154,0.6728583743605073,1.3134488812298815,-0.6191274106423986,0.32936809805230904,-0.1050267151175112,0.33570016834483163,1.0086006580764377,0.8680257095254873,1.245959139332954,1.727509692538231,1.4239345014325715,1.7256761507216014,-0.42850288289052857,-0.279172155541724,-0.02255771726602989
13.1107,80.2459,15,chennai,38,2025-05-05,-0.2770587988254507,1.0533617508729192,0.815979848346143,-0.03202738183088829,-0.273541801931154,0.32936809805230904,-0.1050267151175112,0.6728583743605073,1.0086006580764377,0.8680257095254873,1.3134488812298815,1.727509692538231,1.4239345014325715,-0.6191274106423986,-0.42850288289052857,-0.279172155541724
12.6889,79.9728,69,chengalpattu,38,2025-05-05,-0.5722449105158682,0.9214045539389365,0.5227000310141761,-0.07047840221486526,-0.2770587988254507,-0.273541801931154,0.32936809805230904,1.0533617508729192,0.6728583743605073,1.0086006580764377,0.815979848346143,1.3134488812298815,1.727509692538231,-0.03202738183088829,-0.6191274106423986,-0.42850288289052857
13.1107,80.2459,15,chennai,39,2025-05-06,-0.029728990180317025,1.1672106676657585,1.179265875838876,-0.5033301871554742,-0.5722449105158682,-0.2770587988254507,-0.273541801931154,0.9214045539389365,1.0533617508729192,0.6728583743605073,0.5227000310141761,0.815979848346143,1.3134488812298815,-0.07047840221486526,-0.03202738183088829,-0.6191274106423986
12.6889,79.9728,69,chengalpattu,39,2025-05-06,-0.49546540355599994,1.0560525184633383,0.572202137060697,-0.7601925772960487,-0.029728990180317025,-0.5722449105158682,-0.2770587988254507,1.1672106676657585,0.9214045539389365,1.0533617508729192,1.179265875838876,0.5227000310141761,0.815979848346143,-0.5033301871554742,-0.07047840221486526,-0.03202738183088829
13.1107,80.2459,15,chennai,40,2025-05-07,-0.25983341642277974,1.002260936036717,1.020132295064143,-0.33879649172762827,-0.49546540355599994,-0.029728990180317025,-0.5722449105158682,1.0560525184633383,1.1672106676657585,0.9214045539389365,0.572202137060697,1.179265875838876,0.5227000310141761,-0.7601925772960487,-0.5033301871554742,-0.07047840221486526
12.6889,79.9728,69,chengalpattu,40,2025-05-07,-0.609434607194122,0.6805611505684303,0.7222149351931315,-0.7404340455969666,-0.25983341642277974,-0.49546540355599994,-0.029728990180317025,1.002260936036717,1.0560525184633383,1.1672106676657585,1.020132295064143,0.572202137060697,1.179265875838876,-0.33879649172762827,-0.7601925772960487,-0.5033301871554742
13.1107,80.2459,15,chennai,41,2025-05-08,-0.03051420850367584,0.8576721292154237,0.7836990432880117,-0.8626408185147467,-0.609434607194122,-0.25983341642277974,-0.49546540355599994,0.6805611505684303,1.002260936036717,1.0560525184633383,0.7222149351931315,1.020132295064143,0.572202137060697,-0.7404340455969666,-0.33879649172762827,-0.7601925772960487
12.6889,79.9728,69,chengalpattu,41,2025-05-08,-0.3318809099290327,0.4564101503511364,0.5636325709338921,-1.0910032917965895,-0.03051420850367584,-0.609434607194122,-0.25983341642277974,0.8576721292154237,0.6805611505684303,1.002260936036717,0.7836990432880117,0.7222149351931315,1.020132295064143,-0.8626408185147467,-0.7404340455969666,-0.33879649172762827
13.1107,80.2459,15,chennai,42,2025-05-09,-0.6046008500475911,0.436439878928108,0.8912813832146383,-0.7074462197412336,-0.3318809099290327,-0.03051420850367584,-0.609434607194122,0.4564101503511364,0.8576721292154237,0.6805611505684303,0.5636325709338921,0.7836990432880117,0.7222149351931315,-1.0910032917965895,-0.8626408185147467,-0.7404340455969666
12.6889,79.9728,69,chengalpattu,42,2025-05-09,-0.9565228893387353,0.17359340301542997,0.6791199062412183,-0.7678372350502038,-0.6046008500475911,-0.3318809099290327,-0.03051420850367584,0.436439878928108,0.4564101503511364,0.8576721292154237,0.8912813832146383,0.5636325709338921,0.7836990432880117,-0.7074462197412336,-1.0910032917965895,-0.8626408185147467
13.1107,80.2459,15,chennai,43,2025-05-10,0.098181934151005415,1.0233906277219305,1.4190407378008103,-0.4154410812026249,-0.9565228893387353,-0.6046008500475911,-0.3318809099290327,0.17359340301542997,0.436439878928108,0.4564101503511364,0.6791199062412183,0.8912813832146383,0.5636325709338921,-0.7678372350502038,-0.7074462197412336,-1.0910032917965895
12.6889,79.9728,69,chengalpattu,43,2025-05-10,-0.3128399640435534,0.6345807081925969,1.0161985266342901,-0.4030114433811709,0.098181934151005415,-0.9565228893387353,-0.6046008500475911,1.0233906277219305,0.17359340301542997,0.436439878928108,1.4190407378008103,0.6791199062412183,0.8912813832146383,-0.4154410812026249,-0.7678372350502038,-0.7074462197412336
13.1107,80.2459,15,chennai,44,2025-05-11,-0.17082542424505837,0.980535809064875,1.2819999742744905,-0.8500137073557078,-0.3128399640435534,0.098181934151005415,-0.9565228893387353,0.6345807081925969,1.0233906277219305,0.17359340301542997,1.0161985266342901,1.4190407378008103,0.6791199062412183,-0.4030114433811709,-0.4154410812026249,-0.7678372350502038
12.6889,79.9728,69,chengalpattu,44,2025-05-11,-0.46478533133861893,0.6289377837522584,1.0633580395564013,-0.958268498681113,-0.17082542424505837,-0.3128399640435534,0.098181934151005415,0.980535809064875,0.6345807081925969,1.0233906277219305,1.2819999742744905,1.0161985266342901,1.4190407378008103,-0.8500137073557078,-0.4030114433811709,-0.4154410812026249
13.1107,80.2459,15,chennai,45,2025-05-12,-0.39210045986400927,0.9600328451319811,1.3174921495488916,-0.6134878835987291,-0.46478533133861893,-0.17082542424505837,-0.3128399640435534,0.6289377837522584,0.980535809064875,0.6345807081925969,1.0633580395564013,1.2819999742744905,1.0161985266342901,-0.958268498681113,-0.8500137073557078,-0.4030114433811709
12.6889,79.9728,69,chengalpattu,45,2025-05-12,-0.528693550409785,0.8041617314789096,1.2540235809231879,-0.29863309041578845,-0.39210045986400927,-0.46478533133861893,-0.17082542424505837,0.9600328451319811,0.6289377837522584,0.980535809064875,1.3174921495488916,1.0633580395564013,1.2819999742744905,-0.6134878835987291,-0.958268498681113,-0.8500137073557078
13.1107,80.2459,15,chennai,46,2025-05-13,-0.6590808154481156,1.2724902799521014,0.898477278420538,-0.20847058581149347,-0.528693550409785,-0.39210045986400927,-0.46478533133861893,0.8041617314789096,0.9600328451319811,0.6289377837522584,1.2540235809231879,1.3174921495488916,1.0633580395564013,-0.29863309041578845,-0.6134878835987291,-0.958268498681113
12.6889,79.9728,69,chengalpattu,46,2025-05-13,-0.8779997059971824,1.098543130585222,0.6198361982186352,-0.002808709901279727,-0.6590808154481156,-0.528693550409785,-0.39210045986400927,1.2724902799521014,0.8041617314789096,0.9600328451319811,0.898477278420538,1.2540235809231879,1.3174921495488916,-0.20847058581149347,-0.29863309041578845,-0.6134878835987291
13.1107,80.2459,15,chennai,47,2025-05-14,-0.46751688850070205,1.2368253697336868,0.9320379055647873,-0.9350462623161309,-0.8779997059971824,-0.6590808154481156,-0.528693550409785,1.098543130585222,1.2724902799521014,0.8041617314789096,0.6198361982186352,0.898477278420538,1.2540235809231879,-0.002808709901279727,-0.20847058581149347,-0.29863309041578845
12.6889,79.9728,69,chengalpattu,47,2025-05-14,-0.9556658092046274,1.1804761380920965,0.039519990992675134,-1.202310066801023,-0.46751688850070205,-0.8779997059971824,-0.6590808154481156,1.2368253697336868,1.098543130585222,1.2724902799521014,0.9320379055647873,0.6198361982186352,0.898477278420538,-0.9350462623161309,-0.002808709901279727,-0.20847058581149347
13.1107,80.2459,15,chennai,48,2025-05-15,-0.3769331961436118,1.1399457772179922,1.0773126830654087,-0.798209829969278,-0.9556658092046274,-0.46751688850070205,-0.8779997059971824,1.1804761380920965,1.2368253697336868,1.098543130585222,0.039519990992675134,0.9320379055647873,0.6198361982186352,-1.202310066801023,-0.9350462623161309,-0.002808709901279727
12.6889,79.9728,69,chengalpattu,48,2025-05-15,-1.083176959894814,0.811888703801661,0.30304751958246773,-1.0348384989847816,-0.3769331961436118,-0.9556658092046274,-0.46751688850070205,1.1399457772179922,1.1804761380920965,1.2368253697336868,1.0773126830654087,0.039519990992675134,0.9320379055647873,-0.798209829969278,-1.202310066801023,-0.9350462623161309
13.1107,80.2459,15,chennai,49,2025-05-16,-0.026224200462244218,1.3096500771176203,0.6582048060178314,-1.1930058253864693,-1.083176959894814,-0.3769331961436118,-0.9556658092046274,0.811888703801661,1.1399457772179922,1.1804761380920965,0.30304751958246773,1.0773126830654087,0.039519990992675134,-1.0348384989847816,-0.798209829969278,-1.202310066801023
12.6889,79.9728,69,chengalpattu,49,2025-05-16,0.529447869957298,0.964097818620204,0.5207644218590852,-2.075285879198799,-0.026224200462244218,-1.083176959894814,-0.3769331961436118,1.3096500771176203,0.811888703801661,1.1399457772179922,0.6582048060178314,0.30304751958246773,1.0773126830654087,-1.1930058253864693,-1.0348384989847816,-0.798209829969278
13.1107,80.2459,15,chennai,50,2025-05-17,-0.47824831791663175,1.0625412801922476,-1.7426274817091902,-0.035565755715966194,0.529447869957298,-0.026224200462244218,-1.083176959894814,0.964097818620204,1.3096500771176203,0.811888703801661,0.5207644218590852,0.6582048060178314,0.30304751958246773,-2.075285879198799,-1.1930058253864693,-1.0348384989847816
12.6889,79.9728,69,chengalpattu,50,2025-05-17,-0.5574386069909649,0.9434158567929856,-1.6380260711494685,0.24669606183780168,-0.47824831791663175,0.529447869957298,-0.026224200462244218,1.0625412801922476,0.964097818620204,1.3096500771176203,-1.7426274817091902,0.5207644218590852,0.6582048060178314,-0.035565755715966194,-2.075285879198799,-1.1930058253864693
13.1107,80.2459,15,chennai,51,2025-05-18,0.1064447495206733,1.0078201124168937,-0.08766886654441844,-0.6819042851346122,-0.5574386069909649,-0.47824831791663175,0.529447869957298,0.9434158567929856,1.0625412801922476,0.964097818620204,-1.6380260711494685,-1.7426274817091902,0.5207644218590852,0.24669606183780168,-0.035565755715966194,-2.075285879198799
12.6889,79.9728,69,chengalpattu,51,2025-05-18,0.518089860247587,0.7805788400746677,-0.3245342624246481,-1.2016387560685196,0.1064447495206733,-0.5574386069909649,-0.47824831791663175,1.0078201124168937,0.9434158567929856,1.0625412801922476,-0.08766886654441844,-1.6380260711494685,-1.7426274817091902,-0.6819042851346122,0.24669606183780168,-0.035565755715966194
13.1107,80.2459,15,chennai,52,2025-05-19,0.828404527531551,0.64447262613129,-1.5653768327937243,-2.4995780088633923,0.518089860247587,0.1064447495206733,-0.5574386069909649,0.7805788400746677,1.0078201124168937,0.9434158567929856,-0.3245342624246481,-0.08766886654441844,-1.6380260711494685,-1.2016387560685196,-0.6819042851346122,0.24669606183780168
12.6889,79.9728,69,chengalpattu,52,2025-05-19,0.04058579410104574,0.5902382608852154,-1.5130756721443301,-1.4947537725476552,0.828404527531551,0.518089860247587,0.1064447495206733,0.64447262613129,0.7805788400746677,1.0078201124168937,-1.5653768327937243,-0.3245342624246481,-0.08766886654441844,-2.4995780088633923,-1.2016387560685196,-0.6819042851346122
13.1107,80.2459,15,chennai,53,2025-05-20,-0.3316069356104257,0.8821383661705611,-2.451310619260111,-1.2719328066686375,0.04058579410104574,0.828404527531551,0.518089860247587,0.5902382608852154,0.64447262613129,0.7805788400746677,-1.5130756721443301,-1.5653768327937243,-0.3245342624246481,-1.4947537725476552,-2.4995780088633923,-1.2016387560685196
12.6889,79.9728,69,chengalpattu,53,2025-05-20,-0.02207038877840353,0.7767529974109617,-2.048227975929491,-1.8239722648429004,-0.3316069356104257,0.04058579410104574,0.828404527531551,0.8821383661705611,0.5902382608852154,0.64447262613129,-2.451310619260111,-1.5130756721443301,-1.5653768327937243,-1.2719328066686375,-1.4947537725476552,-2.4995780088633923
13.1107,80.2459,15,chennai,54,2025-05-21,-1.0677377939374308,1.0088970790723482,-1.1223075248989696,-0.8835638447638632,-0.02207038877840353,-0.3316069356104257,0.04058579410104574,0.7767529974109617,0.8821383661705611,0.5902382608852154,-2.048227975929491,-2.451310619260111,-1.5130756721443301,-1.8239722648429004,-1.2719328066686375,-1.4947537725476552
12.6889,79.9728,69,chengalpattu,54,2025-05-21,-0.9528623132016171,0.9310256552394938,-0.9169784644604831,-0.40847663852739124,-1.0677377939374308,-0.02207038877840353,-0.3316069356104257,1.0088970790723482,0.7767529974109617,0.8821383661705611,-1.1223075248989696,-2.048227975929491,-2.451310619260111,-0.8835638447638632,-1.8239722648429004,-1.2719328066686375
13.1107,80.2459,15,chennai,55,2025-05-22,-0.7334805560137374,1.1151327095727814,-0.5582664994287315,0.4690030449037608,-0.9528623132016171,-1.0677377939374308,-0.02207038877840353,0.9310256552394938,1.0088970790723482,0.7767529974109617,-0.9169784644604831,-1.1223075248989696,-2.048227975929491,-0.40847663852739124,-0.8835638447638632,-1.8239722648429004
12.6889,79.9728,69,chengalpattu,55,2025-05-22,-1.048883763128867,1.0045714168811792,-0.6188476169617738,0.5968024674991985,-0.7334805560137374,-0.9528623132016171,-1.0677377939374308,1.1151327095727814,0.9310256552394938,1.0088970790723482,-0.5582664994287315,-0.9169784644604831,-1.1223075248989696,0.4690030449037608,-0.40847663852739124,-0.8835638447638632
13.1107,80.2459,15,chennai,56,2025-05-23,0.49019969262031915,1.217365321477301,1.210789993634741,-0.47264860547418375,-1.048883763128867,-0.7334805560137374,-0.9528623132016171,1.0045714168811792,1.1151327095727814,0.9310256552394938,-0.6188476169617738,-0.5582664994287315,-0.9169784644604831,0.5968024674991985,0.4690030449037608,-0.40847663852739124
12.6889,79.9728,69,chengalpattu,56,2025-05-23,-0.2909642169282742,1.0246721386054038,0.9369433613862846,-0.21253837562021521,0.49019969262031915,-1.048883763128867,-0.7334805560137374,1.217365321477301,1.0045714168811792,1.1151327095727814,1.210789993634741,-0.6188476169617738,-0.5582664994287315,-0.47264860547418375,0.5968024674991985,0.4690030449037608
13.1107,80.2459,15,chennai,57,2025-05-24,-0.4956455461053072,1.5896109202216677,-0.506954397991266,0.5404138079447017,-0.2909642169282742,0.49019969262031915,-1.048883763128867,1.0246721386054038,1.217365321477301,1.0045714168811792,0.9369433613862846,1.210789993634741,-0.6188476169617738,-0.21253837562021521,-0.47264860547418375,0.5968024674991985
12.6889,79.9728,69,chengalpattu,57,2025-05-24,-0.5033727134278445,1.3173891976884073,-1.1021199017497179,0.9304989061341039,-0.4956455461053072,-0.2909642169282742,0.49019969262031915,1.5896109202216677,1.0246721386054038,1.217365321477301,-0.506954397991266,0.9369433613862846,1.210789993634741,0.5404138079447017,-0.21253837562021521,-0.47264860547418375
13.1107,80.2459,15,chennai,58,2025-05-25,-0.5440153266095517,1.5112820152422834,0.19340916864099278,0.8008334004028946,-0.5033727134278445,-0.4956455461053072,-0.2909642169282742,1.3173891976884073,1.5896109202216677,1.0246721386054038,-1.1021199017497179,-0.506954397991266,0.9369433613862846,0.9304989061341039,0.5404138079447017,-0.21253837562021521
12.6889,79.9728,69,chengalpattu,58,2025-05-25,0.016607068141468614,1.351119409949088,-0.2989901843210402,1.0563270928378192,-0.5440153266095517,-0.5033727134278445,-0.4956455461053072,1.5112820152422834,1.3173891976884073,1.5896109202216677,0.19340916864099278,-1.1021199017497179,-0.506954397991266,0.8008334004028946,0.9304989061341039,0.5404138079447017
13.1107,80.2459,15,chennai,59,2025-05-26,0.1575042976070306,1.5889945436231534,-0.8840042385951598,1.6593428916526853,0.016607068141468614,-0.5440153266095517,-0.5033727134278445,1.351119409949088,1.5112820152422834,1.3173891976884073,-0.2989901843210402,0.19340916864099278,-1.1021199017497179,1.0563270928378192,0.8008334004028946,0.9304989061341039
12.6889,79.9728,69,chengalpattu,59,2025-05-26,0.1527032041903391,1.4232319424257969,-1.7121439798075913,1.7708815932500839,0.1575042976070306,0.016607068141468614,-0.5440153266095517,1.5889945436231534,1.351119409949088,1.5112820152422834,-0.8840042385951598,-0.2989901843210402,0.19340916864099278,1.6593428916526853,1.0563270928378192,0.8008334004028946
13.1107,80.2459,15,chennai,60,2025-05-27,-0.014597494686716578,1.7242225980232113,-0.0555914802650544,2.134299935791875,0.1527032041903391,0.1575042976070306,0.016607068141468614,1.4232319424257969,1.5889945436231534,1.351119409949088,-1.7121439798075913,-0.8840042385951598,-0.2989901843210402,1.7708815932500839,1.6593428916526853,1.0563270928378192
12.6889,79.9728,69,chengalpattu,60,2025-05-27,-0.13002360238084448,1.3434389101178736,-0.5157899874021292,1.4886238047277867,-0.014597494686716578,0.1527032041903391,0.1575042976070306,1.7242225980232113,1.4232319424257969,1.5889945436231534,-0.0555914802650544,-1.7121439798075913,-0.8840042385951598,2.134299935791875,1.7708815932500839,1.6593428916526853
13.1107,80.2459,15,chennai,61,2025-05-28,0.4661597297758169,1.6964570483336556,0.5727492961576431,1.5966914764621185,-0.13002360238084448,-0.014597494686716578,0.1527032041903391,1.3434389101178736,1.7242225980232113,1.4232319424257969,-0.5157899874021292,-0.0555914802650544,-1.7121439798075913,1.4886238047277867,2.134299935791875,1.7708815932500839
12.6889,79.9728,69,chengalpattu,61,2025-05-28,0.2729100558985996,1.495815505797149,0.167057465371593,1.6403789275813525,0.4661597297758169,-0.13002360238084448,-0.014597494686716578,1.6964570483336556,1.3434389101178736,1.7242225980232113,0.5727492961576431,-0.5157899874021292,-0.0555914802650544,1.5966914764621185,1.4886238047277867,2.134299935791875
13.1107,80.2459,15,chennai,62,2025-05-29,0.35385998532801455,1.936538715786006,0.7654808949378159,2.0583660772996337,0.2729100558985996,0.4661597297758169,-0.13002360238084448,1.495815505797149,1.6964570483336556,1.3434389101178736,0.167057465371593,0.5727492961576431,-0.5157899874021292,1.6403789275813525,1.5966914764621185,1.4886238047277867
12.6889,79.9728,69,chengalpattu,62,2025-05-29,0.1344316521087777,1.5868205941619915,0.32834098513510585,1.6381555626774233,0.35385998532801455,0.2729100558985996,0.4661597297758169,1.936538715786006,1.495815505797149,1.6964570483336556,0.7654808949378159,0.167057465371593,0.5727492961576431,2.0583660772996337,1.6403789275813525,1.5966914764621185
13.1107,80.2459,15,chennai,63,2025-05-30,0.21524653205069125,1.377310972038609,-0.6177817378574795,0.4807373822164163,0.1344316521087777,0.35385998532801455,0.2729100558985996,1.5868205941619915,1.936538715786006,1.495815505797149,0.32834098513510585,0.7654808949378159,0.167057465371593,1.6381555626774233,2.0583660772996337,1.6403789275813525
12.6889,79.9728,69,chengalpattu,63,2025-05-30,-0.05405695200185557,1.215517139255451,-0.4583950511961943,0.493299410302526,0.21524653205069125,0.1344316521087777,0.35385998532801455,1.377310972038609,1.5868205941619915,1.936538715786006,-0.6177817378574795,0.32834098513510585,0.7654808949378159,0.4807373822164163,1.6381555626774233,2.0583660772996337
13.1107,80.2459,15,chennai,64,2025-05-31,-0.6554892823321234,1.3459908635238074,-0.07192497438149521,-0.13302080217419288,-0.05405695200185557,0.21524653205069125,0.1344316521087777,1.215517139255451,1.377310972038609,1.5868205941619915,-0.4583950511961943,-0.6177817378574795,0.32834098513510585,0.493299410302526,0.4807373822164163,1.6381555626774233
12.6889,79.9728,69,chengalpattu,64,2025-05-31,-1.0654006000341876,1.1363846589445137,0.20702229209573755,0.4488072082266674,-0.6554892823321234,-0.05405695200185557,0.21524653205069125,1.3459908635238074,1.215517139255451,1.377310972038609,-0.07192497438149521,-0.4583950511961943,-0.6177817378574795,-0.13302080217419288,0.493299410302526,0.4807373822164163
13.1107,80.2459,15,chennai,65,2025-06-01,-0.5183059608247292,1.367984974489079,0.6583684062061239,0.04969017287483746,-1.0654006000341876,-0.6554892823321234,-0.05405695200185557,1.1363846589445137,1.3459908635238074,1.215517139255451,0.20702229209573755,-0.07192497438149521,-0.4583950511961943,0.4488072082266674,-0.13302080217419288,0.493299410302526
12.6889,79.9728,69,chengalpattu,65,2025-06-01,-1.0357330373594755,1.094096577405291,0.7059098601645821,0.5343679512207227,-0.5183059608247292,-1.0654006000341876,-0.6554892823321234,1.367984974489079,1.1363846589445137,1.3459908635238074,0.6583684062061239,0.20702229209573755,-0.07192497438149521,0.04969017287483746,0.4488072082266674,-0.13302080217419288
